date,close,actual lb,predicted lb,actual ub,predicted ub,actual ub close diff,predicted ub close diff,actual lb close diff,predicted lb close diff,predicted lb ub diff,predicted lb %,predicted ub %,invest,exit
2017-05-04,1785.95,0.9705198913743386,0.7530121753292197,1.5074890114504886,2.054552107693402,906.3500000000001,1883.3773367350311,52.65000000000009,441.10790547078,1442.2694312642511,0.2469878246707803,1.054552107693402,False,False
2017-05-05,1757.7,0.9861182226773624,0.7453791985085314,1.5317175854810263,2.5194423370546213,934.6000000000001,2670.7237958409078,24.40000000000009,447.54698278155433,2223.1768130593537,0.2546208014914686,1.5194423370546213,False,False
2017-05-08,1750.65,0.9900893953674348,0.7363939495237715,1.5378859280838546,2.2359321817475024,941.6500000000001,2163.684673976265,17.350000000000364,461.48193226620947,1702.2027417100555,0.26360605047622854,1.2359321817475024,False,False
2017-05-09,1733.3,1.0,0.6822325332787599,1.5532798707667457,1.8257725208349944,959.0000000000002,1431.3115103632956,0.0,550.7863500679255,880.5251602953701,0.3177674667212401,0.8257725208349944,False,False
2017-05-10,1778.75,0.986366830639494,0.8013043613441118,1.513591004919185,2.153964226683458,913.5500000000002,2052.613868213201,24.25,353.42986725916126,1699.1840009540397,0.19869563865588824,1.153964226683458,False,False
2017-05-11,1813.0,0.9677330391616106,0.7166927888166531,1.4849972421400994,2.04800765385549,879.3000000000002,1900.037876440003,58.5,513.6359738754079,1386.401902564595,0.2833072111833469,1.0480076538554899,False,False
2017-05-12,1827.05,0.9602911797706686,0.7227589371482962,1.4735776251334118,2.0387806663382424,865.2500000000002,1897.9042164332857,72.54999999999995,506.5332838832055,1391.3709325500802,0.2772410628517038,1.0387806663382424,False,False
2017-05-15,1863.15,0.9416847811502026,0.6798663221184851,1.4480852319995705,2.041220039944612,834.8499999999999,1939.9491174228042,108.65000000000009,596.4570619449446,1343.4920554778596,0.3201336778815149,1.041220039944612,False,False
2017-05-16,1884.15,0.9311891303770928,0.7604971920159509,1.431945439588143,2.2771152164168935,813.8499999999999,2406.2766350118904,129.65000000000055,451.25921566314605,1955.0174193487444,0.2395028079840491,1.2771152164168935,False,False
2017-05-17,1860.2,0.9431781528867864,0.7126334089456714,1.4503816793893132,2.011095475159575,837.8000000000004,1880.8398028918411,105.69999999999982,534.5593326792621,1346.280470212579,0.2873665910543286,1.0110954751595749,False,False
2017-05-18,1799.35,0.9750743323978104,0.6356642351611618,1.4994303498485566,2.022522718450108,898.6500000000001,1839.8762534432012,44.84999999999991,655.5675584627636,1184.3086949804376,0.3643357648388382,1.0225227184501078,False,False
2017-05-19,1754.5,1.0,0.6668765456546559,1.5377600455970362,1.7821780245297312,943.5,1372.3313440374131,0.0,584.4651006489062,787.866243388507,0.33312345434534407,0.7821780245297312,False,False
2017-05-22,1770.7,1.0,0.6097596873067935,1.5236911955723724,1.7774074332061094,927.3,1376.5553419780579,0.0,690.9985216858606,685.5568202921972,0.39024031269320647,0.7774074332061094,False,False
2017-05-23,1791.4,1.0,0.7763266771046464,1.5060846265490675,1.9988164392645604,906.5999999999995,1789.2797692985337,0.0,400.6883906347364,1388.5913786637973,0.22367332289535358,0.9988164392645604,False,False
2017-05-24,1830.1,1.0,0.7455659196760793,1.4742363805256544,2.318818453175844,867.9000000000001,2413.569651157112,0.0,465.63981040080716,1947.9298407563047,0.2544340803239207,1.3188184531758438,False,False
2017-05-25,1899.35,0.9763076842077552,0.7188036928464909,1.4204859557216942,1.848292152021795,798.6500000000001,1611.203698942596,45.00000000000023,534.0902059920174,1077.1134929505786,0.2811963071535091,0.848292152021795,False,False
2017-05-26,1921.7,0.9649529062808968,0.7922376258615377,1.4039652391112036,2.192931620891497,776.3,2292.4566958671903,67.35000000000059,399.25695438188313,1893.1997414853072,0.20776237413846232,1.192931620891497,False,False
2017-05-29,1912.3,0.9696961773780264,0.7597888393383503,1.4108664958427026,2.2608205896759497,785.7,2411.0672136373187,57.950000000000045,459.3558025332727,1951.711411104046,0.24021116066164971,1.2608205896759497,False,False
2017-05-30,1929.25,0.9611766230400414,0.757575059582801,1.3984709083840872,2.427956031565474,768.75,2754.8841738976907,74.90000000000009,467.69831629988107,2287.1858575978094,0.24242494041719898,1.4279560315654738,False,False
2017-05-31,2074.9,0.8937057207576268,0.7184889451680289,1.3003036290905583,2.282940564879617,623.0999999999995,2661.973378068717,220.55000000000018,584.107287670857,2077.86609039786,0.28151105483197114,1.2829405648796168,False,False
2017-06-01,2208.1,0.8397943933698655,0.7279973775473727,1.2218649517684887,2.361977390536845,489.9000000000001,3007.3822760444077,353.75,600.6089906376462,2406.7732854067617,0.2720026224526273,1.361977390536845,False,False
2017-06-02,2138.7,0.8670454014120728,0.6736922414989198,1.2615140038341048,2.016961049791928,559.3000000000002,2174.9745971899965,284.3499999999999,697.8744031062602,1477.1001940837364,0.3263077585010802,1.0169610497919281,False,False
2017-06-05,2120.3,0.8745696363722114,0.7310195781482715,1.2724614441352635,2.2575254434657825,577.6999999999994,2666.3311977804988,265.9500000000003,570.31918845222,2096.0120093282785,0.26898042185172855,1.2575254434657825,False,False
2017-06-06,2045.7,0.9064623356308352,0.7110136918983068,1.3188639585471966,2.182647865558091,652.3,2419.342738572187,191.35000000000036,591.1792904836338,1828.1634480885532,0.28898630810169323,1.1826478655580912,False,False
2017-06-07,2056.8,0.901570400622326,0.6713639098089715,1.3117464021781406,2.201395127405439,641.1999999999998,2471.0294980475064,202.45000000000005,675.9387103049073,1795.090787742599,0.32863609019102846,1.2013951274054389,False,False
2017-06-08,2036.7,0.9104679137820983,0.7922548978825367,1.3246919035694995,2.817743050849492,661.2999999999995,3702.1972716651608,182.35000000000036,423.1144494826376,3279.082822182523,0.20774510211746333,1.8177430508494918,False,False
2017-06-09,2043.75,0.9073272171253822,0.7537289521918826,1.3201223241590214,2.759963425106907,654.25,3596.9252500622415,189.4000000000001,503.31645395783994,3093.6087961044013,0.24627104780811737,1.759963425106907,False,False
2017-06-12,1994.9,0.9295453406185772,0.7680622472618747,1.3524487442979598,2.72420143160082,703.0999999999999,3439.609435900476,140.5500000000004,462.69262293728616,2976.91681296319,0.23193775273812534,1.7242014316008198,False,False
2017-06-13,2036.0,0.9107809430255402,0.7680886372705674,1.325147347740668,2.6620158072462186,662.0,3383.864183553301,181.6500000000001,472.17153451712466,2911.692649036176,0.23191136272943258,1.6620158072462186,False,False
2017-06-14,2056.95,0.9015046549502904,0.7288380328845703,1.311650745035125,2.4062066434144205,641.0500000000002,2892.4967551712916,202.60000000000014,557.7666082580831,2334.7301469132085,0.2711619671154297,1.4062066434144205,False,False
2017-06-15,2129.8,0.8706686073809746,0.7215476618316062,1.2667856136726452,2.110146404598,568.1999999999998,2364.38981251282,275.4500000000003,593.0477898310451,1771.3420226817748,0.27845233816839376,1.1101464045979998,False,False
2017-06-16,2106.7,0.8802155029192577,0.6521263332721599,1.2806759386718565,1.9514862168686253,591.3000000000002,2004.4960130771324,252.3499999999999,732.8654536955407,1271.6305593815916,0.34787366672784015,0.9514862168686253,False,False
2017-06-19,2070.6,0.8955616729450401,0.7206546609066709,1.3030039602047716,2.1439439812522076,627.4000000000001,2368.650407580821,216.25,578.4124591266473,1790.2379484541739,0.27934533909332915,1.1439439812522076,False,False
2017-06-20,2042.7,0.9077936065011992,0.7481929212877626,1.3208009007685906,2.287863479509465,655.3,2630.718729593984,188.35000000000036,514.3663196854873,2116.3524099084966,0.2518070787122374,1.2878634795094648,False,False
2017-06-21,2037.3,0.9101997742109654,0.6671360966617034,1.3243017719530752,2.162633182816588,660.7,2368.632583352235,182.95000000000005,678.1436302711118,1690.4889530811233,0.33286390333829663,1.1626331828165881,False,False
2017-06-22,2003.8,0.9254167082543168,0.712379937291772,1.3464417606547558,2.1282588801705256,694.1999999999996,2260.805144085699,149.45000000000005,576.3330816547473,1684.4720624309516,0.28762006270822804,1.1282588801705256,False,False
2017-06-23,1964.25,0.9440498918162148,0.7023394790042848,1.37355224640448,1.692627080726318,733.75,1360.49274331667,109.90000000000009,584.6796783658335,775.8130649508364,0.29766052099571516,0.692627080726318,False,False
2017-06-27,1958.15,0.9469907821157724,0.7242598705705864,1.3778311161044865,1.749872521104881,739.8500000000004,1468.3628772015227,103.80000000000041,539.9405344422064,928.4223427593163,0.2757401294294136,0.7498725211048809,False,False
2017-06-28,1999.25,0.9275228210578966,0.7662815147510709,1.3495060647742902,1.9863742659600003,698.75,1972.0087512205305,144.9000000000001,467.2616816339216,1504.7470695866089,0.23371848524892913,0.9863742659600003,False,False
2017-06-29,1985.9,0.9337579938566896,0.6880182800892631,1.3585779747217883,2.4883392456071896,712.0999999999995,2955.692907851318,131.55000000000018,619.5644975707323,2336.1284102805857,0.31198171991073687,1.4883392456071896,False,False
2017-06-30,1994.85,0.9295686392460586,0.6629977216712568,1.3524826428052237,1.6657906199169634,703.1500000000005,1328.1524181413542,140.5,672.2689949240932,655.883423217261,0.3370022783287432,0.6657906199169634,False,False
2017-07-03,1992.65,0.9305949363912376,0.7958180934912282,1.3539758612902415,1.8317261945057801,705.3499999999999,1657.3392014819428,138.3000000000004,406.863076004704,1250.4761254772388,0.20418190650877177,0.8317261945057801,False,False
2017-07-04,1979.2,0.9369189571544058,0.8093605841490535,1.3631770412287794,1.8873081763051545,718.8,1756.160342543162,124.85000000000014,377.31353185219314,1378.8468106909688,0.19063941585094646,0.8873081763051545,False,False
2017-07-05,1953.8,0.94909919131948,0.8098669269697361,1.3808987613880643,1.7983665633926726,744.2,1559.8485915566037,99.45000000000005,371.48199808652976,1188.366593470074,0.19013307303026394,0.7983665633926726,False,False
2017-07-06,1987.15,0.9331706212414764,0.8324825122045487,1.357723372669401,1.6767930218821716,710.8499999999999,1344.8892534331576,132.80000000000018,332.882375872731,1012.0068775604266,0.16751748779545128,0.6767930218821716,False,False
2017-07-07,1988.0,0.932771629778672,0.8330789572935977,1.3571428571428572,1.7834817073436628,710.0,1557.5616341992018,133.6500000000001,331.83903290032777,1225.722601298874,0.1669210427064023,0.7834817073436628,False,False
2017-07-10,2009.35,0.9228606265707816,0.876371907543256,1.3427227710453629,2.2365232280872114,688.6499999999996,2484.607948357038,155.0,248.41210757795852,2236.1958407790794,0.123628092456744,1.2365232280872114,False,False
2017-07-11,2006.75,0.9240563099539056,0.85344289438895,1.3444624392674722,2.420444989295447,691.25,2850.4779822686387,152.39999999999986,294.10347168497447,2556.3745105836642,0.14655710561104995,1.4204449892954472,False,False
2017-07-12,1982.85,0.935194291045717,0.8380488617040687,1.3606677257482918,2.38052025210519,715.1500000000001,2737.364581886776,128.5,321.12481457008744,2416.2397673166884,0.16195113829593133,1.3805202521051898,False,False
2017-07-13,2028.35,0.9142159883649272,0.7680342915006544,1.3301451919047502,1.560132054436341,669.6500000000001,1136.1438526159523,173.99999999999977,470.50764483464764,665.6362077813046,0.2319657084993456,0.5601320544363411,False,False
2017-07-14,1988.35,0.932607438328262,0.7299810022843071,1.3569039655996178,1.804481598117766,709.6500000000001,1599.5909856174599,134.00000000000023,536.892274107998,1062.6987115094619,0.27001899771569293,0.804481598117766,False,False
2017-07-17,2016.7,0.9194971983934148,0.8225653552025846,1.3378291267912927,1.8676116240651428,681.3,1749.7123622521738,162.35000000000036,357.8324481629477,1391.879914089226,0.17743464479741544,0.8676116240651428,False,False
2017-07-18,1998.0,0.9281031031031032,0.8421965482958655,1.3503503503503504,2.1352838356176305,700.0,2268.2971035640257,143.64999999999986,315.2912965048606,1953.0058070591651,0.15780345170413446,1.1352838356176305,False,False
2017-07-19,1993.25,0.930314812492161,0.7761023818682613,1.3535682929888373,2.3832277238146373,704.75,2757.1186604935256,138.9000000000001,446.2839273410882,2310.8347331524374,0.2238976181317387,1.3832277238146373,False,False
2017-07-20,2015.0,0.920272952853598,0.7847373141455654,1.3389578163771712,1.6680681272376923,683.0,1346.15727638395,160.6500000000001,433.75431199668583,912.4029643872641,0.21526268585443464,0.6680681272376923,False,False
2017-07-21,2024.55,0.9159319354918376,0.8514999895056136,1.3326418216393767,2.119702929180317,673.45,2266.8945652720104,170.20000000000027,300.6456962464101,1966.2488690256002,0.14850001049438644,1.1197029291803169,False,False
2017-07-24,1994.75,0.9296152400050132,0.8040439197329978,1.3525504449179095,1.8140036381924718,703.25,1623.733757284433,140.4000000000001,390.88339111260257,1232.8503661718305,0.19595608026700218,0.8140036381924718,False,False
2017-07-25,1994.85,0.9295686392460586,0.7993738314670342,1.3524826428052237,1.8694518496094998,703.1500000000005,1734.4260221935106,140.5,400.21911229798684,1334.2069098955237,0.20062616853296578,0.8694518496094998,False,False
2017-07-26,1998.75,0.9277548467792373,0.8198459465544956,1.3498436522826769,2.064345644635071,699.2500000000005,2127.3608572143485,144.39999999999964,360.08291432420197,1767.2779428901465,0.1801540534455044,1.064345644635071,False,False
2017-07-27,2017.35,0.919200931915632,0.808770566387983,1.3373980717277618,2.1324315338254634,680.6500000000001,2284.510754762798,162.99999999999977,385.77669789720267,1898.7340568655954,0.19122943361201705,1.1324315338254634,False,False
2017-07-28,2029.2,0.9138330376503054,0.8502408193626843,1.3295880149812729,1.7258810413155707,668.799999999999,1472.957809037556,174.85000000000014,303.89132934924123,1169.0664796883148,0.14975918063731575,0.7258810413155707,False,False
2017-07-31,2019.1,0.9184042395126542,0.7870469104501744,1.336238918329949,1.8262029235864308,678.9000000000001,1668.1863230133622,164.75,429.9735831100529,1238.2127399033093,0.2129530895498256,0.8262029235864308,False,False
2017-08-01,2032.75,0.9122371172057556,0.8013726512600207,1.3272660189398595,2.592893382315366,665.2499999999995,3237.95402290156,178.40000000000032,403.7597431511931,2834.194279750367,0.19862734873997934,1.5928933823153661,False,False
2017-08-02,2042.35,0.90794917619409,0.8077012647624977,1.321027248023111,1.7506071469014408,655.6500000000005,1533.0025064741576,188.00000000000023,392.74132191231274,1140.2611845618449,0.1922987352375023,0.7506071469014408,False,False
2017-08-03,2023.05,0.9166110575616024,0.7424110630372813,1.3336299152270088,1.6835755365168472,674.95,1382.9074891504076,168.70000000000027,521.1152989224281,861.7921902279795,0.2575889369627187,0.6835755365168472,False,False
2017-08-04,2028.7,0.9140582639128504,0.8352630262956928,1.3299157095677034,1.8546448783917349,669.3,1733.8180647933125,174.35000000000036,334.201898553928,1399.6161662393845,0.16473697370430718,0.8546448783917349,False,False
2017-08-07,2040.2,0.9089059896088618,0.7876300848696683,1.3224193706499363,1.9190707076964806,657.8,1875.0880578423596,185.85000000000014,433.2771008489026,1441.810956993457,0.21236991513033165,0.9190707076964806,False,False
2017-08-08,2018.35,0.9187455099462432,0.8706354624546084,1.336735452225828,2.273644458241681,679.6499999999996,2570.660292292097,164.00000000000023,261.10291435474096,2309.5573779373563,0.12936453754539157,1.273644458241681,False,False
2017-08-09,1973.9,0.9394346218146816,0.8355387753170306,1.366837225796646,1.8897109986667173,724.0999999999995,1756.2005402682335,119.54999999999995,324.6300114017133,1431.5705288665201,0.16446122468296942,0.8897109986667173,False,False
2017-08-10,1919.35,0.9661343684059708,0.7448537000153596,1.4056842160106289,1.4919941711602736,778.6500000000005,944.309012416471,65.0,489.71505087551964,454.59396154095134,0.25514629998464045,0.49199417116027355,False,False
2017-08-11,1916.1,0.9677730807369136,0.7489810229332605,1.4080684724179324,1.6715728258722926,781.9000000000001,1286.8006916538998,61.74999999999977,480.9774619575794,805.8232296963204,0.2510189770667395,0.6715728258722926,False,False
2017-08-14,2022.75,0.9167470028426646,0.9202618308947876,1.3338277098010134,1.9143340249330816,675.25,1849.469148933391,168.4000000000001,161.29038155756825,1688.1787673758226,0.07973816910521236,0.9143340249330816,False,False
2017-08-16,2013.4,0.9210042713817422,0.8407346195016353,1.3400218535810071,2.5560786819960253,684.5999999999999,3133.0088183307976,159.05000000000018,320.6649170954074,2812.34390123539,0.1592653804983647,1.5560786819960253,False,False
2017-08-17,2033.15,0.9120576445417208,0.861684079792836,1.3270048938838748,2.9530448926241215,664.8499999999999,3970.833223438733,178.8000000000004,281.2170131691955,3689.6162102695375,0.138315920207164,1.9530448926241215,False,False
2017-08-18,2019.15,0.9183814971646485,0.773821389246679,1.3362058291855483,1.72499698346968,678.8499999999999,1463.8776591728042,164.80000000000018,456.6885419025682,1007.189117270236,0.22617861075332102,0.7249969834696799,False,False
2017-08-21,2016.1,0.9197708447001636,0.7736482291320074,1.3382272704726952,1.676725511924423,681.9000000000005,1364.3463045908293,161.75000000000023,456.34780524696,907.9984993438693,0.22635177086799263,0.6767255119244231,False,False
2017-08-22,2009.85,0.922631042117571,0.8485580051834908,1.3423887354777722,1.7857994646041906,688.1500000000005,1579.3390539347324,155.5,304.37569328196105,1274.9633606527714,0.15144199481650922,0.7857994646041906,False,False
2017-08-23,1993.6,0.9301514847512038,0.817732640389162,1.353330658105939,1.6928147555698576,704.4000000000001,1381.1954967040679,139.25,363.3682081201666,1017.8272885839012,0.18226735961083795,0.6928147555698576,False,False
2017-08-24,2010.75,0.9222180778316548,0.8609637925976603,1.3417878900907618,1.497969447711756,687.2499999999995,1001.2920669864134,156.4000000000001,279.5670540342546,721.7250129521587,0.13903620740233968,0.497969447711756,False,False
2017-08-28,1970.55,0.9410316916596888,0.7977482946462822,1.3691608941666034,1.7367444811698913,727.45,1451.7918373693294,116.20000000000027,398.5470979847687,1053.2447393845607,0.20225170535371784,0.7367444811698913,False,False
2017-08-29,1955.0,0.9485166240409206,0.8115362384608892,1.3800511508951407,1.8096485460130705,743.0,1582.8629074555529,100.65000000000009,368.4466538089616,1214.4162536465913,0.18846376153911082,0.8096485460130705,False,False
2017-08-30,1961.25,0.9454939451880178,0.7508806558090887,1.3756532823454428,2.2455833877954063,736.7499999999995,2442.9004193137407,106.90000000000009,488.5853137944248,1954.315105519316,0.2491193441909113,1.2455833877954063,False,False
2017-08-31,1970.95,0.9408407113320988,0.8381577590273711,1.368883025951952,2.5918132186260605,727.05,3137.384263251034,116.59999999999991,318.9829648450029,2818.401298406031,0.1618422409726289,1.5918132186260605,False,False
2017-09-01,1962.95,0.9446751063450418,0.8304647530031299,1.3744619068239132,1.7281993539322391,735.0500000000004,1429.4189218012887,108.60000000000014,332.7892130925061,1096.6297087087826,0.16953524699687006,0.7281993539322391,False,False
2017-09-04,1998.55,0.9278476895749418,0.7982310820085322,1.3499787345825724,2.0844077367711282,699.45,2167.2430823239383,144.20000000000005,403.245271051848,1763.9978112720903,0.2017689179914678,1.0844077367711282,False,False
2017-09-05,1996.1,0.9289865237212565,0.7798231067054908,1.3516356895947097,1.749480899461564,701.9000000000001,1496.0388234152279,141.75,439.4950967051698,1056.543726710058,0.22017689329450918,0.749480899461564,False,False
2017-09-06,1966.15,0.9431376039467996,0.7763366845518965,1.3722249065432444,1.7901811893507595,731.8499999999999,1553.614745441996,111.79999999999995,439.75562766828875,1113.8591177737073,0.22366331544810347,0.7901811893507595,False,False
2017-09-07,1948.4,0.9517296243071236,0.7471042823586463,1.3847259289673577,1.5444475353366718,749.5999999999999,1060.8015778499712,94.05000000000041,492.7420162524136,568.0595615975576,0.25289571764135366,0.5444475353366718,False,False
2017-09-08,1939.25,0.9562201882170942,0.7795448234913727,1.3912595075415757,1.5676845301193714,758.7500000000005,1100.8822250339908,84.90000000000009,427.5177010443556,673.3645239896352,0.22045517650862734,0.5676845301193714,False,False
2017-09-11,1913.45,0.9691133815882306,0.7944740475747023,1.4100185528756957,1.5696418766093352,784.55,1089.9812487981324,59.100000000000136,393.2636336681858,696.7176151299466,0.2055259524252977,0.5696418766093352,False,False
2017-09-12,1948.3,0.9517784735410356,0.8762115614779237,1.3847970025150131,1.707267922022794,749.7,1377.9700924770093,93.95000000000027,241.17701477256128,1136.793077704448,0.12378843852207633,0.707267922022794,False,False
2017-09-13,1952.0,0.9499743852459016,0.8901463327134083,1.382172131147541,3.650631779445475,746.0,5174.033233477568,97.65000000000009,214.43435854342715,4959.59887493414,0.10985366728659174,2.650631779445475,False,False
2017-09-14,1950.25,0.950826817074734,0.7621136593806103,1.3834123830278169,1.7401278442747223,747.75,1443.434328296777,95.89999999999986,463.93783579296473,979.4964925038123,0.23788634061938974,0.7401278442747223,False,False
2017-09-15,2004.85,0.9249320398034766,0.9285495802055024,1.3457365887722277,5.5571239544914235,693.1500000000005,9136.34996016213,150.5,143.2473741249985,8993.102586037132,0.07145041979449762,4.5571239544914235,False,False
2017-09-18,2001.35,0.8719864091738078,0.776859879240315,1.3480900392235242,2.4103618622291787,696.6500000000001,2822.627712972366,256.1999999999998,446.5814806823955,2376.0462322899707,0.22314012075968503,1.4103618622291787,False,False
2017-09-19,1963.3,0.8888860591860643,0.7499362386610676,1.3742168797432894,2.357133933032335,734.7,2664.4610507223833,218.14999999999986,490.9501826367259,2173.5108680856574,0.2500637613389324,1.357133933032335,False,False
2017-09-20,1956.25,0.8920894568690096,0.7278510358725255,1.3791693290734823,2.4883235269105732,741.75,2911.5328995188092,211.0999999999999,532.391411074372,2379.1414884444375,0.27214896412747447,1.4883235269105732,False,False
2017-09-21,1959.45,0.8906325754676058,0.7541133471682284,1.3769169920130648,2.5047549845728634,738.55,2948.4921545212974,214.29999999999995,481.80260189121486,2466.6895526300823,0.24588665283177158,1.5047549845728634,False,False
2017-09-22,1926.65,0.9057950328290038,0.7942656809659328,1.4003581345859393,3.1361644990091095,771.3499999999999,4115.641332015901,181.5,396.37802576698573,3719.263306248915,0.20573431903406725,2.1361644990091095,False,False
2017-09-25,1886.6,0.9250238524329484,0.827506299121957,1.4300858687586135,2.2043452133210053,811.4000000000001,2272.117679451408,141.4499999999996,325.426616076516,1946.691063374892,0.17249370087804305,1.2043452133210053,False,False
2017-09-26,1883.7,0.9264479481870788,0.7189146565380938,1.4322875192440412,1.622844585674275,814.3000000000004,1173.2523460346317,138.54999999999973,529.4804614791926,643.7718845554391,0.28108534346190617,0.622844585674275,False,False
2017-09-27,1854.35,0.9411114406665408,0.6807346457330582,1.4549572626526817,1.465916912947712,843.6500000000001,863.9730275245897,109.20000000000005,592.0297096849035,271.9433178396862,0.3192653542669418,0.4659169129477121,False,False
2017-09-28,1932.15,0.9032166239681184,0.6686877164999171,1.396371917294206,1.3954829904848092,765.8499999999999,764.1324600652242,187.0,640.1450285646852,123.98743150053906,0.3313122835000829,0.39548299048480917,False,False
2017-09-29,2003.25,0.8537376762760515,0.8199449409495423,1.346811431423936,2.089361092453581,694.7499999999995,2182.262608457636,293.0,360.69529704282945,1821.5673114148065,0.1800550590504577,1.089361092453581,False,False
2017-10-03,1985.3,0.8564952400141037,0.785805384487789,1.3589885659598049,2.015814609484197,712.7000000000005,2016.6967442089765,284.89999999999986,425.24057017639234,1591.4561740325842,0.21419461551221097,1.015814609484197,False,False
2017-10-04,1996.2,0.8518184550646228,0.8399203526505588,1.3515679791604047,1.8080748381255587,701.8,1613.0789918662401,295.79999999999995,319.5509920389545,1293.5279998272856,0.16007964734944125,0.8080748381255587,False,False
2017-10-05,2003.5,0.8487147491889194,0.8845243536065873,1.3466433740953332,2.1175333113143324,694.5,2238.977989218265,303.0999999999999,231.35545754920236,2007.6225316690627,0.11547564639341268,1.1175333113143324,False,False
2017-10-06,2005.45,0.8478895011094767,0.8036730665921572,1.3453339649455234,1.9324789008716987,692.55,1870.0398117531483,305.04999999999995,393.7238486027584,1476.31596315039,0.1963269334078428,0.9324789008716987,False,False
2017-10-09,2026.3,0.8391649805063417,0.7460089665051879,1.3314908947342448,1.6964171420873466,671.7,1411.1500550115904,325.89999999999986,514.6620311705378,896.4880238410526,0.2539910334948121,0.6964171420873466,False,False
2017-10-10,2063.85,0.7792232962666861,0.6835297301497311,1.307265547399278,1.678972738491293,634.1500000000001,1401.297886335255,455.64999999999986,653.1471664304775,748.1507199047776,0.31647026985026894,0.6789727384912929,False,False
2017-10-11,2062.25,0.7798278579221724,0.8183680018937269,1.3082797914898776,1.6512713631346339,635.75,1343.0843686243988,454.04999999999995,374.5705880946616,968.5137805297372,0.18163199810627306,0.6512713631346339,False,False
2017-10-12,2022.85,0.7950169315569617,0.7734518494466834,1.3337617717576686,1.742111240565749,675.1500000000001,1501.1797229784256,414.64999999999986,458.27292634677633,1042.9067966316493,0.22654815055331656,0.7421112405657491,False,False
2017-10-13,2024.4,0.7821576763485477,0.7679309367024276,1.3327405651057105,1.7748693061196184,673.6000000000004,1568.6454233085556,441.0,469.80061173960553,1098.84481156895,0.23206906329757238,0.7748693061196184,False,False
2017-10-16,2041.9,0.7553504089328565,0.7564270757397645,1.3213183799402517,1.846232321481315,656.0999999999999,1727.921777232697,499.5500000000002,497.3515540469748,1230.5702231857222,0.24357292426023547,0.846232321481315,False,False
2017-10-17,2450.25,0.6294663809815325,1.4082818292072958,1.1011121314151615,22.314812999858283,247.74999999999955,52226.62055290276,907.8999999999999,1000.3925520151765,51226.22800088758,-0.40828182920729583,21.314812999858283,True,False
2017-10-18,2553.15,0.6040968999079568,0.8796848669047482,1.0567338385915437,2.2239445317006084,144.8499999999999,3124.9139811114087,1010.8000000000002,307.18258206214205,2817.7313990492667,0.12031513309525177,1.2239445317006084,False,False
2017-10-19,2579.35,0.5979607265396321,0.958772463639477,1.0459999612305426,2.2088193517046264,118.65000000000009,3117.968194819328,1037.0,106.34024591151501,3011.627948907813,0.04122753636052301,1.2088193517046264,False,False
2017-10-23,2620.9,0.5884810561257583,0.9790233564245001,1.0294173757106335,2.500185611970381,77.09999999999945,3931.8364704131723,1078.5500000000002,54.97768514702784,3876.8587852661444,0.020976643575499887,1.5001856119703811,False,False
2017-10-24,2516.2,0.6129679675701455,0.9160055157470411,1.0722518082823305,2.164670308699968,181.79999999999973,2930.5434307508594,973.8499999999999,211.34692127729522,2719.196509473564,0.08399448425295886,1.164670308699968,False,False
2017-10-25,2438.45,0.6325124566835489,0.8056272308766329,1.1064405667534705,2.042863326710976,259.5500000000002,2542.9700790183797,896.0999999999999,473.96827886887445,2069.0018001495055,0.1943727691233671,1.0428633267109761,False,False
2017-10-26,2435.5,0.6332785875590228,0.8701046713749325,1.1077807431738862,1.9351225753534358,262.5,2277.491032273293,893.1500000000001,316.36007286635186,1961.1309594069412,0.12989532862506747,0.9351225753534358,False,False
2017-10-27,2379.35,0.6482232542501103,0.7974144309026049,1.1339231302666697,1.7683937951466984,318.65000000000055,1828.2777764822963,837.0,482.02197383188695,1346.2558026504094,0.2025855690973951,0.7683937951466984,False,False
2017-10-30,2415.8,0.638442751883434,0.8670829975361487,1.1168143058200182,1.9201036527161062,282.1999999999998,2222.7864042315696,873.45,321.1008945521721,1901.6855096793975,0.1329170024638513,0.9201036527161062,False,False
2017-10-31,2354.5,0.6550647695901465,0.7590521548799097,1.1458908473136546,1.8929635494768124,343.5,2102.482677243155,812.1500000000001,567.3117013352526,1535.1709759079026,0.24094784512009026,0.8929635494768124,False,False
2017-11-01,2325.95,0.6631053977944495,0.8718646084534304,1.1599561469507085,2.175708800515565,372.0500000000002,2734.6398845591784,783.5999999999999,298.03651396774353,2436.603370591435,0.1281353915465696,1.1757088005155651,False,False
2017-11-02,2335.5,0.6603939199314921,0.9618738656812088,1.1552130164846928,2.1630169470799068,362.5,2716.226079905122,793.1500000000001,89.0435867015367,2627.182493203585,0.038126134318791194,1.1630169470799068,False,False
2017-11-03,2381.05,0.6477604418218852,0.9122212355871988,1.1331135423447638,2.1179276750533997,316.9499999999998,2661.8416906858974,838.7000000000003,209.00562700510045,2452.836063680797,0.08777876441280119,1.1179276750533997,False,False
2017-11-06,2390.45,0.6452132443682153,0.9538379909243805,1.1286577840992282,2.2871755325471055,307.5500000000002,3076.928751777228,848.0999999999997,110.34797459481479,2966.5807771824134,0.046162009075619514,1.2871755325471055,False,False
2017-11-07,2466.35,0.6253573093843129,0.843878230731259,1.0939242200012165,1.8503754054618504,231.6500000000001,2097.3233812608346,923.9999999999998,385.0509256359592,1712.2724556248754,0.156121769268741,0.8503754054618504,False,False
2017-11-08,2390.05,0.6453212275893809,0.8833012145039078,1.1288466768477643,1.7046895710529801,307.9499999999989,1684.243309295175,847.7000000000003,278.91593227493513,1405.32737702024,0.11669878549609225,0.7046895710529801,False,False
2017-11-09,2356.05,0.6546338150718363,0.8388801038276944,1.145136987754929,1.9786953931362836,341.9500000000003,2305.8552809987414,813.7000000000003,379.6065313767606,1926.2487496219808,0.1611198961723056,0.9786953931362836,False,False
2017-11-10,2395.7,0.6437993070918729,0.8819589911185465,1.1261844137412866,1.9556236939705869,302.3000000000002,2289.3876836453346,853.3499999999999,282.7908449772981,2006.5968386680365,0.11804100888145352,0.9556236939705869,False,False
2017-11-13,2473.05,0.6236630880896059,0.8284119595051458,1.090960554780534,1.9537540995526292,224.94999999999982,2358.6815758986295,930.7000000000003,424.3458035457993,1934.3357723528302,0.1715880404948542,0.9537540995526292,False,False
2017-11-14,2449.6,0.6296334095362508,0.7752066373504481,1.1014043109079037,1.8360471251598138,248.400000000001,2047.9810377914796,907.25,550.6538211463421,1497.3272166451375,0.22479336264955185,0.8360471251598138,False,False
2017-11-15,2392.8,0.6445795720494817,0.7970389971497787,1.127549314610498,2.008940861740747,305.1999999999998,2414.1936939732595,850.4500000000003,485.6450876200097,1928.5486063532499,0.20296100285022134,1.0089408617407472,False,False
2017-11-16,2395.35,0.643893376750788,0.8924598561129962,1.1263489677917633,2.0605429464702345,302.6500000000001,2540.3715468274763,853.0,257.5962836597346,2282.7752631677417,0.10754014388700384,1.0605429464702345,False,False
2017-11-17,2456.0,0.627992671009772,0.952739871733733,1.0985342019543969,2.193711152923286,241.99999999999864,2931.754591579591,913.6500000000001,116.0708750219519,2815.683716557639,0.04726012826626702,1.193711152923286,False,False
2017-11-20,2501.45,0.6165823822183134,0.9756760259274688,1.078574426832437,2.311828995329704,196.54999999999973,3281.474640367488,959.0999999999999,60.84520494373328,3220.629435423755,0.024323974072531174,1.3118289953297042,False,False
2017-11-21,2496.65,0.6177678088638775,0.8880057573617361,1.0806480684116715,1.844452295658181,201.34999999999945,2108.301823954998,954.3000000000002,279.61042588282135,1828.6913980721765,0.11199424263826385,0.844452295658181,False,False
2017-11-22,2488.2,0.6198657664174906,0.8936759982412542,1.084317980869705,2.0642219334466025,209.79999999999973,2647.9970148018365,945.8499999999999,264.55538117611104,2383.4416336257254,0.10632400175874579,1.0642219334466025,False,False
2017-11-23,2517.8,0.6125784414965445,0.901332965161945,1.0715704186194297,2.0479691838415555,180.20000000000027,2638.5768110762683,975.4500000000003,248.42386031525484,2390.1529507610135,0.09866703483805495,1.0479691838415555,False,False
2017-11-24,2523.95,0.6110857980546366,0.8513042007099099,1.068959369242655,2.053866648535175,174.04999999999927,2659.9067275703546,981.5999999999999,375.30076261822296,2284.6059649521317,0.14869579929009014,1.053866648535175,False,False
2017-11-27,2613.75,0.5900908656145385,0.9738770051733547,1.032233381157341,2.256355834713272,84.25,3283.8000629818143,1071.4,68.27897772814413,3215.52108525367,0.026122994826645263,1.256355834713272,False,False
2017-11-28,2584.55,0.5967576560716565,0.8421410848845932,1.0438954556886109,1.9244653718120457,113.44999999999936,2389.326976716823,1042.2000000000003,407.99425906152464,1981.3327176552984,0.15785891511540684,0.9244653718120457,False,False
2017-11-29,2592.75,0.5948703114453765,0.8643580308223107,1.0405939639379038,2.305129881993355,105.25,3383.8755015382703,1050.4,351.6857155854541,3032.1897859528162,0.13564196917768934,1.3051298819933548,False,False
2017-11-30,2537.55,0.6078106835333293,0.8767985607194306,1.0632302811767256,1.998288143295496,160.44999999999982,2533.206078019486,995.2000000000003,312.6298122464086,2220.5762657730775,0.12320143928056937,0.998288143295496,False,False
2017-12-01,2492.0,0.6189205457463884,0.8885029124651012,1.0826645264847512,2.103245572166008,206.0,2749.2879658376924,949.6500000000001,277.8507421369677,2471.4372237007246,0.11149708753489884,1.1032455721660082,False,False
2017-12-04,2489.9,0.6194425478934896,0.9583671542974281,1.0835776537210329,2.213223561292353,208.0999999999999,3020.80534526183,947.5500000000002,103.66162251483365,2917.1437227469964,0.04163284570257186,1.2132235612923532,False,False
2017-12-05,2484.8,0.6207139407598197,0.8817873037778432,1.0858016741790082,2.074763022577594,213.19999999999936,2670.5711585008057,942.45,293.73490757281525,2376.8362509279905,0.1182126962221568,1.074763022577594,False,False
2017-12-06,2497.6,0.6175328315182576,0.8037894285714493,1.0802370275464446,1.9885905441475584,200.4000000000001,2469.1037430629417,955.25,490.0555231999483,1979.0482198629934,0.1962105714285507,0.9885905441475584,False,False
2017-12-07,2506.6,0.6153155669033751,0.8475678123443782,1.0763584137876008,2.31035624735237,191.4000000000001,3284.538969613451,964.25,382.0865215775816,2902.4524480358696,0.15243218765562183,1.3103562473523702,False,False
2017-12-08,2619.45,0.5888068105900094,0.8994723990862743,1.029987211055756,2.158410554997669,78.55000000000018,3034.3985282886442,1077.1,263.32702421345857,2771.0715040751857,0.1005276009137257,1.158410554997669,False,False
2017-12-11,2565.4,0.601212286582989,0.9184258954441035,1.0516878459499492,2.1739396274349074,132.5999999999999,3011.6247202215113,1023.0500000000002,209.27020782769705,2802.3545123938143,0.08157410455589653,1.1739396274349074,False,False
2017-12-12,2515.55,0.6131263540776372,0.9104064349484334,1.0725288704259506,2.2748789320732135,182.44999999999982,3207.0216975767726,973.1999999999998,225.3770925654685,2981.644605011304,0.08959356505156657,1.2748789320732135,False,False
2017-12-13,2515.45,0.6131507284978831,0.8520321870676336,1.0725715080800653,1.9489603731171963,182.55000000000018,2387.062370557651,973.0999999999999,372.20563504072106,2014.8567355169298,0.14796781293236638,0.9489603731171963,False,False
2017-12-14,2508.3,0.6148985368576326,0.9349535709578306,1.0756289120121196,2.7792411948616804,189.69999999999982,4462.870689071553,965.95,163.15595796647358,4299.714731105079,0.0650464290421694,1.7792411948616804,False,False
2017-12-15,2529.85,0.6096606518173014,0.9410761338072529,1.066466391288021,1.9642880625951387,168.1500000000001,2439.5041551563113,987.5,149.06854288772138,2290.43561226859,0.05892386619274714,0.9642880625951387,False,False
2017-12-18,2555.15,0.6036240533823846,0.895547771416686,1.055906698236894,2.2157893447025794,142.8499999999999,3106.524144116796,1012.8000000000002,266.8911118646547,2839.633032252141,0.10445222858331404,1.2157893447025794,False,False
2017-12-19,2545.75,0.605852892075027,0.7844514403469969,1.0598055582834136,1.9726225144476093,152.25,2476.0537661550015,1003.3999999999999,548.7327457366328,1927.3210204183688,0.21554855965300312,0.9726225144476093,False,False
2017-12-20,2584.65,0.5967345675429941,0.7306377841658116,1.0438550674172518,2.0646316696984144,113.34999999999991,2751.700245086007,1042.3000000000002,696.2070511558352,2055.4931939301714,0.2693622158341884,1.0646316696984144,False,False
2017-12-21,2591.65,0.5951227982173518,0.6981858931176632,1.0410356336696698,2.071907611244294,106.34999999999991,2778.009360681274,1049.3000000000002,782.1965301016082,1995.8128305796656,0.3018141068823368,1.0719076112442938,False,False
2017-12-22,2601.0,0.5929834678969627,0.7837327731721683,1.0372933487120342,2.1267032772100487,97.00000000000091,2930.5552240233365,1058.65,562.5110569791902,2368.044167044146,0.21626722682783173,1.1267032772100487,False,False
2017-12-26,2635.15,0.5852987495967971,0.9107968451609356,1.0238506346887273,2.2869372725573216,62.84999999999991,3391.272753779426,1092.8000000000002,235.06369347416057,3156.209060305265,0.08920315483906438,1.2869372725573216,False,False
2017-12-27,2583.7,0.5969539807253165,0.9373304859252036,1.0442388822231683,2.0988003586610873,114.29999999999973,2838.9704866726506,1041.3499999999997,161.91922351505127,2677.0512631575994,0.06266951407479637,1.0988003586610873,False,False
2017-12-28,2558.6,0.6028101305401391,0.8850275591861428,1.054482920347065,1.8695142129536784,139.4000000000001,2224.7390652632816,1016.25,294.1684870663348,1930.5705781969468,0.11497244081385716,0.8695142129536784,False,False
2017-12-29,2673.9,0.5768166348778937,0.857618231914975,1.009013052096189,2.057935845950264,24.09999999999991,2828.814658486411,1131.5500000000002,380.7146096825486,2448.1000488038626,0.142381768085025,1.0579358459502641,False,False
2018-01-01,2685.05,0.5744213329360719,0.9741950563824772,1.0048230014338653,2.3403954172227035,12.949999999999818,3599.02871501382,1142.7000000000003,69.28756386022951,3529.7411511535906,0.025804943617522835,1.3403954172227035,False,False
2018-01-02,2625.7,0.5874052633583425,0.8719738438509904,1.0275355143390337,1.895539896979618,72.30000000000064,2351.4191074993832,1083.35,336.15827820045433,2015.260829298929,0.12802615614900958,0.895539896979618,False,False
2018-01-03,2636.5,0.5849990517731841,0.9722551434518052,1.0233263796700172,2.1808731561493726,61.500000000000455,3113.372076187821,1094.15,73.1493142893155,3040.2227618985057,0.027744856548194807,1.1808731561493726,False,False
2018-01-04,2645.7,0.5829648108251124,0.9138931134042954,1.0197679253127718,2.163753131874808,52.30000000000064,3078.9416610011785,1103.35,227.81298986625598,2851.1286711349226,0.08610688659570465,1.1637531318748078,False,False
2018-01-05,2669.3,0.5778106619713033,0.8645967479915001,1.010751882516015,1.9632003740056039,28.69999999999891,2571.0707583331587,1126.9500000000003,361.431900586289,2209.6388577468697,0.1354032520084999,0.9632003740056039,False,False
2018-01-08,2692.3,0.5728744939271254,0.8227447137661112,1.0021171489061396,1.987050984186837,5.699999999999363,2657.437364726221,1149.9500000000003,477.2244071274986,2180.2129575987224,0.17725528623388875,0.9870509841868369,False,False
2018-01-09,2651.9,0.5816018703571024,0.8624554281017665,1.0173837625853162,2.073757295331313,46.09999999999991,2847.496971489108,1109.5500000000002,364.75445021692576,2482.7425212721823,0.13754457189823355,1.0737572953313128,False,False
2018-01-10,2615.25,0.5897524137271771,0.9230554106479235,1.0316413344804511,2.013424102040159,82.75,2650.357382860526,1072.9,201.22933730301793,2449.128045557508,0.07694458935207649,1.013424102040159,False,False
2018-01-11,2589.9,0.5955249237422294,0.8929580347600137,1.0417390632842969,2.0439108118851,108.10000000000036,2703.62461170122,1047.55,277.22798577504045,2426.3966259261797,0.10704196523998633,1.0439108118851,False,False
2018-01-12,2632.6,0.5858656841145635,0.7948927767780645,1.0248423611638684,1.6990612115852226,65.40000000000009,1840.348545619257,1090.25,539.9652758540674,1300.3832697651897,0.20510722322193553,0.6990612115852226,False,False
2018-01-15,2628.25,0.5868353467135926,0.7061255699365766,1.026538571292685,1.7970171869539753,69.74999999999955,2094.760421611785,1085.9000000000003,772.3754708141926,1322.3849507975926,0.2938744300634234,0.7970171869539753,False,False
2018-01-16,2604.15,0.5922661905036192,0.6761817388002288,1.036038630647236,1.7477802955552066,93.84999999999945,1947.3320566700918,1061.8000000000002,843.2713249033841,1104.0607317667077,0.3238182611997712,0.7477802955552066,False,False
2018-01-17,2627.95,0.5869023383245495,0.871881222830333,1.026655758290683,1.8868420993098027,70.05000000000018,2330.576694881196,1085.6,336.6897404630263,1993.8869544181698,0.12811877716966702,0.8868420993098027,False,False
2018-01-18,2635.85,0.5851433124039683,0.8606016314098369,1.0235787317184208,2.07196790311831,62.149999999999636,2825.5465974343965,1093.5,367.4331898483815,2458.113407586015,0.13939836859016308,1.0719679031183098,False,False
2018-01-19,2681.55,0.5751710764296768,0.9600833926555201,1.0061345117562603,2.1559336742007904,16.449999999999818,3099.6939440531296,1139.2000000000003,107.03837842459006,2992.6555656285395,0.03991660734447988,1.1559336742007904,False,False
2018-01-22,2664.35,0.5788841556101864,0.9379863110015036,1.0126297220710492,1.921621301799222,33.65000000000009,2455.521715448757,1122.0,165.22617228314357,2290.2955431656133,0.06201368899849635,0.9216213017992221,False,False
2018-01-23,2648.9,0.5822605609875797,0.9177488178470532,1.018535996073842,1.9510398925684118,49.100000000000364,2519.2095714244665,1106.5500000000002,217.87515640494075,2301.3344150195257,0.0822511821529468,0.9510398925684118,False,False
2018-01-24,2653.5,0.5812511776898436,0.8849087593336485,1.0167703033729036,1.7479368700165034,44.5,1984.650484588792,1111.15,305.39460710816365,1679.2558774806284,0.11509124066635146,0.7479368700165034,False,False
2018-01-25,2636.85,0.5849214024309308,0.9689482900655916,1.0231905493296929,2.1142328273350186,61.150000000000546,2938.0648307583438,1094.5,81.87870134054492,2856.186129417799,0.031051709934408422,1.1142328273350186,False,False
2018-01-29,2589.45,0.5956284153005464,0.9191728695550023,1.0419200988626929,1.851552554662634,108.55000000000018,2205.0527626711573,1047.1,209.2978129307994,1995.754949740358,0.08082713044499767,0.8515525546626339,False,False
2018-01-30,2468.1,0.6249139013816296,0.8307134959446458,1.0931485758275596,1.7045979656970731,229.9000000000001,1739.0182391369458,925.75,417.8160206590196,1321.2022184779262,0.16928650405535417,0.7045979656970731,False,False
2018-01-31,2502.8,0.6162498002237493,0.9659237375279617,1.077992648233978,1.8142543594636376,195.19999999999982,2037.915810865592,960.4500000000003,85.28606971501767,1952.6297411505743,0.03407626247203832,0.8142543594636376,False,False
2018-02-01,2557.9,0.6029750967590601,0.962902471921357,1.0547714922397278,1.9330508342961181,140.09999999999945,2386.650729046041,1015.5500000000002,94.89176707236084,2291.75896197368,0.03709752807864297,0.9330508342961181,False,False
2018-02-02,2404.3,0.6414964854635444,0.8833698550648449,1.122156136921349,1.5630276365762112,293.6999999999998,1353.6873466201846,861.9500000000003,280.4138574675935,1073.273489152591,0.11663014493515511,0.5630276365762112,False,False
2018-02-05,2321.25,0.6644480344641895,0.8377404176231149,1.1623047926763597,1.635850362124069,376.75,1475.967653080495,778.9000000000001,376.64505559234453,1099.3225974881504,0.1622595823768851,0.635850362124069,False,False
2018-02-06,2202.8,0.7001770473942255,0.7209011907699654,1.2248047938986744,1.4079264893574939,495.1999999999998,898.5804707566876,660.4500000000003,614.7988569719203,283.7816137847674,0.2790988092300346,0.40792648935749387,False,False
2018-02-07,2230.3,0.6915437385105142,0.8638853440776475,1.2097027305743622,1.6442279015625347,467.6999999999998,1436.8214888549214,687.9500000000003,303.5765171036228,1133.2449717512986,0.1361146559223525,0.6442279015625347,False,False
2018-02-08,2314.45,0.6664002246754088,0.9473640421704063,1.1657197174274667,1.6339861036837924,383.5500000000002,1467.329137670953,772.0999999999999,121.82329259870312,1345.50584507225,0.05263595782959374,0.6339861036837924,False,False
2018-02-09,2307.95,0.6682770423969323,0.9136742954715725,1.1690027946879271,1.709950817439407,390.05000000000155,1638.5309891092788,765.5999999999999,199.23540976638424,1439.2955793428946,0.08632570452842747,0.7099508174394069,False,False
2018-02-12,2318.95,0.6651070527609478,0.8791351768861799,1.163457599344531,1.9841741520477525,379.0500000000002,2282.2506498911353,776.5999999999999,280.2794815597931,2001.9711683313421,0.12086482311382007,0.9841741520477525,False,False
2018-02-14,2330.45,0.6618249694265056,0.9093911715975769,1.1577163208822332,1.4980152849981128,367.5500000000002,1160.5997209238517,788.0999999999999,211.15934415042693,949.4403767734248,0.09060882840242312,0.49801528499811276,False,False
2018-02-15,2314.35,0.6664290189470046,0.9169121846187819,1.165770086633396,1.571518974671319,383.6500000000001,1322.6949390305672,772.0,192.29428552752233,1130.4006535030449,0.08308781538121812,0.571518974671319,False,False
2018-02-16,2293.05,0.672619436994396,0.8549481913206128,1.1765988530559734,1.3948135090905591,404.9499999999998,905.3271170201065,750.7000000000003,332.61104989226874,572.7160671278377,0.14505180867938716,0.3948135090905591,False,False
2018-02-19,2289.55,0.673647660020528,0.7845833141657514,1.178397501692472,1.404251954205776,408.4499999999989,925.5550617518347,747.2000000000003,493.2072730518039,432.34778870003083,0.21541668583424856,0.4042519542057761,False,False
2018-02-20,2282.75,0.6756543642536414,0.8626450961554677,1.181907786660826,1.4816592866575489,415.2500000000009,1099.5077366175196,740.4000000000001,313.546906751106,785.9608298664136,0.1373549038445323,0.48165928665754887,False,False
2018-02-21,2311.3,0.6673084411370224,0.7982224862693255,1.1673084411370225,1.2314610241668724,386.7000000000003,534.9758651568923,768.9500000000003,466.3683674857082,68.60749767118409,0.20177751373067454,0.23146102416687242,False,False
2018-02-22,2255.3,0.6838779763224404,0.8897250887170762,1.1962931760741364,1.504281321131515,442.6999999999998,1137.3056635479056,712.9500000000003,248.7030074163781,888.6026561315275,0.11027491128292377,0.5042813211315149,False,False
2018-02-23,2215.05,0.6963048238188754,0.8431328981310761,1.21803119568407,1.4346406965847596,482.9499999999989,962.7508749700719,672.7,347.46847399475996,615.2824009753119,0.15686710186892394,0.43464069658475957,False,False
2018-02-26,2255.0,0.6839689578713969,0.8803979231247088,1.1964523281596453,1.534463718256525,443.0,1205.2156846684638,712.6500000000001,269.7026833537818,935.513001314682,0.11960207687529123,0.534463718256525,False,False
2018-02-27,2255.0,0.6839689578713969,0.791051104583574,1.1964523281596453,1.5015226166059161,443.0,1130.933500446341,712.6500000000001,471.17975916404066,659.7537412823003,0.20894889541642603,0.5015226166059161,False,False
2018-02-28,2292.95,0.6726487712335638,0.9057562068269337,1.176650166815674,1.519806924750971,405.0499999999993,1191.8912881077385,750.5999999999997,216.09630555618241,975.7949825515561,0.0942437931730663,0.5198069247509709,False,False
2018-03-01,2311.8,0.6671641145427805,0.9396949797973376,1.167055973700147,1.849589380814268,386.1999999999998,1964.0807305664248,769.4500000000003,139.41314570451505,1824.6675848619097,0.060305020202662374,0.849589380814268,False,False
2018-03-05,2317.0,0.6656668105308589,0.9326000010160882,1.1644367716875272,1.856734993784129,381.00000000000045,1985.0549805978271,774.6500000000001,156.16579764572361,1828.8891829521035,0.0673999989839118,0.8567349937841291,False,False
2018-03-06,2314.95,0.666256290632627,0.9521703302872255,1.1654679366724985,2.2007148049985616,383.0500000000002,2779.5947378314204,772.5999999999999,110.72329390158711,2668.8714439298333,0.04782966971277447,1.2007148049985616,False,False
2018-03-07,2281.8,0.6759356648260144,0.8476952923381177,1.1823998597598386,1.419981660668567,416.1999999999998,958.3141533135358,739.4500000000003,347.5288819428831,610.7852713706527,0.1523047076618823,0.4199816606685669,False,False
2018-03-08,2345.35,0.6576203978084294,0.9087848029818294,1.1503613533161363,1.5027575896412522,352.6500000000001,1179.1425128651108,803.0,213.93156232656656,965.2109505385442,0.0912151970181706,0.5027575896412522,False,False
2018-03-09,2357.6,0.6542034272141161,0.8454395145516972,1.1443841194435018,1.4936551442035277,340.4000000000001,1163.841367974237,815.25,364.3918004929187,799.4495674813184,0.1545604854483028,0.49365514420352774,False,False
2018-03-12,2484.95,0.6206764723636291,0.8612335528418142,1.0857361315117005,1.6352262975445502,213.05000000000018,1578.5055880833297,942.5999999999997,344.82768286573355,1233.6779052175962,0.13876644715818576,0.6352262975445502,False,False
2018-03-13,2509.05,0.6147147326677427,0.9721185842411828,1.0753073872581256,1.8729165310946518,188.94999999999982,2190.1912223430363,966.7000000000003,69.95586620966014,2120.235356133376,0.027881415758817196,0.8729165310946518,False,False
2018-03-14,2472.6,0.6237765914422065,0.916672854191076,1.0911591037774004,1.6494143528214522,225.40000000000055,1605.7419287863227,930.25,206.03470072714526,1399.7072280591774,0.08332714580892397,0.6494143528214522,False,False
2018-03-15,2497.5,0.6175575575575575,1.3984638174122566,1.0802802802802802,-12.274361345719896,200.5,33152.71746093544,955.1500000000001,995.1633839871106,32157.55407694833,-0.39846381741225656,-13.274361345719896,False,False
2018-03-16,2488.7,0.6197412303612327,0.9174938823309048,1.0841001325993491,2.0119262720540476,209.30000000000018,2518.3809132609085,946.3499999999999,205.3329750430771,2313.0479382178314,0.08250611766909521,1.0119262720540476,False,False
2018-03-19,2461.4,0.6266149345900707,0.8850200585903544,1.0961241569838305,1.5931703507672363,236.60000000000036,1460.0295013784757,919.0500000000002,283.0116277857019,1177.0178735927739,0.11497994140964563,0.5931703507672363,False,False
2018-03-20,2446.8,0.6303539316658492,0.8648139401916033,1.1026647049207128,1.6626316566523487,251.20000000000027,1621.3271374969668,904.4500000000003,330.77325113918505,1290.5538863577817,0.1351860598083967,0.6626316566523487,False,False
2018-03-21,2461.65,0.6265512968943594,0.9396210409675854,1.096012836918327,1.7673250189114231,236.3499999999999,1888.8856328033048,919.3000000000002,148.63186450214334,1740.2537683011615,0.060378959032414636,0.7673250189114231,False,False
2018-03-22,2429.5,0.6348425601975715,0.899056599795612,1.110516567194896,1.953036095359197,268.5,2315.4011936751695,887.1500000000001,245.24199079656046,2070.159202878609,0.10094340020438797,0.953036095359197,False,False
2018-03-23,2413.85,0.6389585102636867,0.9247559699580592,1.117716510967956,2.0900587402663025,284.150000000001,2631.238290191814,871.5,181.62780191673892,2449.610488275075,0.0752440300419408,1.0900587402663025,False,False
2018-03-26,2471.05,0.6241678638635397,0.8705467006671486,1.0918435482891888,1.7105593714268323,226.95000000000027,1755.8277347642743,928.7000000000003,319.88557531644256,1435.9421594478317,0.12945329933285143,0.7105593714268323,False,False
2018-03-27,2476.9,0.6226936896927611,0.878090575761824,1.0892648068149702,1.967206491064129,221.09999999999945,2395.673757716741,934.5500000000002,301.95745289553815,2093.716304821203,0.12190942423817597,0.9672064910641289,False,False
2018-03-28,2496.45,0.6178173005668048,0.8855332153474113,1.080734643193335,1.9075736790281734,201.5500000000011,2265.7123110098837,954.0999999999999,285.7606045459552,1979.9517064639285,0.11446678465258875,0.9075736790281734,False,False
2018-04-02,2562.85,0.6018104844216401,0.6918376140689886,1.0527342606863452,1.8620607722409508,135.1500000000001,2209.3324501377206,1020.4999999999995,789.7739707832925,1419.558479354428,0.3081623859310114,0.8620607722409508,False,False
2018-04-03,2554.5,0.6037776472890977,0.7862621846433951,1.0561753767860638,1.7842944543075063,143.5,2003.4801835285252,1012.1500000000001,545.9932493284471,1457.4869342000782,0.21373781535660485,0.7842944543075063,False,False
2018-04-04,2498.45,0.6173227400988613,0.7014254109074679,1.0798695191018433,1.616565690829634,199.55000000000018,1540.458550253299,956.0999999999999,745.9736821182369,794.4848681350622,0.2985745890925321,0.616565690829634,False,False
2018-04-05,2553.55,0.6040022713477315,0.7252624596935675,1.0565683068669107,1.9446808349819618,144.44999999999982,2412.2897461681887,1011.2000000000003,701.5560460494908,1710.733700118698,0.2747375403064325,0.9446808349819618,False,False
2018-04-06,2505.25,0.6156471410038918,0.7026411775784028,1.0769384292984732,1.6496359504399374,192.75,1627.5004648396534,962.8999999999999,744.9581898717063,882.5422749679472,0.29735882242159717,0.6496359504399374,False,False
2018-04-09,2529.95,0.6096365540820965,0.7423300640080179,1.066424237633155,1.6363249828383442,168.05000000000018,1609.8703903318683,987.5999999999999,651.8920545629151,957.9783357689532,0.25766993599198207,0.6363249828383442,False,False
2018-04-10,2503.75,0.616015976035946,0.7611320871875042,1.0775836245631554,1.9313905023944447,194.25000000000045,2331.9689703700906,961.4000000000001,598.0655367042862,1733.9034336658044,0.23886791281249575,0.9313905023944447,False,False
2018-04-11,2509.7,0.614555524564689,0.7189503855292132,1.0750288879148904,1.6732999765932703,188.30000000000018,1689.7809512561307,967.3499999999999,705.3502174373336,984.4307338187971,0.2810496144707868,0.6732999765932703,False,False
2018-04-12,2501.95,0.616459161853754,0.7351476860068304,1.0783588800735426,1.7334251952816828,196.05000000000018,1834.9931673350065,959.5999999999999,662.6472469952105,1172.345920339796,0.26485231399316955,0.7334251952816828,False,False
2018-04-13,2541.9,0.6067705259844998,0.6636795705410554,1.0614107557339,1.681746325633645,156.10000000000082,1732.9309851281619,999.5500000000002,854.8928996416912,878.0380854864707,0.3363204294589446,0.6817463256336449,False,False
2018-04-16,2571.5,0.5997861170523041,0.7076515396519621,1.0491930779700565,1.8535125290202057,126.5,2194.8074683754585,1029.1499999999999,751.7740657849793,1443.0334025904792,0.29234846034803785,0.8535125290202057,False,False
2018-04-17,2622.5,0.5881220209723546,0.752054867968782,1.028789323164919,2.1794362972656334,75.5,3093.071689579124,1080.15,650.2361087518693,2442.8355808272545,0.24794513203121804,1.1794362972656334,False,False
2018-04-18,2658.35,0.5801907198073993,0.7363525042848311,1.0149152669889216,2.0104083554804237,39.65000000000009,2686.0190517913848,1116.0,700.8673202344191,1985.1517315569656,0.2636474957151689,1.0104083554804237,False,False
2018-04-19,2631.75,0.5860549064310819,0.7166625708669481,1.0251733637313574,2.0504755796578493,66.24999999999955,2764.5891067645452,1089.4,745.6732791209095,2018.9158276436358,0.28333742913305193,1.0504755796578493,False,False
2018-04-20,2600.35,0.5931316938104486,0.6842114512569657,1.0375526371449997,1.6781045901399532,97.65000000000009,1763.3092709704274,1058.0,821.1607527239491,942.1485182464783,0.3157885487430343,0.6781045901399532,False,False
2018-04-23,2617.95,0.5891441776962891,0.726499329425021,1.0305773601482076,1.7698745114408725,80.05000000000018,2015.4929772266323,1075.6,716.0110805317661,1299.4818966948662,0.27350067057497895,0.7698745114408725,False,False
2018-04-24,2608.2,0.5913465225059428,0.7538753465068857,1.0344298750095853,2.035554779656514,89.80000000000018,2700.933976300119,1065.85,641.9423212407407,2058.991655059378,0.2461246534931143,1.0355547796565139,False,False
2018-04-25,2544.7,0.6061028804967187,0.7361925137916192,1.0602428577042482,1.9822001988100482,153.30000000000018,2499.4048459119294,1002.3499999999999,671.3109101544665,1828.093935757463,0.2638074862083808,0.9822001988100482,False,False
2018-04-26,2546.95,0.6055674434127093,0.707641592479969,1.059306229019023,1.6600526671960099,151.05000000000064,1681.1211407148776,1004.5999999999999,744.6222460331428,936.4988946817348,0.29235840752003095,0.6600526671960099,False,False
2018-04-27,2580.4,0.5977174081537745,0.7348645002069555,1.0455743295613082,1.8690224263222088,117.59999999999991,2242.425468881828,1038.0500000000004,684.1556436659721,1558.2698252158557,0.2651354997930445,0.8690224263222088,False,False
2018-04-30,2629.6,0.5865340736233647,0.6895417041437795,1.0260115606936415,1.6558708533485111,68.39999999999964,1724.6779959652445,1087.25,816.3811347835174,908.2968611817271,0.31045829585622053,0.6558708533485111,False,False
2018-05-02,2597.5,0.5937824831568815,0.6326594231139429,1.0386910490856591,1.7431095790742193,100.49999999999955,1930.2271316452843,1055.1500000000003,954.1671484615335,976.0599831837508,0.36734057688605715,0.7431095790742193,False,False
2018-05-03,2582.45,0.5972429282270711,0.7157021597271155,1.0447443319328544,1.70408954952162,115.54999999999973,1818.2760571621075,1040.1000000000001,734.1849576127106,1084.0910995493969,0.2842978402728845,0.70408954952162,False,False
2018-05-04,2570.8,0.5999494320833981,0.69011921993435,1.0494787614750272,1.7604439920993027,127.19999999999982,1954.949414888887,1028.4500000000003,796.6415093927731,1158.307905496114,0.30988078006565,0.7604439920993027,False,False
2018-05-07,2639.25,0.5843895045941081,0.6431864195801541,1.0222601117741783,1.5833769188584332,58.75,1539.6775330971195,1096.9,941.7202421230784,597.9572909740411,0.3568135804198459,0.5833769188584332,False,False
2018-05-08,2678.1,0.5759120271834509,0.6259651872172258,1.0074306411261715,1.7901977908176674,19.90000000000009,2116.2287035887953,1135.75,1001.7026321135475,1114.5260714752478,0.3740348127827742,0.7901977908176674,False,False
2018-05-09,2698.0,0.5716641957005189,0.7672918905865417,1.0,1.9493883892092132,0.0,2561.4498740864574,1155.65,627.8464791975107,1933.6033948889467,0.23270810941345832,0.9493883892092132,False,False
2018-05-10,2680.0,0.5755037313432836,0.7240060152268606,1.0,1.8424603525064809,0.0,2257.793744717369,1137.65,739.6638791920136,1518.1298655253554,0.2759939847731394,0.8424603525064809,False,False
2018-05-11,2625.4,0.5874723851603565,0.6539892702494591,1.0040374800030472,1.9966405720866494,10.599999999999909,2616.580157956289,1083.0500000000002,908.4165698870702,1708.1635880692188,0.3460107297505409,0.9966405720866494,False,False
2018-05-14,2630.0,0.5864448669201521,0.6539355708934249,1.0022813688212928,1.8273760038660525,6.0,2175.998890167718,1087.65,910.1494485502924,1265.8494416174256,0.3460644291065751,0.8273760038660525,False,False
2018-05-15,2611.2,0.5906671262254902,0.6349557202226566,1.009497549019608,1.7916610442978227,24.800000000000637,2067.1853188704745,1068.85,953.2036233545991,1113.9816955158753,0.36504427977734344,0.7916610442978227,False,False
2018-05-16,2619.85,0.5887169112735462,0.6850390569086148,1.0061644750653664,1.7526608037872986,16.15000000000009,1971.8584068021541,1077.5,825.1504267579655,1146.7079800441886,0.3149609430913852,0.7526608037872986,False,False
2018-05-17,2609.35,0.5910859026194263,0.7759028266653438,1.0102132715043977,2.186120578134431,26.65000000000009,3095.0037305550773,1067.0,584.7479592407851,2510.2557713142924,0.22409717333465617,1.1861205781344308,False,False
2018-05-18,2578.45,0.5981694428823519,0.7472950872941294,1.0223196106187826,2.11883713155218,57.55000000000018,2884.865601850718,1036.0999999999997,651.5869821664519,2233.2786196842662,0.2527049127058706,1.11883713155218,False,False
2018-05-21,2505.25,0.6156471410038918,0.6771477448481494,1.0521904001596647,1.5182702192447337,130.75,1298.3964667628693,962.8999999999999,808.8256122191735,489.57085454369576,0.32285225515185056,0.5182702192447337,False,False
2018-05-22,2514.5,0.6133823821833366,0.7273888790751453,1.048319745476238,1.6231662462026701,121.50000000000045,1566.9515260766138,972.1500000000001,685.4806635655473,881.4708625110666,0.27261112092485473,0.6231662462026701,False,False
2018-05-23,2547.35,0.6054723536223919,0.754187936220348,1.0348008714939054,1.8903998112694271,88.65000000000009,2268.1599592371754,1004.9999999999998,626.1693606690965,1641.990598568079,0.24581206377965203,0.8903998112694271,False,False
2018-05-24,2554.5,0.6037776472890977,0.683632582094069,1.0319044822861616,1.6174821110274422,81.5,1577.358052619601,1012.1500000000001,808.1605690407009,769.1974835789001,0.31636741790593104,0.6174821110274422,False,False
2018-05-25,2551.7,0.6044401771368108,0.7213359551335735,1.0330367989967473,1.6856650279345473,84.30000000000018,1749.6114517805845,1009.3499999999999,711.0670432856605,1038.544408494924,0.2786640448664265,0.6856650279345473,False,False
2018-05-28,2551.0,0.6046060368482947,0.6331915777069382,1.0333202665621326,1.5847103559664975,85.00000000000045,1491.5961180705349,1008.6500000000001,935.7282852696005,555.8678328009344,0.36680842229306176,0.5847103559664975,False,False
2018-05-29,2550.35,0.6047601309624169,0.5956606024499745,1.0335836257768545,1.710069489928264,85.650000000001,1810.9257236385479,1008.0,1031.2069825417075,779.7187410968404,0.40433939755002546,0.710069489928264,False,False
2018-05-30,2554.5,0.6037776472890977,0.5912400973145623,1.0319044822861616,1.9031253817600948,81.5,2307.033787706162,1012.1500000000001,1044.1771714099507,1262.8566162962113,0.4087599026854377,0.9031253817600948,False,False
2018-05-31,2516.05,0.6130045110391287,0.7381999102154155,1.0476739333479064,0.5905207425000016,119.94999999999982,1030.270285832871,973.7000000000003,658.7021159025037,371.5681699303673,0.26180008978458447,-0.40947925749999836,False,False
2018-06-01,2535.55,0.6082901145708031,0.7485491569809699,1.0396166512196563,2.0405593199750562,100.44999999999936,2638.3901837627536,993.2000000000003,637.5661850169017,2000.823998745852,0.2514508430190301,1.0405593199750562,False,False
2018-06-04,2549.5,0.6049617572072955,0.7205068363354171,1.033928221219847,2.0428250857312786,86.5,2658.6825560718953,1007.1500000000001,712.5678207628541,1946.1147353090412,0.2794931636645829,1.0428250857312786,False,False
2018-06-05,2491.1,0.6191441531853398,0.7099591244690702,1.058167074786239,1.645854374904724,144.9000000000001,1608.8878333251582,948.75,722.5208250350993,886.367008290059,0.29004087553092983,0.6458543749047241,False,False
2018-06-06,2504.7,0.6157823292210645,0.7248783411188415,1.0524214476783649,1.86382363103822,131.30000000000064,2163.6190486614296,962.3499999999997,689.0972189996376,1474.521829661792,0.27512165888115847,0.8638236310382199,False,False
2018-06-07,2536.05,0.6081701859190473,0.6801407138916308,1.0394116835235898,1.6980889263238375,99.94999999999982,1770.3884216035685,993.7000000000003,811.1791425351298,959.2092790684387,0.3198592861083692,0.6980889263238375,False,False
2018-06-08,2581.3,0.597509007089451,0.7535953556385061,1.0211908728160228,2.0091666594378346,54.69999999999982,2604.9618980068826,1038.9500000000003,636.0443084903243,1968.9175895165583,0.2464046443614939,1.0091666594378346,False,False
2018-06-11,2610.95,0.5907236829506501,0.6850003611472615,1.0095942090043857,1.847460568213851,25.050000000000637,2212.677170577954,1068.6,822.4483070625577,1390.2288635153961,0.3149996388527385,0.847460568213851,False,False
2018-06-12,2631.0,0.5862219688331433,0.7256494580505597,1.0019004180919802,1.7213282302082682,5.0,1897.8145736779534,1088.65,721.8162758689775,1175.9982978089758,0.2743505419494403,0.7213282302082682,False,False
2018-06-13,2635.65,0.5851877146055052,0.764977454347778,1.000132794566805,2.053137877031231,0.34999999999990905,2775.7028455973646,1093.3000000000002,619.437172448279,2156.2656731490856,0.23502254565222203,1.0531378770312312,False,False
2018-06-14,2636.0,0.5851100151745068,0.6934975199954608,1.0,2.088808807959108,0.0,2870.100017780208,1093.65,807.9405372919653,2062.1594804882425,0.30650248000453917,1.0888088079591078,False,False
2018-06-15,2629.2,0.5866233074699528,0.6594612673513789,1.0,1.7821101274461126,0.0,2056.3239470813196,1086.85,895.3444358797547,1160.979511201565,0.3405387326486211,0.7821101274461126,False,False
2018-06-18,2614.35,0.5899554382542506,0.6665517096815463,1.0,2.5612393365456416,0.0,4081.626059498098,1072.0,871.7505377940495,3209.875521704049,0.3334482903184537,1.5612393365456416,False,False
2018-06-19,2543.4,0.6064126759455846,0.7116092675125539,1.0059959109852952,2.276017991897408,15.249999999999545,3245.4241605918683,1001.0500000000002,733.4929890085702,2511.9311715832982,0.28839073248744607,1.2760179918974082,False,False
2018-06-20,2554.15,0.6038603840808096,0.7683306430206444,1.0017618385764344,2.6620714877074514,4.5,4245.179890327987,1011.8000000000004,591.7182881288213,3653.4616021991656,0.23166935697935565,1.6620714877074514,False,False
2018-06-21,2533.4,0.6088063472013894,0.7527120713106682,1.0099668429778164,2.7560321985139407,25.25,4448.731971715217,991.0500000000002,626.4792385415533,3822.2527331736637,0.2472879286893318,1.7560321985139407,False,False
2018-06-22,2550.05,0.6048312778180819,0.7294944390627891,1.0033724828924924,1.9716911818232532,8.600000000000364,2477.8610982083874,1007.7000000000003,689.8027056679348,1788.0583925404526,0.2705055609372109,0.9716911818232532,False,False
2018-06-25,2558.65,0.6027983506927481,0.720195451010123,1.0,2.02177234779845,0.0,2614.3578176945043,1016.3,715.921909272949,1898.4359084215553,0.27980454898987706,1.02177234779845,False,False
2018-06-26,2477.8,0.6224675115021389,0.6946466236696078,1.0,1.8804184472362833,0.0,2181.5008285620625,935.4500000000005,756.6045958714458,1424.8962326906167,0.30535337633039217,0.8804184472362833,False,False
2018-06-27,2408.9,0.6402714932126696,0.7122686408402462,1.0,1.6810455558268949,0.0,1640.570639431407,866.5500000000002,693.1160710799309,947.4545683514762,0.2877313591597538,0.6810455558268949,False,False
2018-06-28,2388.0,0.6458752093802345,0.6630492610235604,1.0041666666666669,1.4329798224833832,9.950000000000273,1033.9558160903189,845.6500000000001,804.6383646757376,229.31745141458123,0.33695073897643957,0.4329798224833832,False,False
2018-06-29,2397.95,0.6431952292583248,0.6639983635311292,1.0,1.2054436206585901,0.0,492.643530158266,855.5999999999999,805.7151241705287,-313.0715940122627,0.3360016364688708,0.20544362065859012,False,False
2018-07-02,2384.3,0.6468774902487102,0.7963091774549105,1.0,1.8805927408955636,0.0,2099.597272117292,841.9500000000003,485.66002819425694,1613.937243923035,0.20369082254508952,0.8805927408955636,False,False
2018-07-03,2377.7,0.6486730874374396,0.769856986652512,1.0,1.6570815332560853,0.0,1562.3427616229937,835.3499999999999,547.2110428363221,1015.1317187866716,0.230143013347488,0.6570815332560853,False,False
2018-07-04,2360.0,0.6535381355932203,0.8199752840835031,1.0,1.9106375975256258,0.0,2149.1047301604767,817.6500000000001,424.8583295629328,1724.246400597544,0.18002471591649694,0.9106375975256258,False,False
2018-07-05,2229.65,0.6917453411970488,0.7474264962730358,1.0034310317762878,1.8774417251332984,7.650000000000091,1956.3879424434585,687.3000000000002,563.1505125848257,1393.2374298586328,0.2525735037269642,0.8774417251332984,False,False
2018-07-06,2092.15,0.7372081351719523,0.7821685283165133,1.069378390650766,1.8110991707244732,145.1500000000001,1696.9411300312067,549.8000000000002,455.7361134826067,1241.2050165486,0.2178314716834867,0.8110991707244732,False,False
2018-07-09,2159.0,0.7143816581750808,0.7672009020463888,1.0362667901806393,1.208577554133166,78.30000000000018,450.3189393735056,616.6500000000005,502.61325248184653,-52.29431310834093,0.2327990979536112,0.20857755413316603,False,False
2018-07-10,2167.85,0.7114652766565952,0.7291238157891523,1.0320363493784166,1.3133671851248847,69.45000000000027,679.3330522729811,625.5,587.218935941486,92.1141163314951,0.2708761842108477,0.3133671851248847,False,False
2018-07-11,2189.8,0.7043337291076809,0.7389742391336245,1.0216914786738516,1.5500878390905672,47.5,1204.582350040524,647.4500000000005,571.5942111451891,632.9881388953349,0.2610257608663755,0.5500878390905672,False,False
2018-07-12,2170.55,0.7105802676740918,0.8310189309683296,1.0307525742323371,1.6150125140815748,66.74999999999955,1334.9154124397623,628.2000000000003,366.7818593866923,968.13355305307,0.16898106903167043,0.6150125140815748,False,False
2018-07-13,2103.3,0.7333000522987685,0.7528764178095366,1.0637094090239148,1.479795052545426,134.0,1009.1529340187944,560.9500000000003,519.7750304212016,489.3779035975929,0.24712358219046338,0.479795052545426,False,False
2018-07-16,2044.7,0.7543160365823837,0.7613166570501843,1.094194747395706,1.3753328898541124,192.60000000000014,767.4431598847038,502.35000000000014,488.03583132948825,279.4073285552156,0.23868334294981575,0.3753328898541124,False,False
2018-07-17,1977.5,0.7799494310998736,0.8030768691724562,1.1313780025284452,1.6148965112893254,259.80000000000064,1215.957851074641,435.1500000000001,389.4154912114677,826.5423598631733,0.19692313082754376,0.6148965112893254,False,False
2018-07-18,1950.35,0.7908067782705668,0.7388785013133053,1.1471274386648551,1.2175487932192315,286.9500000000003,424.2962888551283,408.0,509.278314963595,-84.9820261084667,0.26112149868669465,0.21754879321923148,False,False
2018-07-19,1977.15,0.7800874996838884,0.7932553257659369,1.1315782818703692,1.3249849101946287,260.15000000000055,642.5439151913101,434.8000000000002,408.7652326618779,233.77868252943222,0.20674467423406306,0.3249849101946287,False,False
2018-07-20,1978.0,0.7797522750252779,0.7293267883839004,1.1310920121334682,1.518348606655893,259.3000000000002,1025.2935439653565,435.6500000000003,535.391612576645,489.90193138871155,0.2706732116160996,0.5183486066558931,False,False
2018-07-23,2153.65,0.7161562928052375,0.8110347676956422,1.0388410373087549,1.7029757966669496,83.65000000000009,1513.963824491776,611.3000000000002,406.9649725522802,1106.9988519394958,0.1889652323043578,0.7029757966669496,False,False
2018-07-24,2207.05,0.6988287533132461,0.7958907502513056,1.0137060782492466,1.6151446428521137,30.25,1357.6549840067578,664.7000000000003,450.47931965785597,907.1756643489018,0.20410924974869438,0.6151446428521137,False,False
2018-07-25,2168.5,0.7112520175236338,0.7441606913774489,1.0317270002305745,1.2226022428133554,68.80000000000064,482.71296354076094,626.1500000000001,554.7875407480021,-72.07457720724119,0.2558393086225511,0.2226022428133554,False,False
2018-07-26,2190.0,0.7042694063926941,0.7198921586201878,1.0215981735159818,1.573495806942776,47.30000000000018,1255.9558172046795,647.6499999999999,613.4361726217885,642.519644582891,0.28010784137981215,0.573495806942776,False,False
2018-07-30,2133.55,0.7229031426495746,0.7680705849551419,1.0308640528696305,1.7491309052522013,65.84999999999991,1598.308242900834,591.2000000000003,494.83300346895703,1103.475239431877,0.2319294150448581,0.7491309052522013,False,False
2018-07-31,2199.4,0.7012594343911975,0.8213894535163104,1.0,2.2360740344074523,0.0,2718.621231275751,657.0500000000002,392.83603593622684,2325.7851953395243,0.17861054648368957,1.2360740344074523,False,False
2018-08-01,2150.05,0.7173554103392943,0.7868826647725788,1.0029766749610471,1.6832902144333186,6.399999999999636,1469.108125542357,607.7000000000003,458.2129266057168,1010.8951989366401,0.21311733522742116,0.6832902144333186,False,False
2018-08-02,2101.7,0.7338583051815197,0.7382384834572325,1.02605034020079,1.499048423269258,54.75,1048.8500711849997,559.3499999999999,550.1441793179342,498.7058918670655,0.26176151654276747,0.499048423269258,False,False
2018-08-03,2156.45,0.7152264137819101,0.8349011714718944,1.0,1.7755018794600232,0.0,1672.331027961567,614.0999999999999,356.02736877943335,1316.3036591821337,0.16509882852810565,0.7755018794600232,False,False
2018-08-06,2134.7,0.7179697381365064,0.7489129971759619,1.001381927202886,1.4172604375069033,2.9500000000011823,890.7258559459865,602.0499999999997,535.995424928474,354.7304310175125,0.25108700282403806,0.41726043750690334,False,False
2018-08-07,2137.65,0.7169789254555236,0.7483758759307285,1.0,1.3543505215164586,0.0,757.4773923196576,605.0,537.8843088166782,219.59308350297943,0.2516241240692715,0.3543505215164586,False,False
2018-08-08,2108.5,0.726891154849419,0.6785805647080749,1.0091771401470242,1.7169319520574353,19.350000000000364,1511.6510209131025,575.8499999999999,677.7128793130239,833.9381416000786,0.32141943529192507,0.7169319520574353,False,False
2018-08-09,2127.85,0.7202810348473813,0.7023499951494457,1.0,1.4437775697626059,0.0,944.2921018193606,595.1999999999998,633.3545628212519,310.9375389981087,0.29765000485055426,0.44377756976260585,False,False
2018-08-10,2022.85,0.7570012605976716,0.6720756548637972,1.0212818548088094,1.9939663466727993,43.05000000000018,2010.644824367072,491.54999999999995,663.3417615587678,1347.3030628083043,0.32792434513620283,0.9939663466727993,False,False
2018-08-13,2014.05,0.7603088304659765,0.6652434588510044,1.0257441473647626,1.3583304163451695,51.850000000000136,721.6953750399887,482.75,674.2164117011346,47.4789633388541,0.33475654114899556,0.3583304163451695,False,False
2018-08-14,2065.9,0.7392903819158719,0.7886300598325292,1.0,1.439039824999309,0.0,907.0123744660727,538.6000000000001,436.6691593919779,470.3432150740948,0.2113699401674708,0.43903982499930905,False,False
2018-08-16,2019.0,0.7564635958395245,0.7752303068180704,1.0154779593858343,1.5327337714834055,31.249999999999545,1075.5894846249957,491.70000000000005,453.810010534316,621.7794740906797,0.22476969318192963,0.5327337714834055,False,False
2018-08-17,2042.25,0.7478516342269556,0.7117660102370458,1.0039172481331864,1.3952367384090056,8.0,807.1722290157918,514.95,588.6458655933932,218.52636342239862,0.2882339897629542,0.39523673840900564,False,False
2018-08-20,2010.25,0.7377938067404552,0.7484427910191408,1.0198980226340006,1.5002763026776886,40.0,1005.6804374578237,527.0999999999999,505.69287935377224,499.98755810405146,0.2515572089808592,0.5002763026776886,False,False
2018-08-21,1997.05,0.7426704388973737,0.7070950739026852,1.0266392929571118,1.666098387851041,53.200000000000045,1330.2317854579212,513.8999999999999,584.9457826626424,745.2860027952788,0.2929049260973148,0.6660983878510409,False,False
2018-08-23,2019.1,0.7345599524540638,0.8170139846354246,1.0154276657916894,1.8612469963692817,31.15000000000009,1738.9438103692164,535.9499999999998,369.4670636226142,1369.4767467466022,0.18298601536457537,0.8612469963692817,False,False
2018-08-24,2002.0,0.7408341658341658,0.7948061579565974,1.024100899100899,1.4050690085198303,48.25,810.9481550567002,518.8499999999999,410.79807177089197,400.15008328580825,0.20519384204340263,0.4050690085198303,False,False
2018-08-27,1990.0,0.7453015075376885,0.7561087031256781,1.0302763819095475,1.5781204602449277,60.249999999999545,1150.4597158874062,506.8499999999999,485.3436807799005,665.1160351075057,0.24389129687432187,0.5781204602449277,False,False
2018-08-28,1959.0,0.7570954568657479,0.694044587435946,1.046579887697805,1.565427337697468,91.25,1107.6721545493397,475.8499999999999,599.3666532129819,508.3055013363578,0.305955412564054,0.5654273376974679,False,False
2018-08-29,1980.8,0.7487631260096931,0.7565071384726343,1.0350615912762522,1.3710026195733809,69.4500000000005,734.8819888509527,497.64999999999986,482.3106601134059,252.57132873754676,0.2434928615273657,0.3710026195733809,False,False
2018-08-30,1984.25,0.7474612574020412,0.7676837273626226,1.0332619377598589,1.5321698826211625,66.0,1055.9580895910417,501.0999999999999,460.9735639807161,594.9845256103256,0.23231627263737742,0.5321698826211625,False,False
2018-08-31,1984.4,0.7474047571054223,0.7937202130779981,1.0331838339044548,1.6011699425465675,65.84999999999991,1192.9616339894087,501.25,409.34160916802057,783.6200248213881,0.20627978692200188,0.6011699425465675,False,False
2018-09-03,1977.9,0.7498609636483139,0.7679648593502786,1.0365792001617875,1.2807194240181916,72.34999999999945,555.2349487655811,494.75,458.942304691084,96.29264407449705,0.23203514064972142,0.2807194240181916,False,False
2018-09-04,1999.75,0.741667708463558,0.7200191670202478,1.0252531566445806,1.3737261413814332,50.5,747.358851227521,516.5999999999999,559.8916707512594,187.46718047626155,0.2799808329797522,0.37372614138143323,False,False
2018-09-05,1961.25,0.7562268961121734,0.7806169007395162,1.045379222434672,1.3380004381772714,89.00000000000045,662.9033593751737,478.0999999999999,430.26510342462393,232.63825595054982,0.21938309926048383,0.33800043817727143,False,False
2018-09-06,1895.05,0.7826442574074564,0.7111507641987361,1.0818975752618665,1.2642695536110562,155.20000000000005,500.80401757063214,411.89999999999986,547.383744305185,-46.57972673455288,0.28884923580126387,0.2642695536110562,False,False
2018-09-07,1885.15,0.7867543696788054,0.6894064002261799,1.0875792377264408,1.2134936581854374,165.0999999999999,402.46756972827734,402.0,585.5155246136169,-183.04795488533955,0.31059359977382006,0.21349365818543742,False,False
2018-09-10,1871.85,0.7923444720463714,0.7899692005638819,1.0953067820605284,1.4788796618064879,178.4000000000001,896.3908949524744,388.6999999999998,393.14615192449764,503.2447430279767,0.21003079943611813,0.4788796618064879,False,False
2018-09-11,1777.35,0.8344726699862155,0.7409980420718626,1.1535431963316174,1.4114879562594211,272.9000000000001,731.358119057682,294.1999999999998,460.33712992357505,271.0209891341069,0.2590019579281374,0.41148795625942114,False,False
2018-09-12,1745.15,0.8498696387130046,0.7395036481652297,1.1748273787353525,1.1711333885389585,305.10000000000036,298.6534330087636,262.0,454.6052084044493,-155.95177539568567,0.26049635183477027,0.17113338853895854,False,False
2018-09-14,1801.5,0.8232861504301972,0.7752894955500385,1.1380793782958645,1.312867269176886,248.75,563.6303854221601,318.3499999999999,404.8159737666058,158.8144116555543,0.22471050444996155,0.3128672691768859,False,False
2018-09-17,1863.5,0.7958948215723102,0.7037433611097587,1.100214649852428,1.408566874267608,186.74999999999955,761.3643701976875,380.3499999999999,552.0742465719647,209.2901236257228,0.29625663889024134,0.40856687426760807,False,False
2018-09-18,1810.9,0.8190126456458114,0.6619387512882111,1.1321718482522505,1.4082350232791994,239.35000000000036,739.2728036563021,327.75,612.1951152921786,127.07768836412356,0.3380612487117889,0.40823502327919936,False,False
2018-09-19,1799.3,0.82429278052576,0.5870183028610745,1.1394709053520813,1.364959953276255,250.95000000000005,656.6724439299658,316.14999999999986,743.0779676620687,-86.40552373210289,0.4129816971389255,0.3649599532762551,False,False
2018-09-21,1805.5,0.8214621988368873,0.5524345901842134,1.135558017169759,1.5648415354125804,244.75,1019.821392187414,322.3499999999999,808.0793474224027,211.7420447650112,0.44756540981578663,0.5648415354125804,False,False
2018-09-24,1710.25,0.8672123958485602,0.47880426423586997,1.198801344832627,1.3371380420834598,340.0,576.5903364732371,227.0999999999999,891.3750070906034,-314.78467061736626,0.52119573576413,0.33713804208345977,False,False
2018-09-25,1728.1,0.8582547306290146,0.4162862537981522,1.1864186100341416,1.38497562670962,322.1500000000001,665.2763805168943,244.94999999999982,1008.7157248114131,-343.43934429451883,0.5837137462018478,0.38497562670962004,False,False
2018-09-26,1745.4,0.8497479087888163,0.38749083301313647,1.1746591039303311,1.6008437872109518,304.8499999999999,1048.7127461979953,262.25,1069.0735000588716,-20.36075386087623,0.6125091669868635,0.6008437872109518,False,False
2018-09-27,1700.4,0.8722359444836509,0.783603347058398,1.2057457068924955,1.7631355115248333,349.84999999999945,1297.6356237968266,217.25,367.9608686619001,929.6747551349265,0.21639665294160204,0.7631355115248333,False,False
2018-09-28,1803.8,0.8222363898436634,0.6242691351853598,1.1366282292937129,1.2877918456190454,246.44999999999914,519.1189311276341,320.64999999999986,677.7433339526481,-158.62440282501393,0.37573086481464024,0.28779184561904536,False,False
2018-10-01,1809.95,0.8194425260366309,0.5957287999724603,1.1327660985110086,1.5490046670764883,240.29999999999995,993.67099717509,326.79999999999995,731.7106584898454,261.96033868524455,0.4042712000275397,0.5490046670764883,False,False
2018-10-03,1807.2,0.8206894643647632,0.8635690941230599,1.1344898185037626,1.5786609801171245,243.04999999999995,1045.7561232676674,324.04999999999995,246.55793310080617,799.1981901668612,0.13643090587694007,0.5786609801171245,False,False
2018-10-04,1718.85,0.8628734328184543,0.7688000306148047,1.1928033278063823,1.5512881964432346,331.4000000000001,947.5817164564537,235.69999999999982,397.3980673777428,550.1836490787109,0.23119996938519527,0.5512881964432346,False,False
2018-10-05,1608.2,0.9222422584255692,0.7289695071850628,1.2748725282925009,1.8216905339118732,442.04999999999995,1321.4427166370745,125.04999999999973,435.8712385449819,885.5714780920925,0.2710304928149372,0.8216905339118732,False,False
2018-10-08,1583.4,0.9366868763420488,0.5664834649725453,1.2948402172540103,1.4381920778663124,466.8499999999999,693.8333360935189,100.24999999999977,686.4300815624717,7.403254531047196,0.4335165350274547,0.4381920778663124,False,False
2018-10-09,1542.35,0.9616170129996436,0.8178906951679913,1.3293026874574514,1.731490298029808,507.9000000000001,1128.214061166274,59.19999999999959,280.87628630764857,847.3377748586254,0.1821093048320087,0.7314902980298079,False,False
2018-10-10,1652.25,0.8976547132697836,0.7359066973730118,1.240883643516417,1.6916120386447275,398.0,1142.715990850751,169.0999999999999,436.34815926544115,706.3678315853099,0.26409330262698816,0.6916120386447275,False,False
2018-10-11,1696.4,0.8742926196651734,0.8589890925084382,1.2085887762320209,1.8911491254518964,353.85000000000036,1511.745376416597,213.25,239.21090346868527,1272.5344729479118,0.14101090749156175,0.8911491254518964,False,False
2018-10-12,1698.8,0.8730574523192843,0.7871437265280656,1.2068813279962327,1.7391632924690583,351.45000000000005,1255.6906012464362,215.64999999999986,361.6002373741221,894.0903638723141,0.21285627347193437,0.7391632924690583,False,False
2018-10-15,1619.7,0.9156942643699448,0.6633449130636878,1.2658208310180898,1.4719905313958233,430.54999999999995,764.4830637018151,136.5500000000004,545.2802443107448,219.2028193910703,0.3366550869363122,0.47199053139582325,False,False
2018-10-16,1671.45,0.887343324658231,0.8040339538032134,1.2266295731251309,1.7122757148788077,378.79999999999995,1190.533243634183,188.29999999999995,327.54744791561893,862.9857957185641,0.1959660461967866,0.7122757148788077,False,False
2018-10-17,1636.75,0.9061554910646098,0.6848320987793048,1.252634794562395,1.5222094644258437,413.5,854.7263408989998,153.5999999999999,515.8510623229729,338.87527857602686,0.31516790122069516,0.5222094644258437,False,False
2018-10-19,1650.8,0.898443179064696,0.5481374010905818,1.241973588563121,1.5704082887367132,399.45000000000005,941.6300030465661,167.64999999999986,745.9347782796675,195.6952247668986,0.45186259890941816,0.5704082887367132,False,False
2018-10-22,1634.85,0.9072086124109248,0.7881883229424471,1.254090589350705,1.6317592955564617,415.4000000000001,1032.8316843404814,151.6999999999996,346.2803202375403,686.5513641029411,0.21181167705755288,0.6317592955564617,False,False
2018-10-23,1575.4,0.9414434429351276,0.7222100034521676,1.3014155135203758,1.4097282070851627,474.8499999999999,645.4858174419651,92.25,437.6303605614553,207.8554568805098,0.27778999654783243,0.40972820708516267,False,False
2018-10-24,1575.45,0.9414135643784316,0.7425648241869219,1.3013742105430195,1.7711238931405324,474.79999999999995,1214.8671374482517,92.29999999999995,405.5762477347139,809.2908897135378,0.25743517581307807,0.7711238931405324,False,False
2018-10-25,1634.05,0.9076527646032864,0.6164174391810991,1.2547045684036595,1.803045639763325,416.20000000000005,1312.2167276552611,150.89999999999986,626.793083506125,685.4236441491362,0.38358256081890085,0.803045639763325,False,False
2018-10-26,1599.75,0.9271136115017972,0.8214066242532064,1.2816065010157838,1.7708992533761787,450.5,1233.246080588542,116.59999999999991,285.7047528509331,947.541327737609,0.17859337574679357,0.7708992533761787,False,False
2018-10-29,1599.9,0.927026689168073,0.864014730164495,1.3033627101693854,1.9108111244711115,485.3499999999999,1457.2067180413314,116.75,217.56283320982448,1239.643884831507,0.13598526983550496,0.9108111244711115,False,False
2018-10-30,1588.25,0.9338265386431608,0.825941758905765,1.3129230284904772,1.7074711811718277,497.00000000000045,1123.6411034961552,105.09999999999991,276.4480014179187,847.1931020782365,0.17405824109423496,0.7074711811718277,False,False
2018-10-31,1681.05,0.8822759584783321,0.821849156539578,1.2404449599952412,1.7666994748969067,404.20000000000005,1288.860152275445,197.89999999999986,299.4804753991423,989.3796768763027,0.17815084346042198,0.7666994748969067,False,False
2018-11-01,1728.9,0.8578575973162126,0.838697046563502,1.206113713922147,2.0864481764392417,356.3499999999999,1878.360252245805,245.75,278.87667619636136,1599.4835760494436,0.16130295343649803,1.0864481764392417,False,False
2018-11-02,1772.2,0.8368976413497349,0.7518580619893779,1.1766448482112628,2.2012085343782015,313.04999999999995,2128.7817646250487,289.04999999999995,439.7571425424246,1689.024622082624,0.24814193801062212,1.2012085343782015,False,False
2018-11-05,1783.9,0.8314087112506306,0.8275165918271925,1.1863893716015472,1.6059401653774508,332.5,1080.9366610168345,300.75,307.6931518394713,773.2435091773632,0.1724834081728075,0.6059401653774508,False,False
2018-11-06,1744.0,0.8504300458715597,0.6723290925081881,1.2135321100917429,1.5703262075294493,372.39999999999964,994.6489059313594,260.8499999999999,571.45806266572,423.1908432656394,0.32767090749181194,0.5703262075294493,False,False
2018-11-07,1827.8,0.8114399824926142,0.8268611532480494,1.1578947368421053,1.8208767762088502,288.60000000000014,1500.3985715545366,344.64999999999986,316.4631840932152,1183.9353874613214,0.17313884675195057,0.8208767762088502,False,False
2018-11-09,1821.95,0.8140453909273032,0.8074266322278059,1.1616125579735996,1.7897057297310734,294.45000000000005,1438.8043542835292,338.79999999999995,350.8590474125492,1087.94530687098,0.19257336777219414,0.7897057297310734,False,False
2018-11-12,1766.0,0.8398357870894678,0.7823730489308128,1.1984144960362402,1.7067866448393172,350.4000000000001,1248.1852147862342,282.8499999999999,384.3291955881846,863.8560191980496,0.21762695106918717,0.7067866448393172,False,False
2018-11-13,1771.95,0.8370157171477751,0.6656700000702578,1.1943903609018314,1.614337767589248,344.45000000000005,1088.5758072797682,288.79999999999995,592.4160433755067,496.1597639042616,0.3343299999297422,0.6143377675892481,False,False
2018-11-14,1768.75,0.8385300353356892,0.8109011849890354,1.196551236749117,1.880783714148782,347.65000000000055,1557.886194400658,285.5999999999999,334.4685290506436,1223.4176653500144,0.1890988150109646,0.880783714148782,False,False
2018-11-15,1788.0,0.8295022371364654,0.756487936936212,1.183668903803132,2.008483771759291,328.4000000000001,1803.1689839056125,304.8499999999999,435.39956875805296,1367.7694151475596,0.24351206306378803,1.0084837717592912,False,False
2018-11-16,1778.0,0.8341676040494939,0.8417477027278538,1.1903262092238471,1.9936553274499715,338.4000000000001,1766.7191722060493,294.8499999999999,281.3725845498759,1485.3465876561734,0.15825229727214618,0.9936553274499715,False,False
2018-11-19,1783.85,0.8314320150236848,0.7308397429906253,1.1864226252207306,1.9707940566335207,332.5500000000002,1731.7509779257057,300.6999999999998,480.141524466173,1251.6094534595327,0.26916025700937474,0.9707940566335207,False,False
2018-11-20,1754.4,0.8453887368901049,0.5850172683275278,1.2063383492932056,1.939279594579288,362.0,1647.8721207299031,271.25,728.0457044461853,919.8264162837179,0.41498273167247224,0.939279594579288,False,False
2018-11-21,1715.05,0.8647852832278943,0.8199572908901269,1.234016500976648,1.121515186098203,401.35000000000014,208.40461991772327,231.89999999999986,308.7822482588879,-100.37762834116461,0.18004270910987308,0.12151518609820311,False,False
2018-11-22,1758.0,0.8436575654152446,0.8058221819128704,1.20386803185438,1.6671309915551404,358.4000000000001,1172.816283153937,274.8499999999999,341.364604197174,831.4516789567631,0.19417781808712964,0.6671309915551404,False,False
2018-11-26,1780.0,0.8332303370786517,0.8133753766359407,1.188988764044944,1.9502840854136885,336.4000000000001,1691.5056720363655,296.8499999999999,332.1918295880255,1359.31384244834,0.18662462336405927,0.9502840854136885,False,False
2018-11-27,1788.5,0.8292703382722952,3.2460939712840133,1.1833379927313392,-9.464077536225545,327.9000000000001,18715.002673539388,305.3499999999999,4017.1390676414576,14697.86360589793,-2.2460939712840133,-10.464077536225545,False,False
2018-11-28,1760.1,0.8426509857394467,1.9249763806365774,1.202431680018181,-34.22313707340347,356.3000000000002,61996.24356289744,276.9499999999998,1628.05092755844,60368.192635339,-0.9249763806365774,-35.22313707340347,False,False
2018-11-29,1798.3,0.8247511538675416,0.8385727507845127,1.176889284324084,2.4208903820849024,318.10000000000014,2555.18717410328,315.14999999999986,290.29462226421083,2264.8925518390693,0.16142724921548735,1.4208903820849024,False,False
2018-11-30,1751.9,0.8465951252925396,0.7995489030533763,1.2080598207660254,2.0821889929092983,364.5,1895.8868966777995,268.75,351.1702767407901,1544.7166199370095,0.20045109694662366,1.0821889929092983,False,False
2018-12-03,1769.75,0.8380562226303151,0.8241536680551643,1.195875123605029,1.9972708180397891,346.6500000000001,1764.920030225917,286.5999999999999,311.20404595937293,1453.715984266544,0.17584633194483568,0.9972708180397891,False,False
2018-12-04,1783.4,0.8316418077828867,0.7761601264079301,1.1867219917012448,2.1025151515020584,333.0,1966.225521188771,300.25,399.19603056409755,1567.0294906246734,0.22383987359206992,1.1025151515020584,False,False
2018-12-05,1760.0,0.8426988636363637,0.7564983823092563,1.2025,1.9016172299413387,356.39999999999964,1586.8463246967563,276.8499999999999,428.56284713570903,1158.2834775610472,0.24350161769074374,0.9016172299413387,False,False
2018-12-06,1821.4,0.8142912045679148,0.7652951938566507,1.1619633249149006,2.064430546005508,295.0,1938.7537964944327,338.25,427.49133390949646,1511.2624625849362,0.23470480614334932,1.0644305460055081,False,False
2018-12-07,1790.0,0.8285754189944134,0.608750382748975,1.182346368715084,1.7659998482426307,326.4000000000001,1371.1397283543088,306.8499999999999,700.3368148793347,670.802913474974,0.39124961725102503,0.7659998482426307,False,False
2018-12-10,1774.65,0.8357422590369932,0.8387857982197687,1.1925731834446232,1.7989169050241696,341.75000000000045,1417.7978855011424,291.5,286.09878318928736,1131.699102311855,0.16121420178023127,0.7989169050241696,False,False
2018-12-11,1767.9,0.8389331975790486,0.8163322293538179,1.197126534306239,1.7962155492024916,348.5,1407.629469435085,284.75,324.7062517253853,1082.9232177096997,0.18366777064618212,0.7962155492024916,False,False
2018-12-12,1827.8,0.8114399824926142,0.8350770202604172,1.1578947368421053,1.8430899105064729,288.60000000000014,1540.999738423731,344.64999999999986,301.44622236800956,1239.5535160557215,0.1649229797395828,0.8430899105064729,False,False
2018-12-13,1830.0,0.810464480874317,0.7393342695437829,1.1565027322404369,2.033865145325362,286.39999999999964,1891.9732159454124,346.8499999999999,477.0182867348774,1414.954929210535,0.2606657304562171,1.033865145325362,False,False
2018-12-14,1836.0,0.8078159041394336,0.8318899245080144,1.1527233115468407,2.061473225515021,280.39999999999964,1948.8648420455788,352.8499999999999,308.65009860328564,1640.2147434422932,0.16811007549198564,1.0614732255150212,False,False
2018-12-17,1796.9,0.8253937336524013,0.8176659109719319,1.1778062218264789,1.8142138273209572,319.5,1463.060826313028,313.75,327.63612457453564,1135.4247017384923,0.18233408902806814,0.8142138273209572,False,False
2018-12-18,1807.35,0.8206213517027693,0.7263820909517317,1.1709962099206022,2.074262565627329,309.0500000000002,1941.568447986553,324.1999999999998,494.5233279183876,1447.0451200681655,0.2736179090482683,1.074262565627329,False,False
2018-12-19,1800.4,0.8237891579648967,0.7006878747639355,1.1755165518773605,3.471218678870592,316.0,4449.182109438614,317.25,538.8815502750106,3910.300559163604,0.29931212523606454,2.471218678870592,False,False
2018-12-20,1789.5,0.8288069293098631,0.8478243760586069,1.1826767253422743,2.113594911897895,326.9000000000001,1992.7780948412828,306.3499999999999,272.31827904312286,1720.45981579816,0.15217562394139306,1.113594911897895,False,False
2018-12-21,1793.95,0.826751024276039,0.7976209519669323,1.1797430251679255,2.2049350398880465,322.45000000000005,2161.5932148071615,310.79999999999995,363.0578932189219,1798.5353215882396,0.20237904803306772,1.2049350398880465,False,False
2018-12-24,1787.7,0.8296414387201432,0.7988688470354721,1.1838675392963025,2.243135326853758,328.70000000000005,2222.353023816463,304.54999999999995,359.5621621546866,1862.7908616617765,0.20113115296452788,1.243135326853758,False,False
2018-12-26,1790.5,0.8283440379782184,0.7409037632846364,1.1820161965931304,2.3852381730762815,325.9000000000001,2480.268948893082,307.3499999999999,463.9118118388585,2016.3571370542234,0.25909623671536364,1.3852381730762815,False,False
2018-12-27,1786.15,0.8303613918203958,0.8744026637295302,1.1848948856479018,3.1414233800160325,330.25,3824.903370215636,303.0,224.3356821794996,3600.5676880361366,0.12559733627046976,2.1414233800160325,False,False
2018-12-28,1786.15,0.8303613918203958,0.733793892436652,1.1848948856479018,2.474889142546976,330.25,2634.3732419602816,303.0,475.4840390242739,2158.8892029360077,0.26620610756334795,1.4748891425469761,False,False
2018-12-31,1813.2,0.8179737480697109,0.6137367680318309,1.1672181778071915,2.527514449814076,303.1999999999996,2769.6892004028823,330.0500000000002,700.3724922046842,2069.3167081981983,0.38626323196816914,1.5275144498140758,False,False
2019-01-01,1808.85,0.8199408463941179,0.8530732251475371,1.170025154103436,1.7736969883304834,307.5500000000002,1399.5017973415947,325.6999999999998,265.76849669187754,1133.7333006497172,0.14692677485246286,0.7736969883304834,False,False
2019-01-02,1753.8,0.8456779564374501,1.129090418536408,1.2067510548523208,9.468254733045057,362.60000000000014,14851.625150814423,270.64999999999986,226.39877602915226,14625.22637478527,-0.1290904185364079,8.468254733045057,True,False
2019-01-03,1679.65,0.8830113416485578,0.7889358281876632,1.2600244098472897,1.6399016505987483,436.75,1074.8108074281877,196.5,354.51393618459156,720.2968712435961,0.21106417181233683,0.6399016505987483,False,False
2019-01-04,1727.5,0.8585528219971057,0.7815248324479164,1.2251230101302462,1.933218757671101,388.9000000000001,1612.1354038768272,244.3499999999999,377.4158519462244,1234.7195519306028,0.21847516755208363,0.9332187576711011,False,False
2019-01-07,1748.45,0.8482656066802025,0.6883393166829097,1.2104435357030512,2.1241733680495773,367.95000000000005,1965.5609253662835,265.29999999999995,544.9231217457666,1420.637803620517,0.3116606833170903,1.1241733680495773,False,False
2019-01-08,1749.7,0.8476595987883637,0.8913148613170934,1.2095787849345605,2.0539956898802556,366.7000000000005,1844.1762585834833,266.54999999999995,190.16638715348176,1654.0098714300016,0.10868513868290663,1.0539956898802556,False,False
2019-01-09,1776.6,0.8348249465270743,0.8376983751639866,1.1912642125408084,1.542082098367259,339.8000000000002,963.0630559592723,293.4499999999998,288.34506668366134,674.717989275611,0.1623016248360134,0.542082098367259,False,False
2019-01-10,1758.8,0.8432738230611782,0.8101962089709258,1.203320445758472,1.5817454485419944,357.6000000000006,1023.1738948956597,275.64999999999986,333.8269076619356,689.3469872337241,0.1898037910290742,0.5817454485419944,False,False
2019-01-11,1740.0,0.8523850574712645,0.775172534270969,1.2163218390804598,1.9928610265014974,376.4000000000001,1727.5781861126056,256.8499999999999,391.19979036851396,1336.3783957440917,0.224827465729031,0.9928610265014974,False,False
2019-01-14,1832.2,0.8094913219080887,0.8147189906541292,1.1551140705163192,4.1159887933001125,284.20000000000005,5709.114667084466,349.04999999999995,339.4718653235045,5369.642801760961,0.18528100934587077,3.1159887933001125,False,False
2019-01-15,1832.2,0.8094913219080887,0.8707524991875417,1.1551140705163192,2.089137932244874,284.20000000000005,1995.5185194590588,349.04999999999995,236.80727098858597,1758.7112484704728,0.12924750081245828,1.0891379322448742,False,False
2019-01-16,1832.2,0.8094913219080887,0.7286710434567163,1.1551140705163192,1.852672149540215,284.20000000000005,1562.2659123875817,349.04999999999995,497.1289141786044,1065.1369982089773,0.2713289565432837,0.852672149540215,False,False
2019-01-17,1808.0,0.8203263274336283,0.6400449691879531,1.1705752212389382,1.9501014178872786,308.4000000000001,1717.7833635401998,324.8499999999999,650.798695708181,1066.9846678320189,0.35995503081204694,0.9501014178872786,False,False
2019-01-18,1805.0,0.8216897506925208,0.889577986264627,1.1725207756232687,1.894038533264017,311.4000000000001,1613.739552541551,321.8499999999999,199.31173479234826,1414.4278177492026,0.11042201373537297,0.894038533264017,False,False
2019-01-22,1775.0,0.8355774647887324,0.8541740116964996,1.192338028169014,1.778287445439922,341.39999999999964,1381.4602156558617,291.8499999999999,258.84112923871317,1122.6190864171485,0.14582598830350035,0.778287445439922,False,False
2019-01-23,1789.6,0.8287606168976308,0.8678585361405208,1.1826106392489943,2.2211684329071115,326.8000000000002,2185.4030275305668,306.4499999999998,236.48036372292404,1948.9226638076427,0.13214146385947922,1.2211684329071115,False,False
2019-01-24,1770.25,0.8378195170173705,0.7561202109698151,1.1955373534811469,2.0296182302546946,346.1500000000001,1822.6816721083733,287.0999999999999,431.72819653068495,1390.9534755776883,0.24387978903018492,1.0296182302546946,False,False
2019-01-25,1765.1,0.8402640077049459,0.6314121249078881,1.1990255509602856,1.575157757842888,351.3000000000002,1015.2109583684814,281.95000000000005,650.5944583250866,364.6165000433948,0.3685878750921119,0.5751577578428879,False,False
2019-01-28,1765.1,0.8402640077049459,0.8777024801482167,1.3431533624157272,1.7166051566586749,605.7000000000003,1264.8797620182268,281.95000000000005,215.86735229038254,1049.0124097278442,0.12229751985178328,0.7166051566586749,False,False
2019-01-29,1751.65,0.8467159535295293,0.8553045255937866,1.3772728570205237,1.986632780058903,660.8500000000004,1728.2353091901773,268.5,253.4558277436438,1474.7794814465335,0.14469547440621344,0.986632780058903,False,False
2019-01-30,1729.95,0.8573369172519437,0.7237958588475083,1.3945489754039129,1.6650380134358054,682.549999999999,1150.4825113432714,246.79999999999995,477.81935398675296,672.6631573565185,0.2762041411524917,0.6650380134358054,False,False
2019-01-31,1801.85,0.8231262313733109,0.660424698239392,1.3389016843799428,1.8634276712162503,610.6500000000001,1555.7671493810003,318.6999999999998,611.8637574773516,943.9033919036488,0.339575301760608,0.8634276712162503,False,False
2019-02-01,1781.95,0.8323185274558771,0.8422715560114769,1.3653020567355991,1.9599294036810058,650.950000000001,1710.5462008893685,298.7999999999997,281.0642007653489,1429.4820001240196,0.15772844398852315,0.9599294036810058,False,False
2019-02-04,1767.3,0.8392180161828778,1.3720145013064067,1.3766197023708482,15.576802178915665,665.6000000000001,25761.582490797657,284.1500000000001,657.4612281588127,25104.121262638844,-0.3720145013064067,14.576802178915665,True,False
2019-02-05,1794.15,0.8266588635286904,0.6045994507556686,1.3560181701641445,1.710037552360065,638.75,1273.9138745668106,311.0,709.4078954267172,564.5059791400934,0.39540054924433143,0.710037552360065,False,False
2019-02-06,1800.95,0.823537577389711,0.7942392872502841,1.3508981370943114,1.7649623460065067,631.95,1377.6589370404183,317.79999999999995,370.5647556266008,1007.0941814138175,0.20576071274971586,0.7649623460065067,False,False
2019-02-07,1776.5,0.8348719392063045,0.7381063632217177,1.3694905713481564,1.8674098257684015,656.4000000000001,1540.9535554775653,293.3499999999999,465.25404573661854,1075.6995097409467,0.26189363677828226,0.8674098257684015,False,False
2019-02-08,1743.0,0.8509179575444636,0.8284440217963583,1.395811818703385,1.715188172456993,689.9000000000001,1246.572984592539,259.8499999999999,299.02207000894737,947.5509145835915,0.17155597820364166,0.7151881724569931,False,False
2019-02-11,1743.0,0.8509179575444636,0.7420813326637244,1.414744693057946,1.7657681255116922,722.8999999999996,1334.7338427668792,259.8499999999999,449.5522371671284,885.1816055997508,0.25791866733627555,0.7657681255116922,False,False
2019-02-12,1712.95,0.8658454712630258,0.6428680069537402,1.439563326425173,1.8098628095110207,752.95,1387.254499551903,229.79999999999995,611.7492474885908,775.5052520633124,0.35713199304625975,0.8098628095110207,False,False
2019-02-13,1719.55,0.8625221714983572,0.8765014644027801,1.4340379750516123,1.783023543863747,746.3500000000001,1346.448134850906,236.39999999999986,212.36190688619945,1134.0862279647065,0.1234985355972199,0.783023543863747,False,False
2019-02-14,1691.85,0.8766439105121614,0.816075160658768,1.457516919348642,1.9716098767635897,774.0499999999997,1643.8181700024793,208.69999999999982,311.1732394394635,1332.6449305630158,0.18392483934123205,0.9716098767635897,False,False
2019-02-15,1713.7,0.8654665343992531,0.7731886567091715,1.4923848981735426,1.7316967429069257,843.8,1253.9087083195984,230.54999999999995,388.68659899749287,865.2221093221056,0.22681134329082853,0.7316967429069257,False,False
2019-02-18,1719.0,0.8627981384525888,0.6191355308646154,1.6649505526468875,1.6718015095287377,1143.0499999999997,1154.8267948799003,235.8499999999999,654.7060224437262,500.1207724361741,0.38086446913538463,0.6718015095287377,False,False
2019-02-19,1719.0,0.8627981384525888,0.8393078262275975,1.6649505526468875,1.745587019334943,1143.0499999999997,1281.6640862367672,235.8499999999999,276.22984671476,1005.4342395220071,0.16069217377240252,0.745587019334943,False,False
2019-02-20,1728.0,0.8583043981481482,0.782201799894573,1.6562789351851852,2.1121025012488577,1134.0500000000002,1921.7131221580262,244.8499999999999,376.35528978217803,1545.3578323758481,0.21779820010542705,1.1121025012488577,False,False
2019-02-21,1706.35,0.8691944794444283,0.838924428370797,1.6772936384680752,1.616940688308679,1155.7000000000003,1052.7167434955145,223.19999999999982,274.85130164949055,777.8654418460239,0.16107557162920305,0.616940688308679,False,False
2019-02-22,1764.8,0.8404068449682685,0.804265884916052,1.6252833182230282,1.6452201259656274,1103.5000000000002,1138.684478304139,281.64999999999986,345.4315663001514,793.2529120039876,0.195734115083948,0.6452201259656274,False,False
2019-02-25,1746.0,0.8494558991981673,0.7867463250810173,1.6958762886597938,1.8505797740071444,1215.0,1485.1122854164742,262.8499999999999,372.34091640854376,1112.7713690079304,0.21325367491898273,0.8505797740071444,False,False
2019-02-26,1712.0,0.8663259345794393,0.7716506908618099,1.7295560747663552,1.6830623989137523,1249.0,1169.4028269403439,228.8499999999999,390.93401724458136,778.4688096957625,0.22834930913819007,0.6830623989137523,False,False
2019-02-28,1704.3,0.8702399812239631,0.8060938366001706,1.7373701813061082,1.8172567547532248,1256.7,1392.8506871259208,221.14999999999964,330.47427428232913,1062.3764128435917,0.19390616339982936,0.8172567547532248,False,False
2019-03-01,1745.0,0.8499426934097422,0.7284244389498169,1.6968481375358166,2.047473923165108,1216.0,1827.8419959231137,261.8499999999999,473.8993540325696,1353.942641890544,0.2715755610501831,1.047473923165108,False,False
2019-03-05,1869.9,0.7931707577945345,0.8529954457892992,1.5835071394192202,1.8478441742531153,1091.1,1585.3838214359002,386.75,274.88381591858933,1310.500005517311,0.1470045542107008,0.8478441742531153,False,False
2019-03-06,1895.85,0.7823140016351505,0.772881497989047,1.5618324234512224,1.8652847586747114,1065.15,1640.4501097334514,412.6999999999998,430.5826120374652,1209.8674976959862,0.22711850201095296,0.8652847586747114,False,False
2019-03-07,1916.15,0.7740260418025728,0.66079151176894,1.5452861206064243,1.9662997650804312,1044.85,1851.5752948588683,433.0,649.9743447239457,1201.6009501349226,0.33920848823106,0.9662997650804312,False,False
2019-03-08,1952.85,0.7594797347466524,0.898737009834256,1.516245487364621,2.1162820839457757,1008.1500000000001,2179.9314676335075,469.6999999999998,197.75143034517328,1982.1800372883342,0.10126299016574403,1.1162820839457757,False,False
2019-03-11,2006.65,0.7391174345301872,0.8860313008786361,1.603418633045125,1.9969192960909172,1210.85,2000.468105500839,523.5,228.69529009188477,1771.7728154089543,0.11396869912136387,0.9969192960909172,False,False
2019-03-12,2012.95,0.7368041928512881,0.9255178517171502,1.598400357683996,3.9401778157480765,1204.55,5918.4309342100905,529.7999999999997,149.92884038596253,5768.502093824128,0.07448214828284982,2.9401778157480765,False,False
2019-03-13,2039.8,0.7271055985880971,0.6623436894287591,1.5773605255417198,1.6070453520019692,1177.7,1238.2511090136165,556.6499999999996,688.7513423032171,549.4997667103994,0.3376563105712409,0.6070453520019692,False,False
2019-03-14,1997.1,0.7426518451755045,0.8455816272458101,1.6110860748084723,1.7029194762892894,1220.4,1403.8004860973397,513.9499999999998,308.3889322273926,1095.411553869947,0.1544183727541899,0.7029194762892894,False,False
2019-03-15,1925.55,0.7702474617641714,0.8397309899828569,1.6709511568123394,1.5657135574437158,1291.95,1089.3097405357469,442.39999999999986,308.60599223851,780.7037482972369,0.1602690100171431,0.5657135574437158,False,False
2019-03-18,1927.0,0.7696678775298392,0.8453253807805876,1.6696938245978203,2.991727039811156,1290.5,3838.058005716098,443.8499999999999,298.0579912358078,3540.00001448029,0.1546746192194124,1.9917270398111562,False,False
2019-03-19,1914.05,0.7748752644915233,0.75186261681326,1.6809905697343328,1.788735318877281,1303.4499999999996,1509.6788370970596,430.89999999999986,474.9473582885796,1034.73147880848,0.24813738318673995,0.788735318877281,False,False
2019-03-20,1897.45,0.7816543255421751,1.7011643241455756,1.6956968563071493,15.684432397401496,1320.0500000000004,27862.97625244947,414.29999999999995,1330.4242468500227,26532.552005599446,-0.7011643241455756,14.684432397401496,True,False
2019-03-22,1873.9,0.7914776668979134,0.7722111980091702,1.7170073109557606,1.640159574317634,1343.6,1199.5950263138143,390.75,426.853436050616,772.7415902631983,0.22778880199082985,0.640159574317634,False,False
2019-03-25,1879.75,0.7890144966085916,0.8422353202907907,1.7116637850778031,1.206781086033752,1337.7500000000005,388.6967464719455,396.5999999999999,296.5581566833862,92.13858978855933,0.15776467970920927,0.206781086033752,False,False
2019-03-26,1888.35,0.7854211348531788,0.8342384691561165,1.7038684565890858,1.7359232614146975,1329.15,1389.680690692444,405.1999999999998,313.0157867690473,1076.6649039233967,0.16576153084388345,0.7359232614146975,False,False
2019-03-27,1920.6,0.7722326356346976,0.8903179742201959,1.6752577319587634,1.840767739824397,1296.900000000001,1614.7785211067367,437.4499999999998,210.65529871269177,1404.123222394045,0.10968202577980413,0.8407677398243969,False,False
2019-03-28,2009.6,0.738032444267516,0.7802168585381892,1.6010648885350318,1.689659742936806,1207.9,1385.9402194058057,526.4499999999998,441.6762010816549,944.2640183241508,0.21978314146181077,0.6896597429368061,False,False
2019-03-29,2050.25,0.7233995854164127,0.6466198419920647,1.5693208145348128,1.6482320991742512,1167.25,1329.0378613320086,567.0999999999999,724.5176689557693,604.5201923762393,0.3533801580079353,0.6482320991742512,False,False
2019-04-01,2038.9,0.7274265535337682,0.6971262426434759,1.5780567953308156,1.8098208052172513,1178.6,1651.143639757454,555.75,617.529303874217,1033.614335883237,0.3028737573565241,0.8098208052172513,False,False
2019-04-02,2003.0,0.7404643035446831,0.7032667798989747,1.6063404892661008,1.8739087393547091,1214.5,1750.4392049274825,519.8499999999999,594.3566398623536,1156.0825650651288,0.2967332201010253,0.8739087393547091,False,False
2019-04-03,1983.0,0.7479324256177511,0.6617183059037971,1.6225416036308624,1.6393406519384914,1234.5,1267.8125127940284,499.8499999999997,670.8125993927704,596.999913401258,0.3382816940962029,0.6393406519384914,False,False
2019-04-04,2036.5,0.7282838202798921,0.6530804973362307,1.5799165234470909,2.0633989515057323,1181.0000000000005,2165.6119647414234,553.3499999999997,706.501567174766,1459.1103975666574,0.34691950266376925,1.0633989515057323,False,False
2019-04-05,2022.15,0.7334520188907846,0.7100557919457462,1.5911282545805208,1.9334710731562677,1195.35,1887.6185305829467,539.0,586.3106803169094,1301.3078502660373,0.2899442080542538,0.9334710731562677,False,False
2019-04-08,2023.45,0.7329808001186093,0.6859121836180956,1.5901060070671378,2.055208958361157,1194.05,2135.1625667958833,540.3,635.5409920579646,1499.6215747379188,0.3140878163819044,1.055208958361157,False,False
2019-04-09,2041.95,0.7263400181199344,0.6323039384326109,1.5756996988173069,2.0530235359252247,1175.55,2150.2214091825126,558.8,750.8169729175302,1399.4044362649825,0.3676960615673891,1.0530235359252247,False,False
2019-04-10,2014.2,0.7363469367490816,0.7067073669626989,1.5974084003574618,1.890809400879375,1203.2999999999995,1794.268295251237,531.05,590.7500214637319,1203.5182737875052,0.29329263303730113,0.890809400879375,False,False
2019-04-11,1981.85,0.7483664253096854,0.609374470468643,1.6234831092161366,1.8545778305796157,1235.65,1693.6450735342114,498.6999999999998,774.1612057017198,919.4838678324916,0.390625529531357,0.8545778305796157,False,False
2019-04-12,1973.2,0.7516470707480235,0.5407509831196586,1.63060004054328,1.876797267213595,1244.3,1730.096367665866,490.04999999999995,906.1901601082895,823.9062075575764,0.45924901688034137,0.8767972672135951,False,False
2019-04-15,1982.35,0.7481776679193887,0.7052394787094999,1.6230736247383155,1.727125539947279,1235.1499999999996,1441.4173141144884,499.1999999999998,584.3185193802228,857.0987947342655,0.2947605212905001,0.7271255399472789,False,False
2019-04-16,1942.1,0.7636836414190825,0.6884297661990543,1.6567118068070643,2.0187692769913212,1275.3999999999996,1978.5518128448448,458.9499999999998,605.1005510648167,1373.451261780028,0.31157023380094573,1.0187692769913212,False,False
2019-04-18,1922.2,0.7715898449693058,0.6061481650474461,1.6738632816564354,1.8198099357753268,1295.3,1575.8386585473334,439.0500000000004,757.0619971457993,818.776661401534,0.39385183495255394,0.8198099357753268,False,False
2019-04-22,1914.9,0.7745313071178652,0.5274862918914007,1.680244399185336,1.9279424108691412,1302.6,1776.9169225733185,431.75,904.8164996571568,872.1004229161617,0.4725137081085993,0.9279424108691412,False,False
2019-04-23,1886.0,0.7863997879109227,0.6739340218269754,1.7059915164369035,1.4821997184621,1331.5,909.4286690195208,402.8499999999999,614.9604348343244,294.4682341851965,0.32606597817302463,0.4821997184621001,False,False
2019-04-24,1900.0,0.7806052631578948,0.7382409737432035,1.693421052631579,1.6751414402679492,1317.5,1282.7687365091033,416.8499999999999,497.34214988791337,785.4265866211899,0.2617590262567965,0.6751414402679492,False,False
2019-04-26,1881.0,0.7884901648059544,0.5250599894673773,1.7105263157894737,1.3975203286898479,1336.5,747.7357382656037,397.8499999999999,893.3621598118633,-145.62642154625962,0.4749400105326227,0.3975203286898479,False,False
2019-04-30,1860.0,0.7973924731182797,0.6967168527487181,1.7298387096774193,1.7682365693119522,1357.5,1428.920018920231,376.8499999999999,564.1066538873843,864.8133650328468,0.3032831472512819,0.7682365693119522,False,False
2019-05-02,1860.85,0.797028239782895,0.5706130717462501,1.7290485530805817,2.0039730531255566,1356.6500000000005,1868.243255908692,377.6999999999998,799.0246654409905,1069.2185904677015,0.4293869282537499,1.0039730531255566,False,False
2019-05-03,1859.8,0.7974782234648887,0.702965739680238,1.7300247338423491,2.3058080983821743,1357.700000000001,2428.541901371167,376.64999999999986,552.4243173426933,1876.1175840284739,0.297034260319762,1.3058080983821743,False,False
2019-05-06,1852.8,0.8004911485319517,0.5958038923680189,1.7365608808290156,1.9895721994857665,1364.7,1833.479371207228,369.64999999999986,748.8945482205345,1084.5848229866936,0.4041961076319811,0.9895721994857665,False,False
2019-05-07,1819.05,0.8153431736345895,0.49583475709690306,1.7687804073554878,2.1213423168918375,1398.45,2039.7777415420971,335.89999999999986,917.1017851028785,1122.6759564392187,0.5041652429030969,1.1213423168918375,False,False
2019-05-08,1796.8,0.8254396705253785,0.6569974060103283,1.7906834372217275,1.4317530150471498,1420.7,775.7738174367189,313.64999999999986,616.307060880642,159.46675655607692,0.3430025939896717,0.4317530150471498,False,False
2019-05-09,1775.65,0.8352715906851013,0.7028216064602347,1.8120125024638865,1.492030704089701,1441.85,873.6743197168776,292.5,527.6848144888843,345.9895052279933,0.2971783935397653,0.49203070408970095,False,False
2019-05-10,1770.0,0.8379378531073447,0.9589457365655667,1.817796610169492,4.957035091551784,1447.500000000001,7003.952112046658,286.8499999999999,72.66604627894685,6931.286065767711,0.0410542634344333,3.9570350915517842,False,False
2019-05-13,1740.65,0.8520667566713584,0.5707329962570399,1.8484474190675897,1.3058481451698594,1476.85,532.3745738899156,257.5,747.2036100651836,-214.82903617526802,0.4292670037429601,0.30584814516985936,False,False
2019-05-14,1725.6,0.8594981455725546,0.463960523036666,1.864568845618916,1.2034096647981887,1491.9000000000015,351.0037175757543,242.44999999999982,924.9897214479291,-573.9860038721748,0.536039476963334,0.20340966479818867,False,False
2019-05-15,1708.15,0.8682785469660159,0.6163177158099336,1.8836167783859727,0.8102220733894345,1509.3499999999995,324.1691653398375,225.0,655.386893739262,-331.21772839942446,0.38368228419006645,-0.18977792661056547,False,True
2019-05-16,1736.8,0.8539555504375864,0.5720651726594105,1.8525449101796407,0.9893562935471056,1480.7,18.485989367386992,253.64999999999986,743.2372081251359,-724.7512187577489,0.4279348273405895,-0.010643706452894364,False,True
2019-05-17,1770.85,0.8375356467233249,0.4614521593718392,1.8169240760086964,1.6147573567193714,1446.65,1088.6430651464989,287.70000000000005,953.6874435763785,134.95562157012034,0.5385478406281607,0.6147573567193714,False,False
2019-05-20,1905.05,0.7785359964305401,0.7192221151279597,1.6889320490275843,1.9730024544688387,1312.4499999999996,1853.6183258858612,421.89999999999964,534.8959095754803,1318.7224163103808,0.28077788487204025,0.9730024544688387,False,False
2019-05-21,1889.0,0.7851508734780307,0.7157571019246731,1.7032821598729486,2.9445463193535684,1328.5,3673.247997258891,405.8499999999999,536.9348344642924,3136.3131627945986,0.2842428980753269,1.9445463193535684,False,False
2019-05-22,1809.3,0.8197369148289394,0.5848229380665203,1.778312054385674,1.636809819110037,1408.2,1152.18000571579,326.14999999999986,751.1798581562448,401.0001475595452,0.4151770619334797,0.6368098191100371,False,False
2019-05-23,1783.9,0.8314087112506306,0.4764530552828219,1.80363249061046,1.6113478310349034,1433.5999999999995,1090.5833957831642,300.75,933.9553946809741,156.62800110219007,0.5235469447171781,0.6113478310349034,False,False
2019-05-24,1784.3,0.8312223280838424,0.6910393352459552,1.8032281567001065,1.872226734482398,1433.2,1556.3141623369427,301.14999999999986,551.2785141206421,1005.0356482163006,0.3089606647540448,0.872226734482398,False,False
2019-05-27,1895.75,0.7823552683634446,0.6919032631822802,1.697217460108137,2.125895139456791,1321.7500000000005,2134.4157106252114,412.5999999999999,584.0743888221923,1550.3413218030191,0.30809673681771976,1.1258951394567909,False,False
2019-05-28,1869.85,0.7931919672701021,0.5704234317878808,1.7207262614648235,1.660420398336444,1347.65,1234.8870818294,386.6999999999996,803.2437460714311,431.64333575796877,0.4295765682121192,0.6604203983364441,False,False
2019-05-29,1844.05,0.8042894715436133,0.5008980058049037,1.7448008459640465,1.8031883092257184,1373.45,1481.119401627686,360.89999999999986,920.3690323954672,560.7503692322189,0.49910199419509627,0.8031883092257184,False,False
2019-05-30,1831.45,0.8098228179857491,0.6837173101092118,1.7568047175735069,1.8201022439676535,1386.049999999999,1501.976254714559,348.29999999999995,579.2559324004842,922.7203223140748,0.3162826898907882,0.8201022439676535,False,False
2019-05-31,1837.35,0.8072223582877515,0.6071346797322417,1.7511633602743082,1.9646711443410254,1380.15,1772.4385270549828,354.1999999999998,721.8310961939658,1050.607430861017,0.39286532026775833,0.9646711443410254,False,False
2019-06-03,1826.85,0.8118619481621371,0.4718683413055859,1.7612283438705971,1.9588912232408715,1390.65,1751.750431177586,343.6999999999998,964.8173206858903,786.9331104916957,0.528131658694414,0.9588912232408715,False,False
2019-06-04,1818.35,0.8156570517227157,0.6443217142715344,1.7694613248274536,1.6659536308801046,1399.15,1210.9367847108383,335.1999999999998,646.7476108543553,564.189173856483,0.3556782857284656,0.6659536308801046,False,False
2019-06-06,1850.0,0.8017027027027027,0.7084639268325669,1.7391891891891893,1.7439456806188938,1367.5,1376.2995091449534,366.8499999999999,539.3417353597513,836.9577737852021,0.29153607316743313,0.7439456806188938,False,False
2019-06-07,1812.0,0.8185154525386314,0.6600936108591459,1.7756622516556293,1.7539748586148924,1405.5000000000005,1366.2024438101853,328.8499999999999,615.9103771232276,750.2920666869577,0.33990638914085414,0.7539748586148924,False,False
2019-06-10,1800.0,0.8239722222222223,0.6803396240626927,1.7875,2.0260611660790273,1417.5,1846.910098942249,316.8499999999999,575.3886766871533,1271.5214222550958,0.31966037593730734,1.0260611660790273,False,False
2019-06-11,1818.55,0.8155673476121086,0.6954962805191421,1.7692667234884936,3.152036009084994,1398.95,3913.5850843215158,335.39999999999986,553.7552390619142,3359.829845259602,0.30450371948085786,2.152036009084994,False,False
2019-06-12,1795.6,0.8259913120962353,0.6306779548278606,1.7918801514813991,1.6521456509819865,1421.9,1170.992730903255,312.4499999999998,663.1546643110935,507.83806659216157,0.3693220451721394,0.6521456509819865,False,False
2019-06-13,1782.05,0.8322718217782891,0.6789818729822222,1.805504896046688,1.9114053515515508,1435.45,1624.169906732441,298.89999999999986,572.0703532520308,1052.0995534804101,0.32101812701777777,0.9114053515515508,False,False
2019-06-14,1758.95,0.8432019102305353,0.5761608490107666,1.8292162938116487,1.7789260612400035,1458.5499999999995,1370.0919954181043,275.79999999999995,745.5118746325121,624.5801207855922,0.4238391509892334,0.7789260612400035,False,False
2019-06-17,1720.45,0.8620709698044117,0.482013222902401,1.8701502513877184,1.7923849852878053,1497.05,1363.258747938405,237.29999999999995,891.1703506575642,472.0883972808407,0.517986777097599,0.7923849852878053,False,False
2019-06-18,1689.1,0.8780711621573621,0.6772812443479075,1.9048605766384463,1.9189650637401119,1528.3999999999996,1552.2238891634229,205.9499999999996,545.1042501719494,1007.1196389914735,0.3227187556520925,0.9189650637401119,False,False
2019-06-19,1662.75,0.8919861674936099,0.6678463472757084,1.9350473612990529,1.2108439609438086,1554.75,350.5807960593179,179.60000000000014,552.288486067316,-201.70769000799805,0.33215365272429165,0.21084396094380864,False,False
2019-06-20,1649.0,0.8994238932686477,0.6218279755791084,1.951182534869618,0.9778473743109988,1568.5,36.529679761162924,165.8499999999999,623.6056682700503,-587.0759885088873,0.3781720244208916,-0.022152625689001226,False,True
2019-06-21,1678.65,0.8835373663360439,0.5341711163825458,1.9167187918863369,1.0929006386464515,1538.8499999999995,155.9476570638658,195.5,781.9636554844395,-626.0159984205737,0.4658288836174542,0.09290063864645148,False,False
2019-06-24,1671.2,0.8874760651029201,0.5627837727029698,1.92526328386788,1.270862678414792,1546.3000000000013,452.66570816680064,188.04999999999995,730.675759058797,-278.01005089199634,0.43721622729703025,0.27086267841479206,False,False
2019-06-25,1672.75,0.8866537139441041,0.401276454884956,1.9234793005529816,1.2897316354990203,1544.75,484.648593280986,189.5999999999999,1001.5148100911898,-516.8662168102038,0.598723545115044,0.28973163549902026,False,False
2019-06-26,1654.7,0.8963256179367861,0.28793258208409805,1.9444612316431984,1.3685539884176574,1562.8000000000004,609.8462846346977,171.54999999999995,1178.257956425443,-568.4116717907452,0.7120674179159019,0.3685539884176574,False,False
2019-06-27,1719.15,0.8627228572259547,0.4680981895432551,1.8715644359130963,1.5300542448032264,1498.3499999999995,911.2427549534668,236.0,914.418997446713,-3.17624249324615,0.5319018104567449,0.5300542448032264,False,False
2019-06-28,1767.65,0.8390518484994202,0.4101674950529594,1.8202132775153448,1.3986428870576741,1449.8499999999995,704.6610993074978,284.5,1042.6174273696365,-337.9563280621387,0.5898325049470405,0.39864288705767414,False,False
2019-07-01,1748.55,0.8482170941637357,0.7351573980424727,1.8400960796088188,1.5432844062083202,1468.95,949.9599484755583,265.39999999999986,463.09053165283444,486.8694168227239,0.2648426019575273,0.5432844062083202,False,False
2019-07-02,1739.45,0.8526545747218949,0.5507077260150278,1.8497226134697748,1.4871482085369658,1478.05,847.3699513396252,256.29999999999995,781.5214459831599,65.84850535646535,0.4492922739849722,0.48714820853696583,False,False
2019-07-03,1713.95,0.865340295807929,0.36585237978913554,1.8772426266810585,1.2846280538122796,1503.5500000000004,487.8382528315567,230.79999999999995,1086.8973136604113,-599.0590608288546,0.6341476202108645,0.2846280538122796,False,False
2019-07-04,1765.25,0.8401926072794222,0.7768540423175531,1.822688004531936,1.6708810535349334,1452.25,1184.2727797525413,282.0999999999999,393.9084017989394,790.3643779536019,0.22314595768244694,0.6708810535349334,False,False
2019-07-05,1739.9,0.8524340479337893,0.762102879401678,1.849244209437324,1.8542144674640486,1477.6000000000004,1486.2477519406984,256.75,413.91720012902056,1072.3305518116779,0.23789712059832202,0.8542144674640486,False,False
2019-07-08,1728.05,0.8582795636700328,0.6061261778329664,1.861925291513556,1.3065735177112856,1489.4500000000005,529.7743672809872,244.89999999999986,680.6336583957425,-150.85929111475525,0.3938738221670336,0.3065735177112856,False,False
2019-07-09,1716.45,0.8640799324186548,0.5169316995777598,1.8745084331032071,1.2398029188238606,1501.05,411.60972001521554,233.29999999999995,829.1625842597543,-417.5528642445388,0.48306830042224025,0.23980291882386062,False,False
2019-07-10,1686.1,0.8796334736966966,0.7038729056535563,1.9082498072474945,1.5295128011984174,1531.4000000000005,892.8115341006514,202.94999999999982,499.2998937775387,393.5116403231127,0.2961270943464437,0.5295128011984174,False,False
2019-07-11,1683.25,0.8811228278627655,0.5201054484597566,1.9114807663745728,1.168577364580674,1534.2499999999995,283.75784893041964,200.0999999999999,807.7825038801147,-524.0246549496951,0.4798945515402434,0.16857736458067407,False,False
2019-07-12,1671.35,0.8873964160708411,0.5711186679863147,1.925090495707064,1.4362603789892372,1546.1500000000015,729.1437844236616,188.19999999999982,716.8108142610729,12.332970162588708,0.4288813320136853,0.4362603789892372,False,False
2019-07-15,1623.85,0.913354065954368,0.7720784978324484,1.9814022231117407,1.4000229043452102,1593.65,649.5771932209695,140.6999999999996,370.1103312947787,279.46686192619086,0.22792150216755158,0.40002290434521015,False,False
2019-07-16,1631.4,0.9091271300723304,0.6424732618695893,1.972232438396469,0.9541742694758506,1586.0999999999995,74.76009677709726,148.25000000000023,583.2691205859521,-508.50902380885486,0.3575267381304107,-0.0458257305241494,False,True
2019-07-17,1609.8,0.9213256305131072,0.6652751721553082,1.9986954901229967,1.4762992612490873,1607.7,766.7465507587806,126.65000000000009,538.8400278643849,227.90652289439572,0.3347248278446918,0.4762992612490873,False,False
2019-07-18,1600.0,0.92696875,0.6179174989195816,2.0109375,1.4316229828165898,1617.4999999999995,690.5967725065439,116.84999999999991,611.3320017286694,79.26477077787445,0.3820825010804184,0.43162298281658984,False,False
2019-07-22,1570.65,0.9442905803329832,0.5721006418053806,2.048514946041448,1.7032936101630156,1646.85,1104.6281088025407,87.5,672.0801269483791,432.54798185416166,0.42789935819461944,0.7032936101630156,False,False
2019-07-23,1557.9,0.9520187431799216,0.7532618382224907,2.0652801848642404,1.8738616478800587,1659.6000000000004,1361.3890612323435,74.75,384.3933822331817,976.9956789991618,0.2467381617775093,0.8738616478800587,False,False
2019-07-24,1590.25,0.9326520987266154,0.6520087604662276,2.023266781952523,1.3106462062326552,1627.25,494.00512946148,107.09999999999991,553.3930686685817,-59.38793920710168,0.3479912395337724,0.31064620623265515,False,False
2019-07-25,1610.5,0.9209251785159888,0.5700423172248965,1.997826761875194,1.3408198714224868,1607.0,548.8904029259152,127.35000000000014,692.4468481093041,-143.55644518338897,0.4299576827751035,0.3408198714224868,False,False
2019-07-26,1595.0,0.9298746081504704,0.5620092975607119,2.0172413793103448,1.282427798693064,1622.5,450.4723389154369,111.84999999999968,698.5951703906644,-248.12283147522749,0.43799070243928806,0.2824277986930639,False,False
2019-07-30,1532.65,0.9677029980752292,0.5384312731652843,2.0993051251101043,1.1519033358221753,1684.8500000000013,232.8146476478571,49.5,707.423309183227,-474.60866153536995,0.4615687268347157,0.1519033358221753,False,False
2019-07-31,1620.9,0.9150163489419458,0.5959120432034939,1.985008328706274,1.6041977410956942,1596.6,979.3441185420111,137.75,654.9861691714568,324.35794937055425,0.4040879567965061,0.6041977410956942,False,False
2019-08-01,1602.2,0.9256959181125952,0.7456341328867364,2.008176257645737,1.7962288075818869,1615.3,1275.7177955076993,119.04999999999995,407.54499228887084,868.1728032188284,0.2543658671132636,0.7962288075818869,False,False
2019-08-02,1599.35,0.9273454841029172,0.6469607511293859,2.0117547753774967,1.4460224922994147,1618.1499999999992,713.3460730590687,116.19999999999936,564.6333226812167,148.712750377852,0.3530392488706141,0.4460224922994147,False,False
2019-08-05,1531.3,0.9685561287794684,0.7123492581973175,2.1011558806243062,1.4079049981992506,1686.2,624.6249237425125,48.15000000000009,440.47958092244767,184.1453428200648,0.28765074180268246,0.40790499819925063,False,False
2019-08-06,1589.0,0.9333857772183763,0.5707675869415438,2.024858401510384,1.3313045739528029,1628.5000000000005,526.4429680110038,105.84999999999991,682.0503043498868,-155.607336338883,0.42923241305845616,0.3313045739528029,False,False
2019-08-07,1535.15,0.9661270885581212,0.5571099922403686,2.095886395466241,1.6868519174276537,1682.3499999999995,1054.4207210390628,52.00000000000023,679.9025954121981,374.5181256268646,0.4428900077596314,0.6868519174276537,False,False
2019-08-08,1533.7,0.9670404903175328,0.7316774680489543,2.097867901154072,1.6897659574447133,1683.8000000000004,1057.8940489329568,50.549999999999955,411.5262672533188,646.367781679638,0.2683225319510457,0.6897659574447133,False,False
2019-08-09,1527.3,0.9710927781051528,0.7489850334800032,2.106658809664113,1.6069953956510092,1690.1999999999996,927.0640677777862,44.15000000000009,383.37515836599096,543.6889094117953,0.2510149665199968,0.6069953956510092,False,False
2019-08-13,1499.75,0.9889314885814304,0.6624488001544396,2.1453575595932657,1.3945279578049545,1717.75,591.6933047179805,16.59999999999968,506.2424119683792,85.45089274960128,0.33755119984556037,0.39452795780495453,False,False
2019-08-14,1483.15,1.0,0.7720362560480809,2.16936924788457,1.4570958273723829,1734.35,677.9416763673498,0.0,338.10442684228883,339.837249525061,0.2279637439519191,0.45709582737238286,False,False
2019-08-16,1572.0,0.9972964376590332,0.5404489681839388,2.0467557251908395,1.2175932028222771,1645.4999999999995,342.0565148366197,4.249999999999773,722.4142220148482,-380.35770717822845,0.45955103181606116,0.21759320282227712,False,False
2019-08-19,1579.5,0.9925609370053816,0.7730987257791972,2.0370370370370368,1.755615185247426,1637.9999999999995,1193.4941850983096,11.749999999999773,358.39056263175803,835.1036224665515,0.22690127422080275,0.755615185247426,False,False
2019-08-20,1583.5,0.9900536785601516,0.6139770384134182,2.031891379854752,1.295163536635128,1634.0,467.3914602617251,15.75,611.2673596723522,-143.87589941062708,0.3860229615865818,0.29516353663512795,False,False
2019-08-21,1587.25,0.9877146007245236,0.46946463638873553,2.0270908804536147,1.2731398550778765,1630.25,433.54123497235946,19.5,842.0922558919796,-408.5510209196201,0.5305353636112644,0.2731398550778765,False,False
2019-08-22,1576.0,0.994765228426396,0.5250427381961729,2.041560913705584,1.4559780495039947,1641.5000000000005,718.6214060182956,8.249999999999773,748.5326446028315,-29.91123858453591,0.47495726180382714,0.4559780495039947,False,False
2019-08-23,1608.7,0.9745446633928015,0.794797291740349,2.0000621619941565,11.73599590814518,1608.7999999999995,17270.99661743315,40.950000000000045,330.10959677730057,16940.88702065585,0.20520270825965103,10.73599590814518,False,False
2019-08-26,1633.15,0.9599546887915992,0.7768667668469026,1.9701190950004592,1.663010858755495,1584.35,1082.7961839765367,65.39999999999986,364.4100397239811,718.3861442525556,0.2231332331530974,0.663010858755495,False,False
2019-08-27,1610.35,0.973546123513522,1.393773671325401,1.9980128543484337,10.485836991559975,1607.15,15275.517599358604,42.59999999999991,634.1134316188595,14641.404167739744,-0.393773671325401,9.485836991559975,True,False
2019-08-28,1613.6,0.9715852751611304,0.6902835958300022,1.993988596926128,2.0163866130861363,1603.9,1640.0414388757895,45.850000000000136,499.7583897687084,1140.283049107081,0.3097164041699978,1.0163866130861363,False,False
2019-08-29,1567.75,1.0,0.5530811919688663,2.052304257694148,1.8950575317746736,1649.750000000001,1403.2264454397446,0.0,700.6569612908098,702.5694841489347,0.4469188080311337,0.8950575317746736,False,False
2019-08-30,1610.15,0.9889451293357758,0.7746647493116234,1.9982610315809084,2.2306525182291983,1607.35,1981.5351522267438,17.800000000000637,362.8235538958895,1618.7115983308543,0.22533525068837656,1.2306525182291983,False,False
2019-09-03,1592.35,1.0,0.7931480080811883,2.020598486513644,2.211089886287005,1625.150000000001,1928.4789804291122,0.0,329.38076933191974,1599.0982110971925,0.20685199191881165,1.211089886287005,False,False
2019-09-04,1607.2,0.9911647585863612,0.7649852433721257,2.0019288203086107,2.03408199293231,1610.299999999999,1661.976579040809,14.200000000000273,377.7157168523195,1284.2608621884895,0.2350147566278743,1.0340819929323102,False,False
2019-09-05,1596.7,0.9976827206112608,0.7840767918159343,2.01509363061314,2.408933210399484,1620.8000000000009,2249.643657044856,3.699999999999818,344.7645865074978,1904.879070537358,0.21592320818406574,1.4089332103994838,False,False
2019-09-06,1593.0,1.0,0.550200345427652,2.019774011299435,1.632249119058498,1624.5,1007.1728466601871,0.0,716.5308497337504,290.6419969264367,0.44979965457234805,0.632249119058498,False,False
2019-09-09,1599.25,1.0,0.5831021183000364,2.0118805690167267,1.3228758354526917,1618.2500000000005,516.3591798477173,0.0,666.7239373086667,-150.36475746094936,0.41689788169996356,0.3228758354526917,False,False
2019-09-11,1620.35,1.0,0.7155200474926148,1.9856821057179008,1.6950820048286852,1597.1500000000005,1126.2761265241602,0.0,460.9570910453417,665.3190354788185,0.2844799525073852,0.6950820048286852,False,False
2019-09-12,1673.1,1.0,0.7254464517270454,1.9230769230769231,1.7826967312936999,1544.4,1309.5299011274892,0.0,459.35554161548043,850.1743595120088,0.27455354827295464,0.7826967312936999,False,False
2019-09-13,1708.9,1.0,0.7012161386366366,1.8827900988940247,2.195611858214132,1508.599999999999,2043.1811045021304,0.0,510.59174068385187,1532.5893638182786,0.29878386136336343,1.1956118582141322,False,False
2019-09-16,1742.3,1.0,0.6799342475694344,1.8466968949090283,2.0599291305692793,1475.2,1846.7145241908554,0.0,557.6505604597744,1289.063963731081,0.32006575243056556,1.0599291305692793,False,False
2019-09-17,1752.65,1.0,0.7818839153323877,1.8357915157047893,2.0060765311021846,1464.849999999999,1763.300032236244,0.0,382.2811557926907,1381.0188764435534,0.21811608466761234,1.0060765311021846,False,False
2019-09-18,1767.4,1.0,0.7611156712876505,1.8204707479914,1.950042193193557,1450.1000000000004,1679.1045722502927,0.0,422.2041625662066,1256.900409684086,0.23888432871234955,0.950042193193557,False,False
2019-09-19,1770.15,1.0,0.5866517515162712,1.8176425726633336,1.5327280356496606,1447.35,943.0085323052467,0.0,731.6884020534726,211.32013025177412,0.41334824848372875,0.5327280356496606,False,False
2019-09-20,1892.45,0.9696425268831408,0.4464656362623669,1.7001770192079049,1.627463465405147,1325.0499999999995,1187.4432351059702,57.45000000000027,1047.5361066552837,139.9071284506865,0.5535343637376331,0.627463465405147,False,False
2019-09-23,1913.05,0.9592012754501974,0.7913591503801761,1.6818692663547743,1.6103154842375096,1304.450000000001,1167.5640371205675,78.04999999999995,399.14037736520413,768.4236597553634,0.20864084961982388,0.6103154842375096,False,False
2019-09-24,1852.55,0.9905265714825512,0.6667770313896144,1.7367952281989691,1.6414313527959372,1364.95,1188.2836526221133,17.549999999999727,617.3122104991699,570.9714421229435,0.3332229686103856,0.6414313527959372,False,False
2019-09-25,1843.15,0.9955782220654856,0.5657287636433272,1.7456528226134609,2.127034642377934,1374.3500000000004,2077.2939010988894,8.150000000000091,800.4270292908013,1276.866871808088,0.43427123635667275,1.127034642377934,False,False
2019-09-26,1835.0,1.0,0.6756601356695698,1.7534059945504088,1.9337738217607576,1382.5,1713.4749629309904,0.0,595.1636510463393,1118.311311884651,0.32433986433043016,0.9337738217607576,False,False
2019-09-27,1845.55,1.0,0.7878350812469082,1.7433827314350736,2.055209072159668,1371.95,1947.4411031242755,0.0,391.56096580476856,1555.880137319507,0.21216491875309185,1.055209072159668,False,False
2019-09-30,1868.0,0.989213062098501,0.6973650786205972,1.7224304068522485,2.271880563127639,1349.5,2375.8728919224295,20.15000000000009,565.3220331367245,1810.550858785705,0.30263492137940284,1.271880563127639,False,False
2019-10-01,1913.25,0.9658173265386124,0.6011368315942903,1.6816934535476284,1.7916770380085838,1304.25,1514.676092969923,65.39999999999986,763.124956952224,751.551136017699,0.3988631684057097,0.7916770380085838,False,False
2019-10-03,1874.6,0.9857302891283474,0.6406714361729914,1.7163661581137308,1.857570228194608,1342.8999999999996,1607.6011497736122,26.75,673.5973257501103,934.0038240235019,0.3593285638270086,0.857570228194608,False,False
2019-10-04,1876.85,0.9845485787356476,0.8777415755551661,1.7143085488984202,2.2468603349982983,1340.65,2340.169819741556,28.999999999999773,229.46072391928647,2110.7090958222693,0.12225842444483392,1.2468603349982983,False,False
2019-10-07,1880.1,0.9828466570927078,0.91038702589966,1.7113451412158929,2.6966459584289764,1337.4,3189.8640664423187,32.25,168.4813526060491,3021.3827138362694,0.08961297410033997,1.6966459584289764,False,False
2019-10-09,1916.0,0.9644311064718164,0.7811089449692338,1.6792797494780791,2.406079858268864,1301.4999999999995,2694.049008443144,68.14999999999986,419.3952614389482,2274.653747004196,0.21889105503076622,1.406079858268864,False,False
2019-10-10,1942.5,0.9512741312741312,0.6059063728598071,1.6563706563706564,1.7992062866907954,1275.0,1552.4582118968701,94.65000000000009,765.5268707198247,786.9313411770454,0.3940936271401929,0.7992062866907954,False,False
2019-10-11,1940.55,0.95223003787586,0.647957605094095,1.6580350931436965,1.8823782235864588,1276.95,1712.2990617807025,92.69999999999982,683.155869434654,1029.1431923460484,0.35204239490590505,0.8823782235864588,False,False
2019-10-14,1957.35,0.9440570158632844,0.9073636551749372,1.6438041229212967,2.32177606641634,1260.15,2587.1783836000227,109.50000000000023,181.32174954333664,2405.856634056686,0.09263634482506278,1.3217760664163398,False,False
2019-10-15,1913.35,0.96576684872083,0.8772242026147274,1.6816055609271696,2.7125440230646474,1304.15,3276.696106530743,65.5,234.91307192711133,3041.7830346036317,0.12277579738527256,1.7125440230646474,False,False
2019-10-16,1930.85,0.9570137504207992,0.7551823988830626,1.666364554470829,2.349641744351043,1286.65,2605.955762080211,83.0,472.70606511663846,2133.2496969635727,0.2448176011169374,1.3496417443510431,False,False
2019-10-17,1981.75,0.9324334552794248,4.385874342465288,1.6235650309070266,56.61759381328165,1235.75,110220.16653947091,133.89999999999986,6709.956478180586,103510.21006129033,-3.3858743424652884,55.61759381328165,True,False
2019-10-18,2035.85,0.9076552791217428,0.8280410279450917,1.5804209543925145,2.3306392304030252,1181.6500000000005,2708.9818772159992,187.99999999999977,350.0826732579851,2358.8992039580144,0.1719589720549083,1.3306392304030252,False,False
2019-10-22,2085.25,0.8861527394796787,0.7880853277727128,1.5429804579786597,2.1005379097150394,1132.25,2294.8966762332857,237.4000000000001,441.89507026195065,1853.001605971335,0.21191467222728722,1.1005379097150394,False,False
2019-10-23,2065.6,0.8945826878388846,0.7104221679121148,1.5576587916343918,2.359179690461721,1151.8999999999996,2807.5215686177303,217.75,598.1519699607356,2209.3695986569946,0.28957783208788523,1.3591796904617208,False,False
2019-10-24,1972.0,0.9370436105476672,0.7827426276358195,1.6315922920892494,1.6016422576383693,1245.5,1186.4385320628644,124.15000000000032,428.431538302164,758.0069937607004,0.21725737236418052,0.6016422576383693,False,False
2019-10-25,2026.1,0.9120230985637432,0.761734056026945,1.588026257341691,2.042725910100467,1191.4,2112.6669664545557,178.25,482.75062908380664,1629.916337370749,0.238265943973055,1.042725910100467,False,False
2019-10-27,2025.0,0.9125185185185184,0.7135775337082298,1.5888888888888888,2.452379845268349,1192.5,2941.0691866684074,177.15000000000032,580.0054942408347,2361.0636924275727,0.28642246629177015,1.4523798452683492,False,False
2019-10-29,2040.15,0.9057422248364092,0.9075408241633833,1.5770899198588335,2.8148473326265897,1177.3499999999995,3702.560785658137,192.29999999999973,188.63058758307352,3513.9301980750633,0.09245917583661667,1.8148473326265897,False,False
2019-10-30,2083.95,0.8867055351615922,0.7074931110573922,1.5439429928741093,2.46352375875598,1133.5500000000002,3049.910337059525,236.0999999999999,609.5697312119476,2440.3406058475775,0.2925068889426078,1.4635237587559802,False,False
2019-10-31,2116.4,0.873109998109998,0.6896495129112155,1.5202702702702702,2.0923812472771974,1101.1,2311.9156717374603,268.5500000000002,656.8257708747037,1655.0899008627566,0.31035048708878454,1.0923812472771974,False,False
2019-11-01,2103.1,0.8786315439113689,0.7181126088150777,1.5298844562788263,1.9589117193056254,1114.3999999999996,2016.6872368716608,255.25,592.83737240101,1423.8498644706508,0.28188739118492234,0.9589117193056254,False,False
2019-11-04,2080.55,0.8881545745115473,0.6565299641712189,1.5464660786811175,2.235876380210297,1136.9499999999994,2571.302602846534,232.70000000000027,714.6065830435705,1856.6960198029633,0.3434700358287811,1.2358763802102972,False,False
2019-11-05,2017.75,0.9157972989716268,0.714632271758773,1.594597943253624,1.811638200963558,1199.7499999999995,1637.6829799942193,169.9000000000001,575.8007336587359,1061.8822463354834,0.285367728241227,0.8116382009635581,False,False
2019-11-06,1998.95,0.9244103154155932,0.6516267470986108,1.6095950373946322,1.7583388485628282,1218.55,1515.8814413346656,151.10000000000014,696.3807138872319,819.5007274474337,0.3483732529013892,0.7583388485628282,False,False
2019-11-07,1989.3,0.9288945860352888,0.7464350046353834,1.6174031066204193,1.8742123199069018,1228.2,1739.0705679907999,141.44999999999982,504.41684527883194,1234.653722711968,0.25356499536461663,0.8742123199069018,False,False
2019-11-08,1995.0,0.9262406015037592,0.5100155737882658,1.612781954887218,1.620521529164983,1222.5,1237.940450684141,147.15000000000032,977.5189302924098,260.4215203917313,0.4899844262117342,0.620521529164983,False,False
2019-11-11,1977.25,0.9345555696042482,0.2755525827896797,1.627260083449235,1.7544857428030651,1240.25,1491.8069349573607,129.4000000000001,1432.413655679106,59.393279278254795,0.7244474172103204,0.7544857428030651,False,False
2019-11-13,1911.0,0.9669544740973312,0.5746059575631328,1.6836734693877549,1.7672407821056701,1306.4999999999995,1466.1971346039359,63.15000000000009,812.9280150968532,653.2691195070827,0.4253940424368672,0.7672407821056701,False,False
2019-11-14,1920.85,0.9619959913579924,0.7902989388367945,1.6750396959679308,1.9578485320071204,1296.6499999999996,1839.8833527058773,73.00000000000023,402.80428333534337,1437.079069370534,0.20970106116320553,0.9578485320071204,False,False
2019-11-15,1904.95,0.9700254599858265,0.760539884354259,1.6890207092049658,1.8874001898381438,1312.5499999999995,1690.4529916321724,57.09999999999991,456.15954729935424,1234.2934443328181,0.239460115645741,0.8874001898381438,False,False
2019-11-18,2000.9,0.9235094207606576,0.5004889814269964,1.6080263881253436,1.7355755427771777,1216.6,1471.813103542855,153.05000000000018,999.4715970627229,472.3415064801321,0.4995110185730036,0.7355755427771777,False,False
2019-11-19,2027.4,0.9114382953536548,0.5355361014353963,1.5870079905297425,2.1993320238426266,1190.1,2431.525745138541,179.55000000000018,941.6541079498775,1489.8716371886635,0.4644638985646037,1.1993320238426266,False,False
2019-11-20,1976.5,0.934910194788768,0.8783097423645045,1.6278775613458134,2.6304550294340334,1241.0,3222.5943656763675,128.6500000000001,240.52079421655685,2982.0735714598104,0.12169025763549546,1.6304550294340334,False,False
2019-11-21,1970.05,0.9379711174843278,0.7692377958729322,1.6332072790030712,2.671837326343378,1247.4500000000005,3293.6031247627716,122.20000000000005,454.61308024053005,2838.9900445222415,0.23076220412706783,1.6718373263433781,False,False
2019-11-22,1961.65,0.9419876124690948,0.5713620535886206,1.6402008513241404,1.7118925863603662,1255.85,1396.4840920338124,113.80000000000018,840.8376275778826,555.6464644559298,0.4286379464113794,0.7118925863603662,False,False
2019-11-25,1924.9,0.959971946594628,0.7001233843448957,1.6715154033975792,2.0083000859506077,1292.6000000000004,1940.876835446325,77.05000000000041,577.2324974745102,1363.6443379718148,0.29987661565510426,1.0083000859506077,False,False
2019-11-26,1934.9,0.9550105948627836,0.7652152282371989,1.6628766344513928,1.7414876390016776,1282.6,1434.704432704346,87.04999999999995,454.28505488384394,980.419377820502,0.2347847717628011,0.7414876390016776,False,False
2019-11-27,1953.45,0.9459417952852645,0.7656236487668353,1.6470859249020962,2.064688754727693,1264.05,2079.816247922812,105.60000000000014,457.8424833164256,1621.9737646063866,0.2343763512331647,1.064688754727693,False,False
2019-11-28,1955.25,0.9450709627924816,0.8793175061926347,1.6455696202531649,2.4927130343945887,1262.2500000000005,2918.6271605000193,107.40000000000032,235.96444601685107,2682.662714483168,0.12068249380736529,1.4927130343945887,False,False
2019-11-29,1948.5,0.9483448806774442,0.7476698903020302,1.651270207852194,2.0660053798573115,1269.0,2077.1114826519715,100.65000000000009,491.665218746494,1585.4462639054775,0.25233010969796976,1.0660053798573115,False,False
2019-12-02,1991.2,0.9280082362394536,0.9110761918637337,1.6158597830453998,2.4649715331909885,1226.3,2917.051316889897,143.3499999999999,177.06508676093358,2739.986230128963,0.08892380813626632,1.4649715331909885,False,False
2019-12-03,1997.15,0.9252434719475252,0.7446294193069974,1.611045740179756,2.332012170995382,1220.35,2660.228107303428,149.29999999999995,510.0133552310301,2150.2147520723975,0.25537058069300256,1.332012170995382,False,False
2019-12-04,2020.2,0.9146866646866646,0.5850758742807323,1.5926640926640927,1.8291042605179202,1197.3,1674.9564270983026,172.35000000000014,838.2297187780648,836.7267083202378,0.41492412571926773,0.8291042605179202,False,False
2019-12-05,2049.6,0.9015661592505856,0.8910936110865649,1.5698185011709602,2.3551136968198936,1167.9,2777.441033002054,201.74999999999977,223.21453471697646,2554.2264982850775,0.10890638891343507,1.3551136968198936,False,False
2019-12-06,2014.4,0.9173202938840348,0.7765401326232078,1.597249801429706,2.3064127278851574,1203.1,2631.637799051861,166.5500000000004,450.1375568438102,2181.5002422080506,0.22345986737679224,1.3064127278851574,False,False
2019-12-09,1961.3,0.9421557130474684,0.7470503425771233,1.6404935501962985,1.9387415030112702,1256.2,1841.153709856004,113.45000000000027,496.11016310348805,1345.043546752516,0.2529496574228767,0.9387415030112702,False,False
2019-12-10,1927.2,0.9588262764632628,0.558324268699309,1.6695205479452055,1.6225693373990824,1290.3,1199.8156270355114,79.34999999999991,851.1974693626919,348.6181576728195,0.44167573130069104,0.6225693373990824,False,False
2019-12-11,1906.75,0.9691097417070932,0.6542424416057611,1.6874262488527598,1.515973115304349,1310.75,983.8317376065675,58.90000000000009,659.2732244682152,324.5585131383523,0.34575755839423894,0.515973115304349,False,False
2019-12-12,1875.25,0.9853886148513532,0.7551245551487298,1.7157712305025996,1.410901104654977,1342.25,770.5422965042458,27.399999999999864,459.2026779573446,311.3396185469012,0.24487544485127022,0.4109011046549771,False,False
2019-12-13,1910.7,0.96710629612184,0.8160809266750187,1.6839378238341969,1.5235647844313878,1306.8,1000.3752336130526,62.850000000000364,351.4141734020418,648.9610602110108,0.18391907332498125,0.5235647844313878,False,False
2019-12-16,1869.9,0.9882079255575164,0.7427474302922301,1.7206802502807637,1.955781424644659,1347.6,1787.215685943048,22.050000000000182,481.03658009655896,1306.179105846489,0.2572525697077699,0.955781424644659,False,False
2019-12-17,1882.0,0.9818544102019128,0.7014685463791062,1.7096174282678005,2.1506289173194455,1335.5000000000005,2165.4836223951966,34.15000000000009,561.8361957145221,1603.6474266806745,0.29853145362089384,1.1506289173194455,False,False
2019-12-18,1859.95,0.9934944487755046,0.6695194575065789,1.7298852119680637,1.5545789912252657,1357.55,1031.489194729433,12.100000000000136,614.6772850106386,416.81190971879437,0.33048054249342107,0.5545789912252657,False,False
2019-12-19,1866.55,0.9899815167019368,0.879683970027276,1.7237684498138277,2.0296516337516834,1350.95,1921.8962569792045,18.699999999999818,224.5758857455878,1697.3203712336167,0.12031602997272395,1.0296516337516834,False,False
2019-12-20,1952.45,0.9464262849240695,0.7680642696687269,1.6479295244436476,1.9519364910300565,1265.05,1858.608401911634,104.60000000000036,452.8429166852943,1405.7654852263397,0.23193573033127313,0.9519364910300565,False,False
2019-12-23,1905.0,0.97,1.807068431983852,1.688976377952756,33.44397724724786,1312.5,61805.77665600717,57.15000000000009,1537.465362929238,60268.31129307793,-0.8070684319838519,32.44397724724786,True,False
2019-12-24,1874.0,0.9860458911419424,0.8678810302836428,1.7169156883671293,2.3431421237323633,1343.5000000000005,2517.048339874449,26.149999999999864,247.5909492484534,2269.4573906259957,0.13211896971635717,1.3431421237323633,False,False
2019-12-26,1904.95,0.9700254599858265,0.7734987001910183,1.6890207092049658,2.014957146242044,1312.5499999999995,1933.4426157337818,57.09999999999991,431.4736510711198,1501.968964662662,0.2265012998089817,1.0149571462420441,False,False
2019-12-27,1916.0,0.9644311064718164,0.7513896362778458,1.6792797494780791,1.7420443337140528,1301.4999999999995,1421.7569433961253,68.14999999999986,476.33745689164743,945.4194865044778,0.24861036372215417,0.7420443337140528,False,False
2019-12-30,1904.6,0.970203717315972,0.7975212058990453,1.6893310931429173,2.589115053475995,1312.9,3026.62853085038,56.74999999999977,385.6411112446783,2640.9874196057017,0.2024787941009547,1.5891150534759948,False,False
2019-12-31,1923.45,0.9606956250487404,0.7582606035993437,1.672775481556578,1.955331722027644,1294.05,1837.532800734072,75.60000000000036,464.9736420068425,1372.5591587272295,0.24173939640065634,0.955331722027644,False,False
2020-01-01,1917.0,0.9639280125195616,0.6606256227206299,1.6784037558685443,1.9159177080492196,1300.4999999999995,1755.8142463303539,69.15000000000032,650.5806812445526,1105.2335650858013,0.33937437727937014,0.9159177080492196,False,False
2020-01-03,1923.1,0.9608704695543654,0.524839292566343,1.6730799230409237,1.3074780340216723,1294.4,591.3110072270779,75.25,913.7815564656657,-322.47054923858786,0.475160707433657,0.3074780340216723,False,False
2020-01-06,1928.4,0.9582296204107028,0.628009948414672,1.6684816428126945,1.6467714977722139,1289.1000000000004,1247.2341563039372,80.55000000000064,717.3456154771466,529.8885408267906,0.37199005158532805,0.6467714977722139,False,False
2020-01-07,1896.4,0.9743988609997892,0.8197786421683647,1.6966357308584683,3.4859780036940125,1321.0999999999995,4714.408686205325,48.54999999999973,341.77178299191314,4372.636903213412,0.1802213578316353,2.4859780036940125,False,False
2020-01-08,1896.4,0.9743988609997892,0.6652563308436655,1.6966357308584683,1.83976939954416,1321.0999999999995,1592.5386892955448,48.54999999999973,634.8078941880726,957.7307951074722,0.33474366915633447,0.83976939954416,False,False
2020-01-09,1963.1,0.9412918343436402,0.787485420852781,1.63898935357343,2.4621095945361757,1254.4,2870.2673450339666,115.25,417.1873703239057,2453.079974710061,0.21251457914721905,1.4621095945361757,False,False
2020-01-10,1954.05,0.9456513395256008,0.785119211302466,1.6465801796269288,2.501860332922365,1263.45,2934.7101835469466,106.19999999999982,419.88780515441636,2514.8223783925305,0.21488078869753402,1.501860332922365,False,False
2020-01-13,1976.7,0.9348156017605098,0.6715907790973222,1.6277128547579298,2.2635791330261634,1240.8,2497.7168722528177,128.85000000000014,649.1665069583232,1848.5503652944944,0.32840922090267777,1.2635791330261634,False,False
2020-01-14,1995.6,0.9259621166566446,0.7999142177862362,1.6122970535177388,2.3923137619457204,1221.8999999999996,2778.50134333888,147.75,399.29118698578714,2379.2101563530928,0.20008578221376383,1.3923137619457204,False,False
2020-01-15,1967.4,0.9392345227203416,0.6647561947971743,1.6354071363220493,1.7643564089540433,1250.1,1503.7947989761851,119.54999999999995,659.5586623560393,844.2361366201458,0.3352438052028257,0.7643564089540433,False,False
2020-01-16,1986.6,0.9301570522500756,0.6033295092901346,1.6196013289036546,2.142524967951374,1230.9,2269.740101332199,138.74999999999977,788.0255968442186,1481.7145044879805,0.3966704907098654,1.142524967951374,False,False
2020-01-17,2079.05,0.8887953632668766,0.8151449308447309,1.5475818282388591,2.329249710251574,1138.4500000000003,2763.5766100985347,231.20000000000027,384.3229315272622,2379.2536785712728,0.18485506915526906,1.329249710251574,False,False
2020-01-20,2036.5,0.9073655781978884,0.6652105395755267,1.5799165234470909,2.0759748664607844,1181.0000000000005,2191.2228155473877,188.6500000000001,681.7987361544399,1509.4240793929478,0.33478946042447333,1.0759748664607844,False,False
2020-01-21,2107.15,0.8769427900244405,0.48951477440536706,1.5269439764610966,1.8439287470199712,1110.35,1778.2844592831325,259.3000000000002,1075.6689431117309,702.6155161714016,0.5104852255946329,0.8439287470199712,False,False
2020-01-22,2201.5,0.8393595275948217,0.5842004531586689,1.4615035203270497,1.7746071029522943,1016.0,1705.2975371494758,353.6500000000001,915.3827023711906,789.9148347782852,0.41579954684133114,0.7746071029522943,False,False
2020-01-23,2370.8,0.7794204487936559,0.7052105474307794,1.3571368314492998,1.9398068013708682,846.6999999999998,2228.0939646900542,522.9500000000007,698.8868341511084,1529.2071305389459,0.2947894525692206,0.9398068013708682,False,False
2020-01-24,2412.5,0.7659481865284974,0.7586261052926334,1.333678756476684,2.2680287021159806,805.0000000000005,3059.1192438548032,564.6500000000001,582.3145209815218,2476.804722873281,0.2413738947073666,1.2680287021159806,False,False
2020-01-27,2432.9,0.7595256689547453,0.629052507145326,1.3224957869209584,2.0648901599994574,784.5999999999995,2590.77127026268,585.0500000000002,902.4781553661364,1688.2931148965436,0.370947492854674,1.0648901599994574,False,False
2020-01-28,2356.55,0.7841335851138316,0.6576294128665193,1.3653434045532664,2.0851268500865716,860.9499999999998,2557.15567857151,508.7000000000003,806.8134071094039,1750.3422714621063,0.3423705871334807,1.0851268500865716,False,False
2020-01-29,2363.9,0.7816955031938745,0.8090394821219409,1.3610981852024198,2.7950491218128386,853.5999999999999,4243.31661905337,516.0500000000002,451.4115682119441,3791.905050841426,0.19096051787805912,1.7950491218128386,False,False
2020-01-30,2414.8,0.7652186516481695,0.5704584522275112,1.332408481033626,1.9184976935646905,802.7000000000003,2217.9882304200146,566.9500000000003,1037.256929561006,1180.7313008590086,0.42954154777248876,0.9184976935646905,False,False
2020-01-31,2413.3,0.7656942775452699,0.6197555650259696,1.3332366469150123,2.17379878702312,804.1999999999994,2832.7286127228963,565.4500000000003,917.6438949228275,1915.0847178000688,0.3802444349740304,1.1737987870231201,False,False
2020-02-01,2364.15,0.7816128418247572,0.6979062997061053,1.3609542541716897,2.1254915829876744,853.3500000000004,2660.83092592031,516.3000000000002,714.1948215498112,1946.636104370499,0.3020937002938947,1.1254915829876744,False,False
2020-02-03,2362.3,0.7822249502603394,0.6138101540061388,1.3620200651907042,2.4441422826918107,855.2000000000007,3411.4973144028645,514.4500000000003,912.2962731912983,2499.201041211566,0.3861898459938612,1.4441422826918107,False,False
2020-02-04,2417.55,0.7643482037600049,0.7690075740312806,1.330892846063163,2.4682950674672295,799.9499999999998,3549.6767403554013,569.7000000000003,558.4357394006777,2991.241000954724,0.23099242596871938,1.4682950674672295,False,False
2020-02-05,2428.75,0.7608234688625836,0.6280771911795908,1.3247555326814204,2.0686215136540893,788.75,2595.4145012873696,580.9000000000001,903.3075219225689,1692.1069793648007,0.3719228088204092,1.0686215136540893,False,False
2020-02-06,2465.9,0.7493612879678818,0.833023555862086,1.3047974370412423,2.65102594508582,751.5999999999995,4071.264877987124,618.0500000000002,411.74721359968225,3659.5176643874415,0.16697644413791402,1.65102594508582,False,False
2020-02-07,2463.95,0.7499543416059581,0.5686519840516597,1.3058300696036853,1.8919803508400843,753.5500000000002,2197.794985452426,616.0999999999995,1062.819943895913,1134.975041556513,0.43134801594834027,0.8919803508400843,False,False
2020-02-10,2557.5,0.7225219941348974,0.449558818239468,1.2580645161290325,2.1136848581694823,660.0000000000005,2848.249024768451,709.6499999999999,1407.7533223525604,1440.4957024158905,0.5504411817605319,1.1136848581694823,False,False
2020-02-11,2633.25,0.7017373967530618,0.7767051644668939,1.221874109940188,2.3953339743102466,584.25,3674.263187852457,785.4000000000001,587.9911256675518,3086.2720621849053,0.22329483553310614,1.3953339743102466,False,False
2020-02-12,2788.25,0.6627275172599301,0.7213474880035147,1.1539496099704116,2.4341484319128863,429.25,3998.7643652811057,940.4000000000001,776.9528665742002,3221.8114987069057,0.27865251199648533,1.4341484319128863,False,False
2020-02-13,2862.05,0.6456386156775737,0.6494748044631623,1.1241941964675668,3.0065068364941707,355.44999999999936,5742.722891388142,1014.2,1003.2206358862063,4739.502255501935,0.3505251955368377,2.0065068364941707,False,False
2020-02-14,2856.65,0.6468590831918506,0.6906429472521061,1.1263192900775385,2.548141993150283,360.85000000000036,4422.499824732757,1008.8,883.7248247322711,3538.7750000004853,0.30935705274789393,1.5481419931502831,False,False
2020-02-17,2868.3,0.6442317749189415,0.6307079640450791,1.1217445873862566,2.8078304688467837,349.1999999999998,5185.4001337932295,1020.4500000000003,1059.2403467294996,4126.15978706373,0.3692920359549209,1.8078304688467837,False,False
2020-02-18,2903.45,0.636432519933183,0.6544294251961318,1.1081644250805078,2.3379073715412266,314.05000000000064,3884.547157901374,1055.6,1003.3468854142911,2881.2002724870827,0.3455705748038682,1.3379073715412266,False,False
2020-02-19,2952.35,0.6258912391823462,0.6498395323852802,1.0898098125222282,2.723706256701198,265.15000000000055,5088.9841669717825,1104.5,1033.796256562318,4055.1879104094646,0.35016046761471975,1.723706256701198,False,False
2020-02-20,2961.0,0.6240628166160079,0.8284516684389636,1.0866261398176291,3.204313315419185,256.5,6526.971726956206,1113.1500000000005,507.95460975222886,6019.017117203977,0.17154833156103644,2.204313315419185,False,False
2020-02-24,2792.4,0.6617425870219166,0.6695209161472574,1.1522346368715084,2.488089263821644,425.0999999999999,4155.34046029556,944.5500000000002,922.8297937503985,3232.5106665451613,0.3304790838527426,1.488089263821644,False,False
2020-02-25,2841.95,0.6502049649008603,0.5032612229116612,1.1321451820053132,2.425187946439152,375.5499999999997,4050.312884382748,994.0999999999999,1411.7067675462044,2638.6061168365436,0.4967387770883388,1.4251879464391521,False,False
2020-02-26,2853.15,0.6476525945008148,0.6334964629324356,1.127700962094527,2.572430389041715,364.3499999999999,4486.37976449437,1005.3000000000002,1045.6895667843214,3440.6901977100483,0.36650353706756444,1.572430389041715,False,False
2020-02-27,2875.65,0.6425851546606853,0.6895671731894226,1.1188774711804288,2.5708197413343656,341.8499999999999,4517.127789168169,1027.8000000000002,892.6961584178368,3624.4316307503323,0.3104328268105774,1.5708197413343656,False,False
2020-02-28,2811.2,0.6573171599317018,0.4878955779456855,1.1445290267501425,2.126344710722762,406.30000000000064,3166.380250783828,963.3499999999999,1439.6279512790888,1726.7522995047393,0.5121044220543145,1.126344710722762,False,False
2020-03-02,2929.35,0.6308054687900045,0.6056604508368733,1.0983665318244662,2.5056054328232804,288.1500000000001,4410.445274640877,1081.5000000000002,1155.1585583410053,3255.286716299872,0.39433954916312675,1.5056054328232804,False,False
2020-03-03,2990.1,0.6179893649041838,0.7214811410401722,1.0760509681950436,2.841201976710975,227.4000000000001,5505.378030563486,1142.25,832.799240175781,4672.578790387705,0.27851885895982775,1.841201976710975,False,False
2020-03-04,3081.2,0.599717642476957,0.8459709005405026,1.0442360119433989,2.878726587425354,136.30000000000064,5788.732361175001,1233.35,474.5944612546032,5314.137899920397,0.1540290994594974,1.878726587425354,False,False
2020-03-05,3217.5,0.5743123543123543,0.8340582647391266,1.0,3.7555278524537963,0.0,8865.910865270089,1369.65,533.9175332018604,8331.993332068228,0.1659417352608734,2.7555278524537963,False,False
2020-03-06,3158.95,0.5849570268601909,0.6766744446951399,1.0,2.701784889730944,0.0,5375.853377415565,1311.1,1021.3692629302877,4354.484114485277,0.32332555530486007,1.701784889730944,False,False
2020-03-09,3003.25,0.6152834429368185,0.612108916513788,1.0,2.7303437380680737,0.0,5196.654831352942,1155.3999999999999,1164.9338964799663,4031.7209348729757,0.38789108348621204,1.7303437380680737,False,False
2020-03-11,2975.6,0.6210008065600215,0.7526411052171321,1.0,2.76083473336298,0.0,5239.539832594883,1127.7499999999998,736.0411273159016,4503.498705278981,0.24735889478286788,1.7608347333629801,False,False
2020-03-12,2954.75,0.6253828581098231,0.8704008423284201,1.0,4.541739012875651,0.0,10464.953348294332,1106.9000000000003,382.93311113010077,10082.02023716423,0.12959915767157992,3.5417390128756514,False,False
2020-03-13,2872.45,0.6433010148131386,0.570057711988033,1.0,2.355502442717384,0.0,3893.61299158355,1024.6,1234.9877251999744,2658.6252663835758,0.429942288011967,1.355502442717384,False,False
2020-03-16,2571.55,0.7185744006533024,0.39196361145048136,1.1031284633781182,1.9279485396277183,265.1999999999998,2386.2660670796595,723.7000000000003,1563.5959749745148,822.6700921051447,0.6080363885495186,0.9279485396277183,False,False
2020-03-17,2569.55,0.7191337004533866,0.7076305999469927,1.103987079449709,2.101128999635062,267.1999999999998,2829.4060210122734,721.7000000000005,751.2577919062048,2078.1482291060684,0.29236940005300727,1.101128999635062,False,False
2020-03-18,2333.45,0.7918961194797404,0.5889869978773218,1.2156892155392232,1.777674451049184,503.3000000000002,1814.6644478007183,485.5999999999999,959.0782898031634,855.5861579975549,0.4110130021226782,0.777674451049184,False,False
2020-03-19,2215.6,0.8340178732623217,0.5750789279459072,1.2803529517963532,1.9231719037843211,621.1500000000001,2045.3796700245416,367.75,941.4551272430479,1103.9245427814938,0.4249210720540928,0.9231719037843211,False,False
2020-03-20,2408.4,0.7672521175884404,0.7335715732539011,1.1778566683275202,2.298251647578698,428.3499999999999,3126.7092680285364,560.5500000000002,641.6662229753047,2485.0430450532317,0.2664284267460989,1.2982516475786978,False,False
2020-03-23,2006.2,0.9210696839796628,0.5643181463501383,1.4139916259595255,1.7529619425676026,830.55,1510.5922491791246,158.35000000000036,874.0649347923525,636.5273143867721,0.4356818536498617,0.7529619425676026,False,False
2020-03-24,1847.85,1.0,0.595861399123413,1.5351624861325326,1.777723351525296,988.9000000000001,1437.1160951160182,0.0,746.7875136298014,690.3285814862168,0.40413860087658704,0.7777233515252959,False,False
2020-03-25,1856.0,1.0,0.5219633377868104,1.5284213362068966,1.8692715619014741,980.75,1613.3680188891358,0.0,887.2360450676799,726.1319738214559,0.47803666221318963,0.8692715619014741,False,False
2020-03-26,2214.05,0.9147715724577132,0.6650210413917097,1.2812492942797136,1.6791939664096383,622.6999999999998,1503.7694013292598,188.70000000000005,741.6601633066853,762.1092380225746,0.3349789586082903,0.6791939664096383,False,False
2020-03-27,2159.45,0.9379008543842182,0.6890744960790268,1.3136446780430204,1.8006057903081452,677.3000000000006,1728.8681738809241,134.0999999999999,671.4280794421454,1057.4400944387787,0.3109255039209732,0.8006057903081452,False,False
2020-03-30,2049.25,0.9883371965353176,0.6952591485977307,1.3842869342442357,2.211206134554761,787.5,2482.064171236344,23.90000000000032,624.4901897361003,1857.5739815002437,0.30474085140226925,1.211206134554761,False,False
2020-03-31,2151.1,0.9415415368881036,0.7130203777404256,1.31874389847055,1.7030166291426552,685.6500000000001,1512.2590709487654,125.75000000000023,617.3218654425705,894.9372055061949,0.2869796222595744,0.7030166291426552,False,False
2020-04-01,2144.25,0.944549376238778,0.6497557159148588,1.322956744782558,1.611654972955968,692.5,1311.5411757608344,118.90000000000032,751.011306149564,560.5298696112704,0.3502442840851412,0.6116549729559679,False,False
2020-04-03,2202.4,0.9196104249909188,0.6763881570032547,1.2880266981474755,1.8544551898116186,634.3499999999999,1881.852110041109,177.0500000000004,712.7227230160318,1169.1293870250772,0.3236118429967453,0.8544551898116186,False,False
2020-04-07,2219.6,0.9124842313930438,0.7153918897483694,1.2780455938006852,1.9479658950815413,617.1500000000005,2104.1051007229885,194.25,631.7161615145192,1472.3889392084693,0.2846081102516306,0.9479658950815413,False,False
2020-04-08,2177.5,0.9301262916188288,0.734897148596117,1.3027554535017218,2.009191046100792,659.2499999999991,2197.5135028844743,152.15000000000032,577.2614589319553,1620.252043952519,0.265102851403883,1.009191046100792,False,False
2020-04-09,2198.85,0.92109511790254,0.7419390763910528,1.2901061918730246,2.6906178221416717,637.9000000000001,3717.414998216215,173.5,567.4372618775335,3149.977736338681,0.25806092360894717,1.6906178221416717,False,False
2020-04-13,2145.45,0.9440210678412456,0.7269904901068919,1.322216784357594,2.3373057492214464,691.3000000000002,2869.1226196671523,120.09999999999968,585.7282530001687,2283.394366666984,0.2730095098931081,1.3373057492214464,False,False
2020-04-15,2131.0,0.9504223369310184,0.7058022836872077,1.3311825434068512,1.7796092951189406,705.75,1661.3474078984623,105.64999999999986,626.9353334625605,1034.4120744359018,0.29419771631279235,0.7796092951189406,False,False
2020-04-16,2200.6,0.9203626283740798,0.6850161140006915,1.2890802508406798,1.6387103158761143,636.1500000000001,1405.5459211169768,175.25,693.1535395300782,712.3923815868986,0.3149838859993085,0.6387103158761143,False,False
2020-04-17,2270.75,0.8919299790818012,0.7628824996604319,1.2492568534625124,2.1022377780482095,566.0,2502.906434502972,245.4000000000001,538.4345638960742,1964.4718706068977,0.23711750033956813,1.1022377780482095,False,False
2020-04-20,2235.4,0.9060347141451194,0.7068868615830389,1.2690122573141271,1.9108713534760735,601.3499999999999,2036.161823560415,210.05000000000018,655.2251096172747,1380.9367139431404,0.29311313841696107,0.9108713534760735,False,False
2020-04-21,2129.85,0.9509355118905088,0.7177893470527255,1.331901307603822,2.4509242031874914,706.9000000000001,3090.2509141588785,104.49999999999977,601.0663591797527,2489.184554979126,0.28221065294727454,1.4509242031874914,False,False
2020-04-22,2123.8,0.953644410961484,0.7112300422807016,1.3356954515491102,2.162258293874218,712.9500000000003,2468.404164530064,98.45000000000027,613.2896362042459,1855.1145283258181,0.28876995771929836,1.1622582938742179,False,False
2020-04-23,2116.2,0.9570692751157736,0.6769283035344368,1.3404923920234384,1.5343001537164342,720.5500000000002,1130.6859852947182,90.84999999999991,683.6843240604248,447.00166123429335,0.3230716964655632,0.5343001537164342,False,False
2020-04-24,2054.4,0.9858596183800622,0.6065953609851413,1.3808167834890963,1.4581975075622484,782.3499999999995,941.320959535883,29.050000000000182,808.2104903921256,133.11046914375743,0.39340463901485867,0.4581975075622484,False,False
2020-04-27,2065.85,0.9803954788585812,0.6722561759213995,1.3731635888375249,1.8717081301048442,770.9000000000005,1800.8182405770922,40.5,677.0695789727768,1123.7486616043154,0.3277438240786005,0.8717081301048442,False,False
2020-04-28,2409.65,0.8405162575477766,0.6868974077680902,1.177245658083124,1.478571776919388,427.0999999999999,1153.1904822538036,384.3000000000002,754.4676613716215,398.7228208821821,0.31310259223190984,0.478571776919388,False,False
2020-04-29,2355.75,0.8597474265096041,0.6561501336792323,1.2041812586225191,1.8406642420330233,480.99999999999955,1980.3947881692948,330.4000000000001,810.0243225851486,1170.3704655841461,0.34384986632076775,0.8406642420330233,False,False
2020-04-30,2374.3,0.8530303668449647,0.5874799807039917,1.1947731963104915,1.7777471065129467,462.4499999999998,1846.6049549936897,348.9500000000003,979.4462818145128,867.158673179177,0.41252001929600834,0.7777471065129467,False,False
2020-05-04,2304.45,0.8788865022022608,0.735701961419821,1.230987871292499,2.360115545679662,532.2999999999993,3134.3182692414966,279.0999999999999,609.0616150060935,2525.2566542354034,0.264298038580179,1.3601155456796619,False,False
2020-05-05,2335.1,0.867350434670892,0.7339639075725028,1.214830199991435,1.993321571717292,501.6500000000001,2319.505202117049,309.75,621.2208794274486,1698.2843226896005,0.26603609242749715,0.9933215717172921,False,False
2020-05-06,2350.8,0.8615577675684872,0.6802650460405145,1.2067168623447335,1.8572200454016548,485.9499999999998,2015.15288273021,325.4500000000003,751.6329297679586,1263.5199529622514,0.3197349539594855,0.8572200454016548,False,False
2020-05-07,2364.65,0.8565115344765609,0.753162492514788,1.1996489966802697,2.3791117298488524,472.0999999999999,3261.1165519870888,339.3000000000002,583.6843120749068,2677.432239912182,0.24683750748521205,1.3791117298488524,False,False
2020-05-08,2262.35,0.8952416734811147,0.7120429981007412,1.2538952858753067,1.8770114146413945,574.4000000000001,1984.1067739139585,237.0,651.459523246788,1332.6472506671705,0.28795700189925877,0.8770114146413945,False,False
2020-05-11,2268.1,0.8929720911776377,0.7430204595738826,1.2507164587099335,2.6505324585804093,568.6500000000001,3743.5726693062265,242.75,582.8552956404767,3160.7173736657496,0.25697954042611737,1.6505324585804093,False,False
2020-05-12,2221.8,0.9115807003330632,0.701923894454381,1.276780088216761,1.8884051640875423,614.9499999999998,1973.858593569702,196.45000000000027,662.2654913012564,1311.5931022684456,0.29807610554561903,0.8884051640875423,False,False
2020-05-13,2240.95,0.9037908030076528,0.7320756866776887,1.2658693857515786,2.0118613758553794,595.8000000000002,2267.5307502231126,215.60000000000036,600.4049899396334,1667.1257602834792,0.26792431332231126,1.0118613758553794,False,False
2020-05-14,2230.3,0.9081065327534412,0.6301589661930328,1.2719140922745815,1.6535276872622147,606.4499999999994,1457.5628009009174,204.95000000000005,824.8564576996789,632.7063432012385,0.3698410338069672,0.6535276872622147,False,False
2020-05-15,2204.7,0.918651063636776,0.633763075859476,1.286682995418878,1.7176776850375877,632.0500000000006,1582.2639922023695,179.35000000000014,807.4425466526131,774.8214455497564,0.366236924140524,0.7176776850375877,False,False
2020-05-18,2113.95,0.9580879396390644,0.5861425656974435,1.3419191560822157,1.5027814107543822,722.7999999999997,1062.8547632642262,88.59999999999991,874.8739232438893,187.98084002033693,0.4138574343025565,0.5027814107543822,False,False
2020-05-19,2085.1,0.9713443000335716,0.670654199140604,1.3604863076111458,1.6627867157491485,751.6500000000001,1381.9765810085496,59.74999999999977,686.7189293719266,695.257651636623,0.329345800859396,0.6627867157491485,False,False
2020-05-20,2100.8,0.9640851104341204,0.7121502114010927,1.3503189261233814,1.9161176241066977,735.9499999999998,1924.5799047233509,75.44999999999982,604.7148358885845,1319.8650688347664,0.2878497885989073,0.9161176241066977,False,False
2020-05-21,2123.55,0.953756681029408,0.7123451496742648,1.335852699489063,1.8497680032009498,713.1999999999998,1804.5248431973773,98.2000000000005,610.8494574092151,1193.6753857881622,0.28765485032573523,0.8497680032009498,False,False
2020-05-22,2132.35,0.9498206204422353,0.7308114570865507,1.3303397659858842,2.1645120876358295,704.4000000000001,2483.147350070261,106.99999999999955,574.0041894814935,1909.1431605887674,0.2691885429134493,1.1645120876358295,False,False
2020-05-26,2210.1,0.9164064974435546,0.7338773105584083,1.2835392063707525,1.9348137940675887,626.6500000000001,2066.0319662687775,184.75,588.1577559348618,1477.8742103339157,0.2661226894415917,0.9348137940675887,False,False
2020-05-27,2284.05,0.8867362798537685,0.6675973132363643,1.241982443466649,1.5264567210154354,552.6999999999998,1202.4534736353053,258.7000000000003,759.2243567024823,443.229116932823,0.3324026867636357,0.5264567210154354,False,False
2020-05-28,2382.3,0.8501658061537168,0.6883294321578377,1.1907610292574402,1.9819042364565345,454.4499999999998,2339.1904625104025,356.9500000000005,742.4927937703833,1596.6976687400193,0.3116705678421623,0.9819042364565345,False,False
2020-05-29,2433.75,0.8321931176168464,0.7390651479431709,1.1655880842321522,1.8758642046570646,403.00000000000045,2131.634508084131,408.39999999999986,635.0501961933078,1496.5843118908233,0.2609348520568291,0.8758642046570646,False,False
2020-06-01,2524.05,0.8024207127434083,0.7334884247967686,1.1238881955587252,1.8490011421396941,312.7000000000003,2142.9213328176947,498.7000000000003,672.6885413917164,1470.2327914259783,0.26651157520323143,0.8490011421396941,False,False
2020-06-02,2491.85,0.8127896944037563,0.7313417225544897,1.138411220579088,1.9917167942110616,344.9000000000001,2471.209493654834,466.5,669.4561286525948,1801.7533650022394,0.2686582774455103,0.9917167942110616,False,False
2020-06-03,2415.8,0.8383765212352015,0.7063076205183265,1.1742486960841128,2.0441545085646107,420.9499999999998,2522.4684617903868,390.4500000000003,709.5020503518269,1812.9664114385598,0.2936923794816735,1.0441545085646107,False,False
2020-06-04,2337.15,0.8665896497871338,0.6372280209676447,1.2137646278587169,1.7129936392937744,499.5999999999999,1666.3730840754447,311.8000000000002,847.8525307954692,818.5205532799755,0.36277197903235525,0.7129936392937744,False,False
2020-06-05,2327.8,0.8700704527880401,0.6572049478748998,1.218639917518687,1.7930584050348397,508.9499999999998,1846.0813552400996,302.4500000000003,797.9583223368084,1048.1230329032912,0.3427950521251002,0.7930584050348397,False,False
2020-06-08,2350.3,0.8617410543334892,0.6280947777155996,1.2069735778411266,1.6633975986362604,486.4499999999998,1559.1833760748027,324.9500000000003,874.0888439350263,685.0945321397764,0.37190522228440037,0.6633975986362604,False,False
2020-06-09,2325.15,0.8710620820162139,0.6814095985194951,1.2200288153452463,2.023850050953323,511.59999999999945,2380.6049459741184,299.8000000000002,740.770472002396,1639.8344739717224,0.3185904014805049,1.0238500509533228,False,False
2020-06-10,2338.45,0.8661078919797301,0.6808528782034555,1.2130898672197397,1.8095925280605218,498.3000000000002,1893.1916472431276,313.0999999999999,746.3095869651295,1146.882060277998,0.3191471217965445,0.8095925280605218,False,False
2020-06-11,2386.3,0.8487407283241838,0.7170295722439329,1.1887650337342328,2.1602273021910054,450.4499999999998,2768.6504112183966,360.9500000000003,675.252331754303,2093.398079464094,0.28297042775606707,1.1602273021910054,False,False
2020-06-12,2383.2,0.8498447465592481,0.7513413726545035,1.1903113460892918,2.473920191775534,453.5500000000002,3512.6466010394515,357.8499999999999,592.6032406897871,2920.0433603496645,0.24865862734549649,1.4739201917755338,False,False
2020-06-15,2370.05,0.8545600303791058,0.7307222367972801,1.1969156768844538,2.412056660676839,466.6999999999998,3346.6448886371427,344.7000000000005,638.2017626786064,2708.4431259585363,0.2692777632027199,1.4120566606768392,False,False
2020-06-16,2374.55,0.8529405571581983,0.7219828809440447,1.1946474068770925,2.286353311839651,462.1999999999998,3054.5102566288433,349.2000000000003,660.1655500543186,2394.344706574525,0.2780171190559553,1.286353311839651,False,False
2020-06-17,2436.45,0.8312709064417493,0.7352698015714193,1.164296414865891,2.114739712891538,400.3000000000002,2716.007573474588,411.0999999999999,645.0018919613153,2071.0056815132725,0.2647301984285807,1.114739712891538,False,False
2020-06-18,2556.75,0.7921580131025716,0.7313522998063565,1.109514031485284,2.2040537661004436,280.0,3078.4644664773095,531.4000000000001,686.8650074700979,2391.5994590072114,0.2686477001936435,1.2040537661004436,False,False
2020-06-19,2469.05,0.8202952552601201,0.6671263863310403,1.1489236750977097,2.341439914305888,367.6999999999998,3312.0822204169535,443.7000000000003,821.8815958293451,2490.200624587608,0.33287361366895973,1.3414399143058882,False,False
2020-06-22,2485.95,0.8147187192019147,0.6680953450509536,1.141113055371186,2.036527482215896,350.7999999999997,2576.755494414607,460.5999999999999,825.098376970582,1751.6571174440248,0.3319046549490464,1.036527482215896,False,False
2020-06-23,2425.6,0.8349892810026385,0.7002923172909187,1.1695044525065963,2.3147977012760617,411.1500000000001,3189.173304215215,400.25,726.9709551791477,2462.202349036067,0.2997076827090813,1.3147977012760617,False,False
2020-06-24,2335.7,0.8671276276919125,0.7227996528770991,1.2145181316093678,1.8979742693506783,501.05000000000064,2097.398500922379,310.3499999999999,647.4568507749595,1449.9416501474193,0.27720034712290087,0.8979742693506783,False,False
2020-06-25,2293.35,0.8831403841541849,0.6668360998978854,1.2369459524276714,1.6772105872694603,543.4000000000001,1553.0809003144168,268.0,764.0614302991844,789.0194700152324,0.3331639001021146,0.6772105872694603,False,False
2020-06-26,2296.3,0.8820058354744588,0.7200761062685406,1.2353568784566475,2.1478209455518975,540.4499999999998,2635.7412372708222,270.9500000000003,642.7892371755504,1992.9520000952718,0.27992389373145943,1.1478209455518975,False,False
2020-06-29,2316.05,0.8744845750307635,0.6431673774583472,1.224822434748818,1.6208196235802728,520.6999999999998,1437.849289193091,290.7000000000003,826.442195437595,611.4070937554959,0.3568326225416528,0.6208196235802728,False,False
2020-06-30,2250.6,0.8999155780680708,0.6513827676574732,1.2604416600017774,1.6205673499573354,586.1500000000001,1396.6488778139792,225.25,784.5979431100909,612.0509347038883,0.34861723234252684,0.6205673499573354,False,False
2020-07-01,2244.1,0.9025221692437948,0.6975809294772111,1.2640925092464683,2.2737441049129217,592.6499999999996,2858.409145835087,218.75,678.6586361601906,2179.7505096748964,0.30241907052278894,1.2737441049129217,False,False
2020-07-02,2231.8,0.9074961914150012,0.6694394529587149,1.2710592346984495,1.7959605080267407,604.9499999999998,1776.42466181408,206.4500000000005,737.7450288867401,1038.67963292734,0.3305605470412851,0.7959605080267407,False,False
2020-07-03,2255.55,0.8979406353217617,0.6418820599439894,1.257675511516038,1.533564193173662,581.1999999999998,1203.4807159128536,230.20000000000027,807.7529196933349,395.7277962195187,0.3581179400560106,0.5335641931736621,False,False
2020-07-06,2266.6,0.8935630459719404,0.5936427971498641,1.2515441630636197,1.5860847543091925,570.1500000000005,1328.4197041172156,241.25,921.049235980118,407.37046813709753,0.4063572028501359,0.5860847543091925,False,False
2020-07-07,2251.85,0.8994160357039768,0.6420210725599127,1.2597419899193996,2.0368539729557043,584.9000000000001,2334.8396190003027,226.5,806.1148477559605,1528.7247712443423,0.3579789274400873,1.0368539729557043,False,False
2020-07-08,2243.9,0.9026026115245775,0.7049325725521799,1.2642051784838897,2.0542189022931323,592.8499999999999,2365.5617948555596,218.5500000000004,662.1018004501636,1703.459994405396,0.2950674274478201,1.0542189022931323,False,False
2020-07-09,2255.3,0.8980401720391964,0.6506845698610408,1.2578149248437014,1.5363549762178774,581.4499999999998,1209.641377864179,229.9500000000005,787.8110895923946,421.8302882717844,0.34931543013895916,0.5363549762178774,False,False
2020-07-10,2242.45,0.9031862471849986,0.6188266048330642,1.2650226314968005,1.5693287743686701,594.3000000000002,1276.6913100830243,217.0999999999999,854.7622799920953,421.929030090929,0.3811733951669358,0.5693287743686701,False,False
2020-07-13,2220.45,0.9121349276047648,0.702209321974806,1.2775563511900745,2.2964979023576726,616.3000000000006,2878.808767290094,195.10000000000014,661.2293110210419,2217.5794562690517,0.297790678025194,1.2964979023576726,False,False
2020-07-14,2199.2,0.9209485267369952,0.6712691686801683,1.2899008730447437,1.702483267960396,637.5500000000002,1544.901202898503,173.85000000000014,722.9448442385738,821.9563586599293,0.3287308313198317,0.7024832679603961,False,False
2020-07-15,2159.6,0.9378357103167252,0.6565768130973507,1.3135534358214485,1.9377148873620555,677.1500000000001,2025.0890707470949,134.25000000000023,741.6567144349613,1283.4323563121336,0.3434231869026493,0.9377148873620555,False,False
2020-07-16,2170.65,0.9330615253495496,0.6205306523125216,1.3068666067767718,1.898935178401084,666.0999999999999,1951.2736449963127,145.30000000000018,823.6951395578251,1127.5785054384876,0.3794693476874784,0.898935178401084,False,False
2020-07-17,2198.6,0.9211998544528336,0.6756397860415493,1.2902528882015831,2.0383514397682507,638.1500000000005,2282.9194754744763,173.25,713.1383664090497,1569.7811090654266,0.3243602139584507,1.0383514397682507,False,False
2020-07-20,2129.85,0.9509355118905088,0.6778674652681044,1.331901307603822,1.939518448239875,706.9000000000001,2001.0333669836978,104.49999999999977,686.0939790987279,1314.9393878849698,0.3221325347318956,0.9395184482398751,False,False
2020-07-21,2129.3,0.9511811393415676,0.6982960816808036,1.3322453388437514,2.0485867001422484,707.4499999999998,2232.75566061289,103.95000000000027,642.4181532770649,1590.3375073358252,0.3017039183191964,1.0485867001422484,False,False
2020-07-22,2122.3,0.9543184281204352,0.6982696732043479,1.336639494887622,2.021148910115337,714.4499999999998,2167.1843319377804,96.95000000000027,640.3622725584125,1526.8220593793678,0.30173032679565215,1.021148910115337,False,False
2020-07-23,2123.1,0.9539588337807924,0.6770902410811924,1.336135839103198,1.4213273255602674,713.6500000000001,894.5200448970036,97.74999999999977,685.5697091605202,208.95033573648334,0.3229097589188076,0.4213273255602674,False,False
2020-07-24,2108.5,0.9605643822622716,0.6483516320155053,1.3453877163860564,1.6800653134257235,728.25,1433.917713358138,83.15000000000032,741.4505838953071,692.4671294628308,0.3516483679844947,0.6800653134257235,False,False
2020-07-27,2083.95,0.9718803234242664,0.6532083102799415,1.3612370738261477,1.7015131021101455,752.8000000000002,1461.9182291424377,58.59999999999991,722.6965417921158,739.2216873503219,0.34679168972005847,0.7015131021101455,False,False
2020-07-28,2106.7,0.9613851046660654,0.6280396709857732,1.3465372383348366,1.3867205153780429,730.0500000000002,814.7041097469228,81.34999999999991,783.6088251342717,31.095284612651085,0.3719603290142268,0.38672051537804286,False,False
2020-07-29,2073.5,0.9767783940197732,0.604747852116402,1.368097419821558,1.7694950297385796,763.2500000000005,1595.547944162945,48.15000000000032,819.5553286366403,775.9926155263047,0.39525214788359797,0.7694950297385796,False,False
2020-07-30,2060.8,0.9827979425465836,0.5929520631986466,1.3765285326086956,1.484495847689189,775.9499999999998,998.4490429178809,35.4500000000005,838.8443881602293,159.6046547576516,0.4070479368013534,0.48449584768918896,False,False
2020-07-31,2064.2,0.9811791493072376,0.6535437864734909,1.3742612149985467,1.8343111992799397,772.5500000000002,1722.1851775536516,38.850000000000136,715.1549159614201,1007.0302615922315,0.3464562135265091,0.8343111992799397,False,False
2020-08-03,2059.15,0.9835854600199112,0.5817961167541394,1.3776315469975475,1.4634083687501676,777.5999999999999,954.2273425119074,33.799999999999955,861.1445261857139,93.08281632619355,0.41820388324586055,0.46340836875016755,False,False
2020-08-04,2063.15,0.9816785013207958,0.6298294807683967,1.3749606184717542,1.9514770493817029,773.5999999999999,1963.0398744318604,37.80000000000018,763.7173067526824,1199.322567679178,0.37017051923160327,0.9514770493817029,False,False
2020-08-05,2048.6,0.9886507859025676,0.6566193573214528,1.3847261544469394,1.7386654897143732,788.1500000000001,1513.2301222288647,23.25,703.4495845912718,809.7805376375929,0.3433806426785472,0.7386654897143732,False,False
2020-08-06,2032.2,0.9966292687727584,0.6195959800513582,1.3959009939966538,1.4522663588948772,804.55,919.0956945461696,6.850000000000364,773.0570493396299,146.03864520653974,0.3804040199486418,0.4522663588948772,False,False
2020-08-07,2061.9,0.9822736311169308,0.5754837898219481,1.3757941704253358,1.461469674364035,774.8499999999999,951.504321571204,36.55000000000041,875.3099737661253,76.19434780507868,0.42451621017805186,0.46146967436403497,False,False
2020-08-10,2076.4,0.9754141783856676,0.553853577745816,1.3661866692352147,1.4376066555576816,760.3499999999999,908.6464595999701,51.049999999999955,926.3784311685877,-17.73197156861761,0.446146422254184,0.43760665555768163,False,False
2020-08-11,2039.5,0.993062025006129,0.6089132451303177,1.3909046334886002,1.841896928769394,797.25,1717.0487862251794,14.150000000000091,797.6214365567168,919.4273496684625,0.39108675486968225,0.841896928769394,False,False
2020-08-12,2025.35,1.0,0.655380749229717,1.4006221146962254,1.7064936819180243,811.4000000000001,1430.8969786726707,0.0,697.9745995475926,732.9223791250781,0.344619250770283,0.7064936819180243,False,False
2020-08-13,2025.7,0.9999506343486202,0.6283757205855085,1.400380115515624,1.5129264975988805,811.0499999999995,1039.0352061860524,0.10000000000013642,752.7993028099354,286.235903376117,0.3716242794144915,0.5129264975988805,False,False
2020-08-14,2025.6,1.0,0.5663974622263342,1.4004492496050551,1.4541729695855032,811.1499999999996,919.9727671923952,0.0,878.3053005143372,41.66746667805796,0.43360253777366575,0.45417296958550324,False,False
2020-08-17,2044.15,1.0,0.636976338608291,1.3877406256879388,1.9211194434456438,792.5999999999999,1882.906310319413,0.0,742.0748174338621,1140.831492885551,0.36302366139170905,0.9211194434456438,False,False
2020-08-18,2069.7,1.0,0.6014975069812474,1.370609267043533,1.626840517981238,767.0500000000002,1297.3718200657681,0.0,824.7806098009123,472.5912102648558,0.3985024930187526,0.626840517981238,False,False
2020-08-19,2112.7,0.9924030860983576,0.6283120646904059,1.3427131159180197,2.113741851514024,724.0500000000002,2353.0024096936777,16.049999999999727,785.2651009285794,1567.7373087650983,0.3716879353095941,1.1137418515140238,False,False
2020-08-20,2116.5,0.9906213087644696,0.6136929486707864,1.3403023860146468,2.0546347532347227,720.25,2232.1344552212904,19.84999999999991,817.6188741382807,1414.5155810830097,0.3863070513292136,1.0546347532347227,False,False
2020-08-21,2114.35,0.9916286329131886,0.5870190802194808,1.3416652872041053,1.3921952013025933,722.4000000000001,829.2379238741382,17.699999999999818,873.1862077379408,-43.948283863802544,0.4129809197805192,0.39219520130259333,False,False
2020-08-24,2140.55,0.979491252248254,0.5886901774462863,1.3252435121814483,1.5104240311151589,696.1999999999994,1092.5881598035535,43.90000000000009,880.4292406673519,212.15891913620158,0.41130982255371373,0.5104240311151589,False,False
2020-08-25,2125.05,0.986635608573916,0.6184764523575469,1.3349097668290155,1.948369242329763,711.6999999999994,2015.3320584128633,28.40000000000009,810.756614917595,1204.5754434952682,0.3815235476424531,0.9483692423297629,False,False
2020-08-26,2395.3,0.875318331732977,0.6567711053041663,1.1842984177347304,1.7269702842558061,441.4499999999998,1741.311921877933,298.6500000000001,822.1361714649306,919.1757504130023,0.34322889469583373,0.7269702842558061,False,False
2020-08-27,2285.35,0.917430590500361,0.6171144665512555,1.241275953355066,2.155319700649043,551.3999999999996,2640.309877878291,188.69999999999982,875.0274538670883,1765.2824240112027,0.38288553344874454,1.1553197006490432,False,False
2020-08-28,2265.75,0.9253668763102726,0.6307783631904329,1.2520136820037515,2.368345997030678,571.0,3100.3299427722586,169.0999999999999,836.5639236012767,2263.766019170982,0.3692216368095671,1.3683459970306782,False,False
2020-08-31,2128.8,0.9848975948891394,0.5837133955407787,1.3325582487786545,1.4975099952277855,707.9499999999998,1059.09927784091,32.15000000000009,886.1909235727903,172.90835426811964,0.4162866044592213,0.4975099952277855,False,False
2020-09-01,2178.3,0.9625166414176192,0.5974706443264743,1.302277005003902,1.6025355241984887,658.4499999999998,1312.503132361568,81.65000000000009,876.829695463641,435.6734368979271,0.40252935567352566,0.6025355241984887,False,False
2020-09-02,2148.05,0.9760713204999883,0.6515008343782405,1.3206163729894551,1.5468336704423251,688.6999999999989,1174.6260657936364,51.40000000000009,748.5936327138206,426.03243307981575,0.34849916562175953,0.5468336704423251,False,False
2020-09-03,2145.3,0.9773225189950124,0.6484091841692542,1.322309234139747,1.4969560794052406,691.4499999999994,1066.1198771480626,48.649999999999636,754.2677772016991,311.8520999463635,0.3515908158307458,0.49695607940524056,False,False
2020-09-04,2123.6,0.987309286117913,0.646126927176471,1.33582124693916,1.3818707948129187,713.1500000000001,810.9408198647143,26.949999999999818,751.4848574480461,59.45596241666817,0.353873072823529,0.38187079481291875,False,False
2020-09-07,2125.05,0.986635608573916,0.6353082535826539,1.3349097668290155,1.3217978954368643,711.6999999999994,683.8366176981085,28.40000000000009,774.9881957241814,-91.15157802607291,0.36469174641734614,0.3217978954368643,False,False
2020-09-08,2244.5,0.9341278681220764,0.6847057688711712,1.2638672310091337,1.571382247224415,592.2500000000005,1282.4674538951995,147.84999999999945,707.6779017686563,574.7895521265432,0.3152942311288288,0.571382247224415,False,False
2020-09-09,2150.15,0.9751180150222076,0.6747672270403883,1.3193265586121898,1.393653591786249,686.5999999999999,846.4142703792031,53.500000000000455,699.2992467791091,147.115023600094,0.3252327729596117,0.3936535917862489,False,False
2020-09-10,2182.95,0.9604663414187224,0.6925407337578124,1.2995029661696331,1.5366317302139345,653.8000000000006,1171.440235470508,86.29999999999973,671.1682052433832,500.2720302271248,0.30745926624218756,0.5366317302139345,False,False
2020-09-11,2156.95,0.9720438582257356,0.7232852180856981,1.3151672500521572,1.5904145290352893,679.8000000000002,1273.4946184026671,60.29999999999973,596.8599488500533,676.6346695526138,0.2767147819143019,0.5904145290352893,False,False
2020-09-14,2255.55,0.9295515506195828,0.7319891723914517,1.257675511516038,1.5550551467475593,581.1999999999998,1251.9546362464575,158.9000000000001,604.5118222124613,647.4428140339962,0.26801082760854833,0.5550551467475593,False,False
2020-09-15,2306.15,0.9091559525616288,0.7470908041982566,1.2300804370921232,2.2123194192776294,530.5999999999999,2795.790428767105,209.49999999999955,583.2465418981906,2212.5438868689143,0.2529091958017434,1.2123194192776294,False,False
2020-09-16,2315.9,0.9053283820544928,0.7104725879479372,1.224901766052075,1.6188978197031911,520.8500000000004,1433.3054606506203,219.25,670.5165335713723,762.788927079248,0.2895274120520628,0.6188978197031911,False,False
2020-09-17,2269.8,0.9237157458806944,0.684011495404811,1.2497797162745616,1.4517555081593247,566.9500000000003,1025.3946524200355,173.1500000000001,717.23070773016,308.1639446898755,0.315988504595189,0.45175550815932475,False,False
2020-09-18,2266.1,0.9252239530470854,0.6968221879516322,1.2518203080181811,1.665299759104272,570.6500000000001,1507.6357841061908,169.44999999999982,687.0312398828062,820.6045442233847,0.3031778120483678,0.665299759104272,False,False
2020-09-21,2190.2,0.9572870057528994,0.656734619534498,1.2952013514747514,1.365960524062734,646.5500000000002,801.5267398021997,93.54999999999973,751.8198362955425,49.70690350665723,0.34326538046550203,0.36596052406273394,False,False
2020-09-22,2096.65,1.0,0.622089611837455,1.3529916771993418,1.2883198086679366,740.0999999999999,604.5057268436294,0.0,792.3458153409999,-187.84008849737052,0.37791038816254496,0.2883198086679366,False,False
2020-09-23,2174.5,0.9725454127385608,0.7356155541191093,1.304552770751897,1.5358965803227544,662.25,1165.3071139118297,59.69999999999982,574.9039775679969,590.4031363438328,0.2643844458808907,0.5358965803227544,False,False
2020-09-24,2150.85,0.9832391845084504,0.6745531323868089,1.3188971801845784,1.4739424864701904,685.9000000000005,1019.3791970244092,36.04999999999927,699.987395205832,319.3918018185773,0.3254468676131911,0.47394248647019044,False,False
2020-09-25,2197.1,0.9625415320194805,0.7274259051606975,1.2911337672386327,1.7045082252778574,639.6500000000001,1547.8750217579804,82.29999999999927,598.8725437714315,949.0024779865489,0.2725740948393025,0.7045082252778574,False,False
2020-09-28,2219.45,0.9528486787267118,0.7151188560850799,1.278131969632116,1.7643256497615631,617.2999999999997,1696.382563363301,104.64999999999964,632.2794548619695,1064.1031085013315,0.28488114391492014,0.7643256497615631,False,False
2020-09-29,2197.95,0.962169294114971,0.6767495481751195,1.2906344548329125,1.4754144028034029,638.8000000000002,1044.9370866417394,83.14999999999964,710.4883305884962,334.4487560532432,0.32325045182488055,0.47541440280340286,False,False
2020-09-30,2224.95,0.9504932695116746,0.6685442594722988,1.2749724712914898,1.5092990704716485,611.8000000000002,1133.164966845894,110.14999999999964,737.4724498871087,395.6925169587853,0.3314557405277012,0.5092990704716485,False,False
2020-10-01,2213.35,0.9554747328709876,0.7760315844449388,1.2816545056136626,1.6388329497355674,623.4000000000001,1413.9609092972178,98.54999999999973,495.7204925687947,918.240416728423,0.2239684155550612,0.6388329497355674,False,False
2020-10-05,2205.2,0.9590059858516236,0.8196233019046235,1.2863912570288407,1.7015758588243477,631.5499999999993,1547.1150838794515,90.39999999999964,397.76669463992425,1149.3483892395273,0.1803766980953765,0.7015758588243477,False,False
2020-10-06,2282.35,0.9265888229237408,0.838423399421728,1.2429075295200125,1.7587729587550918,554.4000000000005,1731.7854624146835,167.55000000000018,368.77435432981906,1363.0111080848644,0.16157660057827194,0.7587729587550918,False,False
2020-10-07,2344.25,0.9021222139276956,0.8098325852525048,1.2100885144502511,1.6961445320625712,492.50000000000136,1631.9368192876827,229.44999999999936,445.79996202181565,1186.136857265867,0.1901674147474952,0.6961445320625712,False,False
2020-10-08,2309.8,0.9155771062429648,0.7796144614564899,1.2281366352065113,1.6125026964993214,526.9499999999998,1414.7587283741327,195.0,509.04651692779953,905.7122114463332,0.22038553854351006,0.6125026964993214,False,False
2020-10-09,2289.6,0.9236547868623342,0.7708895801735776,1.2389718728162125,1.646989473096979,547.1500000000001,1481.347097602843,174.79999999999973,524.5712172345768,956.7758803682661,0.22911041982642244,0.646989473096979,False,False
2020-10-12,2236.9,0.9454155304215656,0.7662577524145372,1.2681612946488443,1.4805637379505807,599.8499999999999,1074.9730254216543,122.09999999999991,522.8580336239218,552.1149917977325,0.2337422475854628,0.4805637379505807,False,False
2020-10-13,2203.4,0.95978941635654,0.7499859844203615,1.2874421348824543,1.3685577746449509,633.3499999999999,812.0802006526847,88.59999999999991,550.8808819281755,261.1993187245091,0.25001401557963854,0.3685577746449509,False,False
2020-10-14,2202.0,0.9603996366939148,0.8292865767350813,1.288260672116258,1.5600875462409167,634.75,1233.3127768224986,87.19999999999936,375.9109580293509,857.4018187931476,0.17071342326491867,0.5600875462409167,False,False
2020-10-15,2194.05,0.9638795834187918,1.1666396697467671,1.2929286023563729,5.514229739735018,642.6999999999998,9904.445760465616,79.25,365.6157674078945,9538.829993057721,-0.16663966974676714,4.514229739735018,True,False
2020-10-16,2278.45,0.9281748557133142,0.845470314094372,1.2450350018653034,1.395302227543361,558.3000000000002,900.6763603461709,163.64999999999918,352.08816285167813,548.5881974944928,0.154529685905628,0.3953022275433611,False,False
2020-10-19,2209.95,0.9569447272562728,0.8274813879411289,1.2836263263874752,1.8125222336750504,626.8000000000006,1795.6335103101774,95.15000000000009,381.2575067195021,1414.3760035906753,0.1725186120588711,0.8125222336750504,False,False
2020-10-20,2318.9,0.9119841304066584,0.8260065835860044,1.2233170899995691,2.1665905292587944,517.8500000000008,2705.206778298218,204.0999999999999,403.4733333224144,2301.7334449758036,0.17399341641399557,1.1665905292587944,False,False
2020-10-21,2299.8,0.9195582224541264,0.7940362697130733,1.2334768240716585,1.6730769952982012,536.9500000000003,1547.942473786803,185.0,473.67538691387404,1074.267086872929,0.20596373028692672,0.6730769952982012,False,False
2020-10-22,2285.8,0.9251903053635488,0.8225174315790075,1.241031586315513,1.8227506567241871,550.9499999999998,1880.6434511401467,171.0,405.6896548967047,1474.953796243442,0.17748256842099253,0.8227506567241871,False,False
2020-10-23,2280.0,0.9275438596491228,0.8312392277662286,1.244188596491228,1.777308154546053,556.75,1772.2625923650007,165.20000000000027,384.7745606929989,1387.4880316720019,0.1687607722337714,0.777308154546053,False,False
2020-10-26,2199.1,0.9616661361466056,0.8257747043758293,1.2899595288981858,1.972846416777129,637.6500000000001,2139.386555134584,84.29999999999973,383.1388476071136,1756.2477075274703,0.17422529562417066,0.9728464167771289,False,False
2020-10-27,2225.2,0.9503864821139676,0.794041142232329,1.2748292288333634,1.3191743622715713,611.5500000000002,710.2267909267002,110.39999999999918,458.2996503046213,251.92714062207892,0.20595885776767098,0.31917436227157125,False,False
2020-10-28,2196.9,0.9626291592698804,0.7739003881899253,1.2912513086622055,1.5097508204221857,639.8499999999995,1119.8715773854997,82.09999999999991,496.7182371855531,623.1533401999466,0.22609961181007465,0.5097508204221857,False,False
2020-10-29,2128.6,0.9935168655454292,0.79439977341248,1.3326834539133705,1.6825723632065728,708.1500000000005,1452.9235323215107,13.799999999999272,437.640642314195,1015.2828900073157,0.20560022658751997,0.6825723632065728,False,False
2020-10-30,2168.15,0.9753937688813044,0.8023466473475673,1.3083734981435786,1.4528590304095044,668.5999999999999,981.8663067823668,53.34999999999991,428.5421165533719,553.3241902289949,0.19765335265243267,0.45285903040950437,False,False
2020-11-02,2147.45,0.9847959207432072,0.761330857282605,1.3209853547230437,1.4245604963543794,689.3000000000002,911.7224378962119,32.649999999999636,512.5300505284699,399.19238736774196,0.23866914271739503,0.4245604963543794,False,False
2020-11-03,2119.35,0.9978531153419682,0.7597660702066658,1.3385000117960697,1.4436659797560907,717.4000000000001,940.2834941960709,4.549999999999727,509.1397791075028,431.1437150885681,0.24023392979333424,0.4436659797560907,False,False
2020-11-04,2160.15,0.9790060875402172,0.7625820835229801,1.3132189894220307,1.3939336075981474,676.5999999999999,850.9556824531383,45.34999999999991,512.8583122778346,338.0973701753037,0.23741791647701993,0.39393360759814744,False,False
2020-11-05,2163.7,0.9773998243749136,0.8179747649660754,1.3110643804593984,1.7510035087160416,673.0500000000002,1624.9462918088989,48.899999999999636,393.84800104290275,1231.0982907659961,0.18202523503392465,0.7510035087160416,False,False
2020-11-06,2155.0,0.9813457076566128,0.7901364548518471,1.3163573085846867,1.4341388231984107,681.75,935.5691639925749,40.19999999999936,452.25593979426935,483.31322419830553,0.20986354514815286,0.4341388231984107,False,False
2020-11-09,2145.45,0.9857139527837984,0.7707783315380663,1.322216784357594,1.444461255946976,691.3000000000002,953.5694015714398,30.649999999999636,491.78362860165566,461.78577296978415,0.2292216684619337,0.44446125594697605,False,False
2020-11-10,2157.1,0.9803903388809052,0.7624837449730346,1.3150757962078716,1.404429387521052,679.6499999999996,872.3946318216613,42.29999999999927,512.346313718667,360.04831810299424,0.23751625502696538,0.40442938752105206,False,False
2020-11-11,2176.75,0.9715401401171472,0.7626618834513951,1.3032043183645343,1.4827734415132099,660.0,1050.8770888138797,61.94999999999982,516.6257451971758,534.2513436167039,0.23733811654860493,0.4827734415132099,False,False
2020-11-12,2173.05,0.9731943581601896,0.8171543666772629,1.3054232530314531,1.6137405232293238,663.6999999999994,1333.6888440034822,58.25,397.3327034919739,936.3561405115083,0.18284563332273707,0.6137405232293238,False,False
2020-11-13,2171.35,0.9739562944711816,0.7891027498018183,1.30644529900753,1.546591213391217,665.4000000000001,1186.8408311970188,56.54999999999973,457.9317442178219,728.9090869791969,0.21089725019818173,0.546591213391217,False,False
2020-11-14,2185.5,0.967650423244109,0.7847967043636568,1.2979867307252344,1.3831198894393566,651.25,837.308518369714,70.69999999999982,470.3268026132282,366.98171575648576,0.21520329563634322,0.3831198894393566,False,False
2020-11-17,2175.8,0.9719643349572572,0.7991169785008234,1.3037733247541132,1.7389000566108042,660.9499999999998,1607.698743173788,61.0,437.0812781779084,1170.6174649958796,0.20088302149917658,0.7389000566108042,False,False
2020-11-18,2157.15,0.9803676146767728,0.8197280913670321,1.3150453144194891,1.6260241703139773,679.6000000000008,1350.4280389927962,42.349999999999454,388.8735477076068,961.5544912851894,0.18027190863296794,0.6260241703139773,False,False
2020-11-19,2124.1,0.9956216750623796,0.7937712582049798,1.3355068028812205,1.9243485555532311,712.6500000000005,1963.4087668506181,9.299999999999272,438.05047044680236,1525.3582964038158,0.20622874179502015,0.9243485555532311,False,False
2020-11-20,2125.35,0.9950361116992495,0.8210610535939307,1.334721340014586,2.0355074689550454,711.4000000000005,2200.815799143606,10.550000000000182,380.3078897441394,1820.5079093994666,0.17893894640606933,1.0355074689550454,False,False
2020-11-23,2141.0,0.9877627276973378,0.7832849225185677,1.324964969640355,1.5062045947082723,695.75,1083.7840372704109,26.199999999999818,463.98698088774654,619.7970563826643,0.21671507748143226,0.5062045947082723,False,False
2020-11-24,2145.7,0.9855991051871186,0.8157105753894897,1.3220627301113856,1.567043676001882,691.0500000000002,1216.7056155972382,30.899999999999636,395.429818386772,821.2757972104662,0.18428942461051034,0.567043676001882,False,False
2020-11-25,2149.95,0.9836507825763392,0.8155598484865558,1.3194492895183607,1.6650101023214834,686.7999999999997,1429.738469486073,35.149999999999636,396.5371037463292,1033.2013657397438,0.18444015151344417,0.6650101023214834,False,False
2020-11-26,2174.5,0.9725454127385608,0.9321349288455074,1.304552770751897,3.17720169141937,662.25,4734.32507799142,59.69999999999982,147.57259722544404,4586.752480765976,0.06786507115449258,2.17720169141937,False,False
2020-11-27,2285.25,0.9254129745104476,0.8084892431618402,1.2413302702111366,1.334797011377713,551.5,765.0948702509186,170.44999999999982,437.6499570644046,327.444913186514,0.19151075683815977,0.334797011377713,False,False
2020-12-01,2240.95,0.9437069100158416,0.7709181891327488,1.2658693857515786,1.294437459974743,595.8000000000002,659.8196259304004,126.14999999999964,513.3608840629665,146.4587418674339,0.2290818108672512,0.294437459974743,False,False
2020-12-02,2213.7,0.9553236662601076,0.8383789141993375,1.281451867913448,1.8187246103170374,623.0499999999997,1812.4106698588253,98.90000000000009,357.7805976369266,1454.6300722218987,0.16162108580066248,0.8187246103170374,False,False
2020-12-03,2212.8,0.9557122198120028,0.7774919862163157,1.2819730657989876,1.5129616764950224,623.9499999999998,1135.0815977481857,98.0,492.36573290053684,642.7158648476488,0.22250801378368434,0.5129616764950224,False,False
2020-12-04,2192.4,0.9646049990877578,0.8190083016109084,1.2939016602809703,1.6807048529364286,644.3499999999995,1492.3773195778263,77.59999999999991,396.8061995482444,1095.5711200295818,0.18099169838909157,0.6807048529364286,False,False
2020-12-07,2226.9,0.9496609636714716,0.8039159585327458,1.2738560330504287,1.3798084418928855,609.8499999999999,845.795419251267,112.09999999999991,436.65955194342837,409.1358673078387,0.19608404146725422,0.37980844189288554,False,False
2020-12-08,2211.7,0.9561875480399694,0.7718544601019587,1.282610661482118,1.6499821745919654,625.0500000000002,1437.5655755450498,96.89999999999964,504.5894905924979,932.9760849525519,0.22814553989804132,0.6499821745919654,False,False
2020-12-09,2253.25,0.9385554199489629,0.7806747841788284,1.2589592810385,1.6794557291634984,583.5,1530.9836217376528,138.44999999999936,494.19454254905486,1036.789079188598,0.2193252158211716,0.6794557291634984,False,False
2020-12-10,2220.9,0.9522265748120132,0.7597856932507074,1.2772974920077445,1.6197602159551625,615.8499999999995,1376.4254636148203,106.09999999999991,533.4919538595038,842.9335097553164,0.24021430674929256,0.6197602159551625,False,False
2020-12-11,2208.2,0.957703106602663,0.8146772464367111,1.2846436011230868,1.8606236054998346,628.5500000000002,1900.429045664735,93.39999999999964,409.2297044184545,1491.1993412462805,0.18532275356328887,0.8606236054998346,False,False
2020-12-14,2199.3,0.9615786841267676,0.7933960309640424,1.2898422225253492,1.503137520281216,637.4500000000007,1106.5503483544785,84.5,454.3841091007814,652.1662392536971,0.20660396903595757,0.503137520281216,False,False
2020-12-15,2196.75,0.9626948901786732,0.7742964141568158,1.2913394787754635,1.4660614113294947,639.9999999999995,1023.8204053380678,81.94999999999982,495.8143522010148,528.006053137053,0.22570358584318417,0.46606141132949475,False,False
2020-12-16,2233.0,0.9470667263770712,0.7799785575485605,1.2703761755485894,1.3625121362119845,603.75,809.4896001613615,118.19999999999982,491.30788099406436,318.18171916729716,0.2200214424514395,0.3625121362119845,False,False
2020-12-17,2224.75,0.9505787167097428,0.7461871552972804,1.275087088436903,1.7491008021036132,612.0,1666.5620094800133,109.94999999999982,564.6701262523754,1101.891883227638,0.2538128447027196,0.7491008021036132,False,False
2020-12-18,2194.25,0.963791728380996,0.810286483168454,1.2928107553833883,1.778121965846525,642.5,1707.3941235587376,79.44999999999936,416.2788843076198,1291.1152392511178,0.18971351683154603,0.778121965846525,False,False
2020-12-21,2114.8,1.0,0.7611834070595931,1.3413797995082275,1.3785127295136137,721.9499999999994,800.4787203753904,0.0,505.0493307503725,295.42938962501785,0.2388165929404069,0.3785127295136137,False,False
2020-12-22,2183.55,1.0,0.7701157605848531,1.2991458862860936,1.470927773184603,653.1999999999998,1028.29433913724,0.0,501.96373097494416,526.3306081622959,0.2298842394151469,0.4709277731846031,False,False
2020-12-23,2253.05,1.0,0.770178697820502,1.2590710370386808,1.689603117449252,583.6999999999998,1553.7103037690376,0.0,517.7988848755181,1035.9114188935196,0.22982130217949803,0.6896031174492521,False,False
2020-12-24,2527.15,0.9001642166076409,0.795731298761873,1.12250954632689,1.6388032358834064,309.5999999999999,1614.3515975627502,252.30000000000018,516.2176483339326,1098.1339492288175,0.20426870123812702,0.6388032358834064,False,False
2020-12-28,2643.2,0.8606424031476998,0.8191153919531882,1.0732256355932204,1.7791596744197928,193.55000000000018,2059.4748514263965,368.3499999999999,478.114195989333,1581.3606554370635,0.18088460804681183,0.7791596744197928,False,False
2020-12-29,2579.6,0.8818615289192123,0.7919729930101462,1.099685997829121,1.7443519547572084,257.1500000000001,1920.1303024916947,304.75,536.6264672310267,1383.503835260668,0.20802700698985377,0.7443519547572084,False,False
2020-12-30,2544.4,0.8940614683225907,0.7994801481269364,1.114899386888854,1.751179749658494,292.3499999999999,1911.301755031072,269.5500000000002,510.20271110582325,1401.0990439252487,0.20051985187306365,0.751179749658494,False,False
2020-12-31,2663.15,0.8541952199463041,0.8306750445108352,1.065185963990012,1.7770682252354284,173.60000000000082,2069.449244035731,388.3000000000002,450.9377552109695,1618.5114888247617,0.16932495548916482,0.7770682252354284,False,False
2021-01-01,2760.35,0.8241165069646965,0.7505903912914177,1.0276776495734237,1.9794540421664806,76.40000000000009,2703.635965294244,485.5,688.4578133987352,2015.178151895509,0.2494096087085823,0.9794540421664806,False,False
2021-01-04,2778.9,0.8186152794271114,0.7395707406502975,1.0208175896937637,1.9171639064746335,57.84999999999991,2548.7067797023587,504.0500000000002,723.7068688068885,1824.9999108954703,0.2604292593497025,0.9171639064746335,False,False
2021-01-05,2810.65,0.8093679398004019,0.7485322390512745,1.0092861081956128,1.9265703940787127,26.099999999999,2604.265078117334,535.8000000000006,706.7878623105353,1897.4772158067985,0.25146776094872547,0.9265703940787127,False,False
2021-01-06,2711.85,0.8388553939192802,0.7307591018152602,1.0460571196784485,1.7311587516685076,124.90000000000055,1982.7928607122426,437.0,730.1409297422867,1252.6519309699559,0.26924089818473984,0.7311587516685076,False,False
2021-01-07,2639.4,0.8618814882170189,0.7233088421591687,1.0747707812381602,1.7813514991771733,197.3499999999999,2062.299146928231,364.5500000000002,730.2986420050902,1332.0005049231409,0.2766911578408313,0.7813514991771733,False,False
2021-01-08,2617.8,0.8689930475972191,0.7275729323780611,1.0836389334555734,1.7553897715719025,218.94999999999982,1977.4593440209264,342.9499999999998,713.1595776207118,1264.2997664002146,0.2724270676219389,0.7553897715719025,False,False
2021-01-11,2580.4,0.8815881258719578,0.7407709813058427,1.0993450627809642,1.6809865144385503,256.3499999999999,1757.217601857235,305.5500000000002,668.9145598384034,1088.3030420188315,0.25922901869415726,0.6809865144385503,False,False
2021-01-12,2569.1,0.8854657272974972,0.7341369879975393,1.1041804522984704,1.6022471378660148,267.6500000000001,1547.2331218915783,294.25,683.0286641355217,864.2044577560566,0.26586301200246065,0.6022471378660148,False,False
2021-01-13,2491.95,0.9128794718995163,0.7328926698151548,1.1383655370292345,1.4338292070912004,344.80000000000064,1081.0806926109167,217.10000000000036,665.618111454125,415.46258115679166,0.2671073301848452,0.43382920709120043,False,False
2021-01-14,2493.95,0.912147396700014,0.7408019828277582,1.137452635377614,1.3965036463681333,342.8000000000002,988.8602688598057,219.0999999999999,646.4268949267123,342.43337393309343,0.2591980171722418,0.3965036463681333,False,False
2021-01-15,2442.1,0.9315138610212522,0.7168435992022125,1.1616027189713771,1.5567072502206356,394.6500000000001,1359.5347757638142,167.25,691.4962463882769,668.0385293755373,0.2831564007977875,0.5567072502206356,False,False
2021-01-18,2413.85,0.9424156430598422,0.7121917450343748,1.1751972989208113,1.579704359314265,422.9000000000001,1399.3193677307386,139.0,694.7259562487745,704.593411481964,0.28780825496562523,0.579704359314265,False,False
2021-01-19,2479.75,0.9173707026918037,0.7367166486216961,1.1439661256175018,1.5887769335792221,357.0,1460.019601043076,204.9000000000001,652.8768905803493,807.1427104627267,0.26328335137830394,0.5887769335792221,False,False
2021-01-20,2484.65,0.9155615479041312,0.7226618088677431,1.1417101000140863,1.6669354689834357,352.09999999999945,1657.1012130096938,209.80000000000018,689.088336596762,968.0128764129317,0.2773381911322569,0.6669354689834357,False,False
2021-01-21,2646.25,0.8596504487482286,0.7597508479491832,1.0719886632026452,1.601646359081939,190.5,1592.1066777205806,371.4000000000001,635.7593186144738,956.3473591061068,0.24024915205081676,0.601646359081939,False,False
2021-01-22,2536.7,0.8967753380376079,0.7114279712608577,1.1182835967989908,1.5637652988944781,300.0500000000002,1430.1034337056226,261.8499999999999,732.0206653025823,698.0827684030403,0.28857202873914234,0.5637652988944781,False,False
2021-01-25,2476.2,0.9186858896696553,0.7582537761899443,1.1456061707454972,2.1243645572720373,360.5500000000002,2784.1515167170182,201.34999999999945,598.6119993984601,2185.539517318558,0.24174622381005573,1.1243645572720373,False,False
2021-01-27,2471.0,0.9206191825171994,0.7280033623107133,1.1480169971671388,1.6555743613933647,365.75,1619.924247003004,196.1500000000001,672.1036917302274,947.8205552727766,0.2719966376892867,0.6555743613933647,False,False
2021-01-28,2429.8,0.9362293192855378,0.7275023476277876,1.1674829204049717,1.5024442112636462,406.9500000000003,1220.8389445284079,154.95000000000027,662.1147957340015,558.7241487944063,0.27249765237221235,0.5024442112636462,False,False
2021-01-29,2412.8,0.9428257625994694,0.7413576866249565,1.1757087201591512,1.4722022697155364,423.9499999999998,1139.3296363696463,137.95000000000027,624.0521737113049,515.2774626583414,0.2586423133750435,0.47220226971553636,False,False
2021-02-01,2468.15,0.9216822316309786,0.7545565362109214,1.1493426250430483,1.4311216831117068,368.59999999999945,1064.0729821721593,193.30000000000018,605.7912851510143,458.28169702114496,0.24544346378907855,0.43112168311170684,False,False
2021-02-02,2465.05,0.922841321677045,0.7320594557757506,1.1507880164702542,1.6225687592289653,371.7000000000003,1534.663119937361,190.20000000000027,660.4868385399861,874.1762813973749,0.2679405442242494,0.6225687592289653,False,False
2021-02-03,2548.8,0.8925180477087256,0.7541038830670302,1.1129747332077842,1.687632022335329,287.9500000000003,1752.6364985282862,273.9500000000003,626.7400228387532,1125.896475689533,0.24589611693296975,0.6876320223353289,False,False
2021-02-04,2592.85,0.8773550340359064,0.7453355394684565,1.0940663748384982,1.7098575076870919,243.9000000000001,1840.554038806476,318.0,660.3067464892124,1180.2472923172636,0.25466446053154346,0.7098575076870919,False,False
2021-02-05,2564.7,0.8869848325340196,0.7418743194149453,1.106074784575194,1.6629033938955828,272.0499999999997,1700.1483343240016,289.8499999999999,662.0149329964897,1038.1334013275118,0.2581256805850547,0.6629033938955828,False,False
2021-02-08,2555.45,0.8901954645952768,0.7378729641572475,1.1100784597624684,1.7764873619586874,281.2999999999997,1984.274629117328,280.5999999999999,669.8525337443618,1314.4220953729662,0.26212703584275254,0.7764873619586874,False,False
2021-02-09,2488.8,0.91403487624558,0.7356967478922148,1.139806332369013,1.5422426421095121,347.9499999999998,1349.533487682154,213.95000000000073,657.7979338458558,691.7355538362981,0.26430325210778516,0.5422426421095121,False,False
2021-02-10,2490.7,0.9133376159312644,0.7408255488362194,1.1389368450636368,1.4623625692455278,346.0500000000002,1151.606451219836,215.8499999999999,645.5258055136283,506.08064570620763,0.2591744511637806,0.46236256924552777,False,False
2021-02-11,2527.55,0.9000217602025676,0.7348442941981355,1.1223319024351643,1.6359454401717173,309.1999999999998,1607.3838973060238,252.70000000000027,670.1943041995028,937.189593106521,0.26515570580186454,0.6359454401717173,False,False
2021-02-12,2522.1,0.9019666151223188,0.7362814087389823,1.1247571468220927,1.6059025470270658,314.6500000000001,1528.1468138569626,247.24999999999955,665.1246590194128,863.0221548375498,0.2637185912610177,0.6059025470270658,False,False
2021-02-15,2473.9,0.9195399975746796,0.7059216128712946,1.146671247827317,1.5413921618724231,362.8499999999999,1339.3500692561875,199.05000000000018,727.5205219177042,611.8295473384833,0.2940783871287054,0.5413921618724231,False,False
2021-02-16,2467.2,0.9220371271076524,0.7275932371011126,1.1497851815823608,1.3895238816954745,369.55000000000064,961.0333209190744,192.3499999999999,672.081965424135,288.95135549493943,0.27240676289888743,0.38952388169547447,False,False
2021-02-17,2463.7,0.9233469984170152,0.7280740667946256,1.1514185980435931,1.476848837186754,373.0500000000002,1174.812480177006,188.8499999999999,669.9439216380808,504.8685585389251,0.2719259332053744,0.4768488371867541,False,False
2021-02-18,2448.7,0.9290031445256668,0.7767010165342865,1.1584718422019848,2.1671398737499583,388.0500000000002,2857.975408851523,173.8499999999999,546.7922208124926,2311.18318803903,0.22329898346571353,1.1671398737499583,False,False
2021-02-19,2467.45,0.9219437070659994,0.7365836591517936,1.1496686862955685,1.2535873015370846,369.30000000000064,625.7139871776794,192.5999999999999,649.966650225907,-24.252663048227532,0.2634163408482064,0.25358730153708464,False,False
2021-02-22,2456.1,0.9262041447823786,0.7247514030040332,1.1549814746956557,1.653833605671588,380.6500000000001,1605.8807188899873,181.25,676.0380790817942,929.8426398081931,0.2752485969959668,0.6538336056715881,False,False
2021-02-23,2496.3,0.9112887072867843,0.7383050553495062,1.1363818451307934,1.4215389893246515,340.4499999999998,1052.2877790511275,221.45000000000027,653.2690903310277,399.0186887200998,0.2616949446504938,0.4215389893246515,False,False
2021-02-24,2610.9,0.8712895936267187,0.7511917308245223,1.0865027385192845,1.8305974948384343,225.8499999999999,2168.606999273668,336.0500000000002,649.6135099902549,1518.993489283413,0.24880826917547771,0.8305974948384343,False,False
2021-02-25,2627.35,0.8658343958741698,0.739307978549994,1.0797000780253871,1.7196766010647595,209.400000000001,1890.8423178074959,352.5,684.9291825566734,1205.9131352508225,0.26069202145000603,0.7196766010647595,False,False
2021-02-26,2579.8,0.8817931622606403,0.728396642166824,1.0996007442437397,1.5089443038228154,256.94999999999936,1312.9745150020995,304.9500000000003,700.6823425380276,612.2921724640719,0.271603357833176,0.5089443038228154,False,False
2021-03-01,2746.25,0.8283477469276286,0.7734856947931619,1.0329540282203005,1.924877796697352,90.5,2539.945649180103,471.4000000000001,622.0649106742794,1917.8807385058235,0.22651430520683813,0.924877796697352,False,False
2021-03-02,2802.25,0.8117940940315818,0.754781080895517,1.0123115353733607,1.943728278603019,34.5,2644.5625687153097,527.4000000000001,687.1647160605376,1957.3978526547721,0.245218919104483,0.943728278603019,False,False
2021-03-03,2836.75,0.8019212126553273,0.7628136283573439,1.0,1.9640918297526628,0.0,2734.8874980508663,561.9000000000001,672.8384397573045,2062.0490582935618,0.2371863716426561,0.9640918297526628,False,False
2021-03-04,2807.75,0.8102038999198646,0.7499246959200296,1.005680705190989,1.9316564202704196,15.949999999999363,2615.858314014271,532.9000000000001,702.1489350305369,1913.709378983734,0.25007530407997036,0.9316564202704196,False,False
2021-03-05,2770.25,0.8211713744246909,0.7467091645631736,1.0192942875191768,1.9223005796879846,53.44999999999982,2555.00318088064,495.4000000000001,701.6789368688683,1853.3242440117715,0.2532908354368264,0.9223005796879846,False,False
2021-03-08,2823.7,0.8056273683464957,0.7669041090220904,1.0,1.8515407631454242,0.0,2404.4956528937337,548.8499999999999,658.1928673543234,1746.3027855394103,0.23309589097790961,0.8515407631454242,False,False
2021-03-09,2766.9,0.8221656004915248,0.7458658565592429,1.0,1.9091233081060963,0.0,2515.453281198758,492.0500000000002,703.1637614862311,1812.2895197125267,0.25413414344075713,0.9091233081060963,False,False
2021-03-10,2734.4,0.8319375365710941,0.7464591819035461,1.0,1.8840665397440812,0.0,2417.3915462762156,459.5500000000002,693.2820130029436,1724.109533273272,0.2535408180964539,0.8840665397440812,False,False
2021-03-12,2712.45,0.8386698372320227,0.749533034793489,1.0,1.8082577367283301,0.0,2192.3586979887586,437.5999999999999,679.3791197744008,1512.9795782143578,0.250466965206511,0.8082577367283301,False,False
2021-03-15,2681.75,0.8482707187470867,0.7404510626025432,1.0096019390323483,1.6779285828486605,25.75,1818.0349770543953,406.9000000000001,696.0453628656296,1121.9896141887657,0.25954893739745677,0.6779285828486605,False,False
2021-03-16,2707.5,0.8402031394275161,0.755864159100458,1.0,1.6127710845161856,0.0,1659.0777113275726,432.6500000000001,660.99778923551,998.0799220920626,0.244135840899542,0.6127710845161856,False,False
2021-03-17,2666.1,0.8532500656389482,0.7459055747422938,1.0031881774877158,1.7983604158890802,8.49999999999909,2128.5087048018763,391.25,677.4411471795704,1451.067557622306,0.2540944252577062,0.7983604158890802,False,False
2021-03-18,2607.85,0.8723086067066741,0.7326120259885404,1.0255957973042928,1.7448340575724863,66.75,1942.4154970404084,333.0,697.3077280257851,1245.1077690146233,0.26738797401145964,0.7448340575724863,False,False
2021-03-19,2598.25,0.8755316078129509,0.7331382999745086,1.0293851630905415,1.646596648534632,76.34999999999945,1680.0197420551076,323.4000000000001,693.3734120912329,986.6463299638747,0.26686170002549137,0.646596648534632,False,False
2021-03-22,2588.9,0.8786936536753058,0.749720919694604,1.0331028622194751,1.557202944578,85.69999999999891,1442.5427032179841,314.05000000000064,647.9475110026399,794.5951922153442,0.25027908030539603,0.557202944578,False,False
2021-03-23,2635.0,0.8633206831119544,0.7448575731457324,1.0150284629981023,1.449057223441904,39.599999999999454,1183.2657837694169,360.1500000000001,672.300294760995,510.96548900842186,0.2551424268542676,0.4490572234419039,False,False
2021-03-24,2610.9,0.8712895936267187,0.7387096387915858,1.0243977172622467,1.52811415778962,63.69999999999982,1378.853254572919,336.0500000000002,682.2030040790487,696.6502504938703,0.2612903612084142,0.52811415778962,False,False
2021-03-25,2523.65,0.9014126364590967,0.7275484353375072,1.0598141580647078,1.5459334624069996,150.94999999999982,1377.7449824034247,248.80000000000064,687.5723911604998,690.1725912429249,0.27245156466249276,0.5459334624069996,False,False
2021-03-26,2551.9,0.8914338336141697,0.734251225701477,1.0480818213879854,1.4824578963774018,122.70000000000027,1231.1843057654914,277.0500000000002,678.1642971324006,553.0200086330908,0.26574877429852295,0.4824578963774018,False,False
2021-03-30,2616.65,0.8693749641717462,0.7443599700431611,1.0221466378766744,1.5681964214222388,57.94999999999982,1486.7711661145008,341.8000000000002,668.9204843865625,817.8506817279383,0.2556400299568389,0.5681964214222388,False,False
2021-03-31,2646.4,0.859601723095526,0.7424909606296256,1.010655985489722,1.4890314085929104,28.200000000000273,1294.1727197002783,371.5500000000002,681.4719217897589,612.7007979105194,0.2575090393703744,0.4890314085929104,False,False
2021-04-01,2674.6,0.8505383982651611,0.745283422751179,1.0,1.5209861198245385,0.0,1393.4294760827106,399.75,681.2649575096966,712.164518573014,0.254716577248821,0.5209861198245385,False,False
2021-04-05,2590.85,0.8780323059999614,0.7255450661289706,1.012814327344308,1.3845790510732598,33.20000000000027,996.386634473155,316.0,711.0715654197563,285.3150690533987,0.27445493387102937,0.38457905107325985,False,False
2021-04-06,2606.65,0.8727101835689486,0.7388308451142687,1.0066752344963843,1.5381782682278358,17.40000000000009,1402.8423828760883,331.8000000000002,680.7765775828916,722.0658052931967,0.26116915488573134,0.5381782682278358,False,False
2021-04-07,2611.75,0.8710060304393605,0.7410716441793905,1.0047094859768355,1.6473397733590138,12.300000000000182,1690.6896530704043,336.9000000000001,676.2561333144768,1014.4335197559276,0.25892835582060947,0.6473397733590138,False,False
2021-04-08,2624.05,0.8669232674682265,0.7415549239155658,1.0,1.5148288406100399,0.0,1350.936619202775,349.2000000000003,678.1728018993597,672.7638173034154,0.25844507608443423,0.5148288406100399,False,False
2021-04-09,2612.1,0.8708893227671223,0.735128104616862,1.0,1.435480695514455,0.0,1137.519124753308,337.25,691.8718779302949,445.6472468230131,0.26487189538313805,0.435480695514455,False,False
2021-04-12,2499.9,0.9099763990559622,0.7085166241068841,1.0220608824352977,1.4051421157946216,55.150000000000546,1012.8147752749746,225.05000000000018,728.6792913952004,284.13548387977426,0.2914833758931159,0.40514211579462156,False,False
2021-04-13,2514.95,0.904530905186982,0.7359812067796683,1.0159446509870973,1.4152702314155094,40.100000000000364,1044.3838684984353,240.09999999999945,663.9940640094733,380.389804488962,0.2640187932203317,0.41527023141550945,False,False
2021-04-15,2491.6,0.9130077058917964,0.7166059054170327,1.0254655642960349,1.503867573766689,63.45000000000027,1255.4364467970818,216.75,706.1047260629211,549.3317207341606,0.28339409458296727,0.5038675737666889,False,False
2021-04-16,2555.05,0.8903348271071015,0.7485853984523831,1.0,1.5024635204044765,0.0,1283.8194178094577,280.2000000000003,642.3768776842385,641.4425401252192,0.25141460154761686,0.5024635204044765,False,False
2021-04-19,2481.55,0.9167052850033244,0.7061713220785935,1.0,1.3281024509576778,0.0,814.2026371740253,206.70000000000027,729.1505556958664,85.05208147815893,0.29382867792140654,0.32810245095767776,False,False
2021-04-20,2434.3,0.9344986238343672,0.7333468062921751,1.0,1.464380370207932,0.0,1130.4411351971694,159.44999999999982,649.1138694429583,481.3272657542111,0.2666531937078249,0.4643803702079321,False,False
2021-04-22,2396.25,0.9493375065206052,0.7116124505966823,1.009014084507042,1.3818940249521967,21.599999999999454,915.1135572917015,121.39999999999964,691.0486652576999,224.06489203400156,0.2883875494033177,0.3818940249521967,False,False
2021-04-23,2364.8,0.9619629566982408,0.728548433840837,1.022433186738836,1.2448404243751945,53.04999999999973,578.9986355624601,89.95000000000027,641.9286636531888,-62.93002809072868,0.271451566159163,0.2448404243751945,False,False
2021-04-26,2417.85,0.9408565461050108,0.8076768160118409,1.0,1.290494026962273,0.0,702.3709830907319,142.99999999999955,465.00861040577047,237.36237268496143,0.19232318398815906,0.2904940269622731,False,False
2021-04-27,2397.1,0.9490008760585708,0.7863397999955004,1.0,1.4156737635480177,0.0,996.4115786009529,122.25,512.164865430786,484.2467131701669,0.2136602000044996,0.41567376354801766,False,False
2021-04-28,2385.3,0.95369555192219,0.7875122158126335,1.0,1.3763586742669656,0.0,897.7283457289932,110.45000000000027,506.84711162212534,390.88123410686785,0.21248778418736647,0.37635867426696556,False,False
2021-04-29,2377.15,0.9569652735418462,0.789250167189879,1.0,1.2654629578793202,0.0,631.0452703228261,102.30000000000018,500.98396506457925,130.06130525824688,0.21074983281012105,0.26546295787932017,False,False
2021-04-30,2337.5,0.9731978609625668,0.7835841402619055,1.0085133689839572,1.1532081139742782,19.899999999999636,358.1239664148752,62.65000000000009,505.87207213779584,-147.74810572292063,0.21641585973809452,0.15320811397427825,False,False
2021-05-03,2357.4,0.9649826079579196,0.7970416792462685,1.0,1.023498251574873,0.0,55.39477826260554,82.55000000000064,478.4539453448467,-423.0591670822412,0.20295832075373155,0.023498251574872953,False,False
2021-05-04,2329.8,0.9764142844879388,0.7909344318739362,1.0,1.3354807677413039,0.0,781.6030926836897,54.95000000000027,487.0809606201035,294.52213206358624,0.2090655681260638,0.33548076774130386,False,False
2021-05-05,2288.9,0.9938616802831054,0.7817819029862334,1.0001310673249155,1.2687129466274563,0.2999999999992724,615.0570635355848,14.050000000000182,499.47940225481034,115.57766128077446,0.2182180970137666,0.26871294662745626,False,False
2021-05-06,2274.85,1.0,0.7965516427676269,1.006308108226916,1.187182902044059,14.349999999999909,425.81302471492745,0.0,462.814495450064,-37.001470735136536,0.2034483572323731,0.18718290204405896,False,False
2021-05-07,2289.2,0.9945832605276954,0.857881491516403,1.0,1.4165571652151474,0.0,953.5826626105154,12.399999999999636,325.33768962065005,628.2449729898653,0.14211850848359697,0.4165571652151474,False,False
2021-05-10,2276.8,0.9829585382993674,0.8184090054390394,1.0,1.278905420426165,0.0,635.0118612262922,38.80000000000018,413.4463764163952,221.56548480989704,0.18159099456096062,0.27890542042616495,False,False
2021-05-11,2240.95,0.9986835940114684,0.802622651191594,1.0,1.2340348752767696,0.0,524.460453751477,2.949999999999818,442.3127698121973,82.14768393927966,0.19737734880840596,0.23403487527676958,False,False
2021-05-12,2238.0,0.9974530831099196,0.8144625703500976,1.0007596067917783,1.2116386022932577,1.699999999999818,473.64719193231076,5.699999999999818,415.2327675564816,58.414424375829185,0.18553742964990239,0.2116386022932577,False,False
2021-05-14,2232.3,1.0,0.8228871384917732,1.0033149666263494,1.2772821161544758,7.400000000000091,618.9768678916366,0.0,395.3690407448148,223.60782714682182,0.1771128615082268,0.27728211615447584,False,False
2021-05-17,2239.7,0.9966066883957674,0.8483172616848395,1.0,1.3541623207050684,0.0,793.2173496831415,7.599999999999909,339.72382900446496,453.49352067867653,0.15168273831516055,0.35416232070506837,False,False
2021-05-18,2232.1,0.9967071367770262,0.844981110812064,1.0,1.276276576068092,0.0,616.6769454415885,7.349999999999909,346.017662556392,270.6592828851965,0.15501888918793605,0.2762765760680921,False,False
2021-05-19,2224.75,0.9937071581076524,0.8364262623735326,1.0,1.3151474095985858,0.0,701.1241995044538,14.000000000000455,363.9106727844835,337.21352671997033,0.16357373762646743,0.3151474095985858,False,False
2021-05-20,2210.75,1.0,0.827073895209546,1.0219834897659166,1.284570203233411,48.59999999999991,629.1135767982632,0.0,382.2963861654962,246.81719063276705,0.172926104790454,0.284570203233411,False,False
2021-05-21,2259.35,1.0,0.8925245998244621,1.0033859295815168,1.534181840954738,7.650000000000091,1206.9037423610876,0.0,242.82454538660159,964.079196974486,0.10747540017553792,0.5341818409547381,False,False
2021-05-24,2267.0,1.0,0.8420835108065823,1.0217026907807674,1.5257839031578815,49.19999999999982,1191.9521084589173,0.0,357.996681001478,833.9554274574393,0.15791648919341772,0.5257839031578815,False,False
2021-05-25,2316.2,0.9915810379069164,0.8578168888229875,1.0,1.6003472452395124,0.0,1390.5242894237585,19.5,329.32452210819633,1061.1997673155622,0.14218311117701254,0.6003472452395124,False,False
2021-05-26,2296.7,0.9900074019245004,0.8400084939752814,1.0,1.3167110395062966,0.0,727.3902444341115,22.949999999999818,367.4524918869711,359.93775254714046,0.15999150602471857,0.31671103950629664,False,False
2021-05-27,2273.75,0.9905222649807586,0.8166345842979444,1.0,1.2470969195778894,0.0,561.8366208902262,21.550000000000182,416.9271139525488,144.9095069376774,0.18336541570205556,0.24709691957788937,False,False
2021-05-28,2252.2,1.0,0.8211204021207608,1.0010212236923897,1.2405718765264906,2.300000000000182,541.815980312962,0.0,402.87263034362263,138.94334996933935,0.17887959787923924,0.2405718765264906,False,False
2021-05-31,2254.5,0.9867154579729432,0.8431969323810846,1.0,1.3981971408920462,0.0,897.7354541411182,29.949999999999363,353.5125159468448,544.2229381942734,0.15680306761891538,0.39819714089204616,False,False
2021-06-01,2224.55,0.995729473376638,0.8237800622044552,1.0,1.2522319218133244,0.0,561.1025216698308,9.5,392.0100626230792,169.09245904675163,0.1762199377955448,0.25223192181332443,False,False
2021-06-02,2215.05,1.0,0.8183191408317245,1.00541748493262,1.2521110785135718,12.0,558.4386444614875,0.0,402.4321871006887,156.00645736079878,0.18168085916827548,0.25211107851357184,False,False
2021-06-03,2227.05,0.9980916458992838,0.8575523989551884,1.0,1.3909258503382445,0.0,870.6114149957875,4.25,317.23792990684774,553.3734850889398,0.14244760104481158,0.39092585033824445,False,False
2021-06-04,2222.8,0.9955461579989202,0.8436439478545736,1.0,1.3164798611869593,0.0,703.4714354463731,9.900000000000091,347.5482327088537,355.92320273751943,0.15635605214542636,0.31647986118695925,False,False
2021-06-07,2212.9,1.0,0.8361332497919897,1.0001355687107414,1.3298430122071059,0.29999999999972715,729.9096017131046,0.0,362.62073153530605,367.2888701777986,0.16386675020801034,0.3298430122071059,False,False
2021-06-08,2213.2,0.9990059642147118,0.8534200253354547,1.0,1.3378924632773295,0.0,747.8235997253855,2.199999999999818,324.4107999275716,423.41279979781393,0.1465799746645453,0.33789246327732947,False,False
2021-06-09,2211.0,1.0,0.8464794796070001,1.0070104025327906,1.3357410435942008,15.5,742.3234473867778,0.0,339.4338705889229,402.88957679785494,0.1535205203929999,0.33574104359420076,False,False
2021-06-10,2226.5,1.0,0.8588765018254576,1.0078374129800134,1.4255804329179833,17.449999999999818,947.5548338918898,0.0,314.2114686856187,633.3433652062711,0.1411234981745424,0.4255804329179833,False,False
2021-06-11,2243.95,0.9990864324071392,0.8586718034984882,1.0,1.3724635360293895,0.0,835.7895516731487,2.049999999999727,317.13340653956743,518.6561451335813,0.14132819650151185,0.37246353602938953,False,False
2021-06-14,2241.9,1.0,0.8555967074242963,1.0342789598108746,2.1540251535453407,76.84999999999991,2587.208991733299,0.0,323.7377416254701,2263.4712501078293,0.14440329257570372,1.1540251535453407,False,False
2021-06-15,2318.75,0.9901024258760108,0.9175451003482903,1.0,1.6532872870335762,0.0,1514.8098968091049,22.949999999999818,191.19229856740185,1323.617598241703,0.08245489965170971,0.6532872870335762,False,False
2021-06-16,2295.8,0.9863010715219096,0.8396783458397661,1.0,1.390735563150085,0.0,897.0507058799653,31.449999999999818,368.06645362106497,528.9842522589004,0.16032165416023392,0.39073556315008506,False,False
2021-06-17,2264.35,0.9946342217413384,0.8019966386782186,1.0,1.3546088062505293,0.0,802.9584504333857,12.150000000000546,448.3489112089758,354.6095392244099,0.19800336132178142,0.35460880625052926,False,False
2021-06-18,2252.2,0.9941612645413376,0.8170362080204716,1.0,1.3251110126298409,0.0,732.2150226449276,13.149999999999636,412.07105229629383,320.14397034863373,0.1829637919795284,0.3251110126298409,False,False
2021-06-21,2239.05,1.0,0.8171577519476372,1.0217726267836806,1.3055194914498252,48.75,684.073417330731,0.0,409.392935501643,274.68048182908797,0.18284224805236282,0.30551949144982515,False,False
2021-06-22,2287.8,0.982712649707142,0.8900663818071649,1.0,1.6117436457952081,0.0,1399.5471128502772,39.55000000000064,251.50613170156817,1148.040981148709,0.10993361819283509,0.6117436457952081,False,False
2021-06-23,2248.25,1.0,0.8123921114723053,1.0047370176804182,1.2435238869028593,10.650000000000091,547.5025787293534,0.0,421.7894353823897,125.71314334696376,0.18760788852769472,0.2435238869028593,False,False
2021-06-24,2258.9,0.99475408384612,0.8487695690233806,1.0,1.4666026527663458,0.0,1054.0087323338985,11.849999999999454,341.6144205330854,712.394311800813,0.15123043097661937,0.4666026527663458,False,False
2021-06-25,2247.05,0.9966177877661822,0.8318894224281443,1.0,1.1675091489652214,0.0,376.40143318230093,7.600000000000364,377.75287333283836,-1.351440150537428,0.16811057757185566,0.1675091489652214,False,False
2021-06-28,2239.45,0.996985867065574,0.8268671637950842,1.0,1.3948039504029506,0.0,884.1437067298875,6.750000000000455,387.7223300390988,496.42137669078875,0.17313283620491582,0.3948039504029506,False,False
2021-06-29,2232.7,0.999596900613607,0.8238533153478201,1.0,1.356650443010551,0.0,796.2934441096572,0.8999999999996362,393.2827028229219,403.0107412867353,0.17614668465217986,0.35665044301055104,False,False
2021-06-30,2231.8,1.0,0.8351254954986276,1.0000896137646742,1.3760361376065315,0.1999999999998181,839.2374519102573,0.0,367.96691914616304,471.27053276409424,0.16487450450137242,0.37603613760653154,False,False
2021-07-01,2232.0,0.9981406810035842,0.8426346413254231,1.0,1.412497633998722,0.0,920.6947190851479,4.150000000000091,351.2394805616557,569.4552385234922,0.1573653586745769,0.4124976339987221,False,False
