date,close,actual lb,predicted lb,actual ub,predicted ub,actual ub close diff,predicted ub close diff,actual lb close diff,predicted lb close diff,predicted lb ub diff,predicted lb %,predicted ub %,invest,exit
2019-03-06,285.45,0.9612891925030652,0.8688963418990795,1.0453669644421089,1.112419204883773,12.949999999999989,32.090062034073014,11.050000000000011,37.42353920490777,-5.333477170834755,0.1311036581009205,0.1124192048837731,False,False
2019-03-07,281.1,0.976165065812878,0.8664830199713281,1.0615439345428672,1.069121046089505,17.299999999999955,19.429926055759893,6.699999999999989,37.53162308605965,-18.10169703029976,0.13351698002867185,0.06912104608950509,False,False
2019-03-08,285.85,0.9599440265873708,0.8826794697603536,1.0439041455308726,1.1094210878240602,12.549999999999955,31.278017954507618,11.450000000000045,33.53607356900292,-2.258055614495305,0.11732053023964639,0.10942108782406024,False,False
2019-03-11,298.4,0.9195710455764076,0.8719810167135458,1.0,1.125847322256917,0.0,37.55284096146403,24.0,38.20086461267795,-0.6480236512139186,0.12801898328645422,0.12584732225691697,False,False
2019-03-12,293.7,0.934286687095676,0.8815103996801631,1.0,1.091946358096036,0.0,27.004645372805783,19.299999999999955,34.800395613936075,-7.795750241130293,0.11848960031983691,0.09194635809603602,False,False
2019-03-13,288.2,0.952116585704372,0.8938552610961524,1.0157876474670369,1.094924386146578,4.550000000000011,27.35720808744378,13.800000000000011,30.590913752088852,-3.233705664645072,0.10614473890384757,0.09492438614657805,False,False
2019-03-14,285.45,0.9612891925030652,0.8931725546777773,1.0255736556314592,1.0800565507330677,7.300000000000011,22.852142406754183,11.050000000000011,30.493894267228455,-7.6417518604742725,0.10682744532222266,0.08005655073306772,False,False
2019-03-15,278.0,0.98705035971223,0.8936379797501446,1.0530575539568343,1.1013944332234937,14.749999999999943,28.18765243613126,3.6000000000000796,29.56864162945982,-1.3809891933285598,0.10636202024985542,0.10139443322349373,False,False
2019-03-18,275.7,0.9952847297787448,0.8861335742239849,1.0618425825172289,1.0913986035959224,17.05000000000001,25.19859501139581,1.3000000000000682,31.39297358644737,-6.194378575051559,0.11386642577601513,0.09139860359592245,False,False
2019-03-19,292.75,0.9327070879590096,0.880298803006156,1.0,1.1053626109904693,0.0,30.84490436745989,19.699999999999932,35.04252541994782,-4.197621052487932,0.11970119699384396,0.10536261099046929,False,False
2019-03-20,288.3,0.947103711411724,0.8810713748798515,1.0,1.0883028210251313,0.0,25.457703301545337,15.249999999999943,34.28712262213881,-8.829419320593473,0.11892862512014846,0.08830282102513132,False,False
2019-03-22,282.5,0.9665486725663716,0.88150967934047,1.0012389380530975,1.1005520308188943,0.35000000000002274,28.405948706337654,9.450000000000045,33.473515586317234,-5.06756687997958,0.11849032065953002,0.1005520308188943,False,False
2019-03-25,276.15,0.9630635524171646,0.8630767811121324,1.0242621763534312,1.089092014355698,6.7000000000000455,24.60275976432598,10.199999999999989,37.81134689588464,-13.208587131558659,0.13692321888786763,0.08909201435569791,False,False
2019-03-26,277.5,0.9583783783783784,0.8690977891035264,1.0192792792792793,1.1053999933017806,5.350000000000023,29.248498141244113,11.550000000000011,36.325363523771415,-7.076865382527302,0.13090221089647358,0.10539999330178063,False,False
2019-03-27,278.9,0.9535675869487272,0.8529201599452225,1.0141627823592687,1.0951868368697677,3.9500000000000455,26.547608802978232,12.949999999999989,41.02056739127744,-14.472958588299207,0.14707984005477748,0.0951868368697677,False,False
2019-03-28,282.45,0.9415825809877856,0.8144830749780924,1.0014161798548418,1.1025604831930642,0.4000000000000341,28.968208477880978,16.499999999999943,52.3992554724378,-23.431046994556823,0.18551692502190764,0.10256048319306421,False,False
2019-03-29,280.05,0.9496518478843065,0.9005702443982236,1.009998214604535,1.078177824069165,2.8000000000000114,21.8936996305697,14.099999999999966,27.84530305627746,-5.951603425707759,0.09942975560177636,0.07817782406916507,False,False
2019-04-01,282.8,0.9206152758132956,0.8905498758897392,1.0001768033946252,1.0895251477876515,0.05000000000001137,25.317711794347872,22.44999999999999,30.952495098381746,-5.634783304033874,0.10945012411026078,0.08952514778765153,False,False
2019-04-02,282.85,0.8980024748099699,0.885949931952687,1.0,1.0970449178710766,0.0,27.449155019833995,28.850000000000023,32.25906174718247,-4.809906727348476,0.11405006804731299,0.09704491787107661,False,False
2019-04-03,278.15,0.9131763436994428,0.8998490858227661,1.0115045838576309,1.1160297954743028,3.2000000000000455,32.27368761117731,24.149999999999977,27.85697677839761,4.4167108327797,0.10015091417723387,0.11602979547430281,False,False
2019-04-04,274.4,0.9256559766763848,0.8911318325239669,1.0253279883381925,1.0737502000754418,6.9500000000000455,20.237054900701196,20.400000000000006,29.87342515542349,-9.636370254722294,0.10886816747603312,0.07375020007544175,False,False
2019-04-05,281.35,0.9027901190687756,0.8846696184627004,1.0,1.1087357909257154,0.0,30.592814776950036,27.349999999999994,32.44820284551923,-1.855388068569198,0.11533038153729958,0.10873579092571539,False,False
2019-04-08,276.15,0.9116422234292958,0.867707845798743,1.0092341118957089,1.082247192502011,2.5500000000000114,22.712562209430303,24.399999999999977,36.53247838267711,-13.81991617324681,0.13229215420125695,0.08224719250201096,False,False
2019-04-09,278.0,0.8879496402877698,0.8587017680758137,1.0025179856115107,1.0945066728790687,0.6999999999999886,26.27285506038106,31.150000000000006,39.28090847492379,-13.00805341454273,0.14129823192418633,0.09450667287906866,False,False
2019-04-10,278.7,0.885719411553642,0.8774508618515326,1.0,1.1048786851807897,0.0,29.229689559886083,31.849999999999966,34.15444480197786,-4.924755242091777,0.12254913814846735,0.10487868518078969,False,False
2019-04-11,276.7,0.8921214311528731,0.8818009281126836,1.0046982291290207,1.0811315964029617,1.3000000000000114,22.44911272469949,29.849999999999994,32.70568319122043,-10.256570466520941,0.11819907188731638,0.08113159640296175,False,False
2019-04-12,276.8,0.8917991329479769,0.8826306491319831,1.0043352601156068,1.105454576841263,1.1999999999999886,29.1898268696616,29.950000000000017,32.48783632026709,-3.298009450605491,0.11736935086801692,0.10545457684126291,False,False
2019-04-15,278.0,0.8512589928057555,0.8921062704915785,1.0,1.091092422512685,0.0,25.323693458526407,41.349999999999994,29.994456803341166,-4.670763344814759,0.10789372950842147,0.09109242251268501,False,False
2019-04-16,277.75,0.8448244824482448,0.9086438862857338,1.0,1.1102562726923937,0.0,30.623679740312355,43.099999999999994,25.374160584137428,5.249519156174927,0.09135611371426622,0.11025627269239369,False,False
2019-04-18,273.05,0.8503937007874015,0.8669998876431991,1.0,1.0877692133221966,0.0,23.965383697625782,40.85000000000002,36.31568067902447,-12.350296981398685,0.13300011235680087,0.08776921332219656,False,False
2019-04-22,267.5,0.8680373831775701,0.8640188360980354,1.0033644859813082,1.0628204661188192,0.8999999999999773,16.804474686784147,35.30000000000001,36.37496134377551,-19.570486656991363,0.13598116390196457,0.0628204661188192,False,False
2019-04-23,265.95,0.8730964467005076,0.8642717561594997,1.0092122579432223,1.0930387168296962,2.4499999999999886,24.743646740857685,33.75,36.096926449381044,-11.35327970852336,0.1357282438405003,0.09303871682969622,False,False
2019-04-24,266.2,0.8722764838467317,0.8679290946715411,1.008264462809917,1.0852521690737476,2.199999999999932,22.69412740743161,34.0,35.15727499843575,-12.463147591004144,0.1320709053284589,0.08525216907374755,False,False
2019-04-25,266.85,0.8701517706576727,0.876047518111076,1.0058085066516769,1.1144270655822643,1.5499999999999545,30.53486245062726,34.650000000000034,33.07671979205938,-2.54185734143212,0.12395248188892405,0.11442706558226434,False,False
2019-04-26,268.4,0.8651266766020864,0.8819303171039753,1.0,1.1001098726240137,0.0,26.86948981228528,36.19999999999999,31.689902889293023,-4.820413077007743,0.11806968289602471,0.10010987262401372,False,False
2019-04-30,260.35,0.8918763203380065,0.8675503445657834,1.05166122527367,1.0941344217104334,13.449999999999932,24.507896692311363,28.150000000000034,34.48326779229831,-9.975371099986944,0.1324496554342166,0.0941344217104334,False,False
2019-05-02,254.0,0.9141732283464566,0.8575556244157012,1.0779527559055118,1.0616897824187919,19.80000000000001,15.669204734373125,21.80000000000001,36.18087139841188,-20.511666664038756,0.1424443755842988,0.06168978241879186,False,False
2019-05-03,256.25,0.9061463414634146,0.8699782598577958,1.0684878048780488,1.1264450126319305,17.55000000000001,32.40153448693218,24.05000000000001,33.31807091143983,-0.9165364245076546,0.13002174014220425,0.12644501263193053,False,False
2019-05-06,263.65,0.8807130665655225,0.8680899660816652,1.0876161577849424,1.1655174039775842,23.10000000000008,43.63866355869004,31.44999999999999,34.77808044256895,8.860583116121092,0.13191003391833478,0.1655174039775842,False,False
2019-05-07,253.6,0.915615141955836,0.8707220459900965,1.130717665615142,1.0800213891886774,33.150000000000006,20.293424298248596,21.399999999999977,32.78488913691152,-12.491464838662921,0.1292779540099035,0.0800213891886774,False,False
2019-05-08,251.75,0.9223435948361468,0.8492309027111157,1.1390268123138034,1.0885829527108175,35.0,22.300758344948292,19.55000000000004,37.95612024247663,-15.655361897528337,0.15076909728888432,0.08858295271081751,False,False
2019-05-09,246.85,0.9406522179461212,0.8600085602955042,1.1616366214300182,1.0890527148256037,39.900000000000006,21.982662654700306,14.649999999999977,34.55688689105477,-12.574224236354468,0.1399914397044958,0.08905271482560373,False,False
2019-05-10,251.7,0.9225268176400476,0.859718261976936,1.1392530790623758,1.1022272693659274,35.05000000000001,25.7306036994039,19.5,35.30891346040519,-9.578309761001293,0.14028173802306398,0.10222726936592741,False,False
2019-05-13,243.6,0.9532019704433498,0.8591093788207871,1.1771346469622332,1.0865576844302303,43.150000000000006,21.085451927204105,11.400000000000006,34.32095531925626,-13.235503392052152,0.14089062117921292,0.08655768443023026,False,False
2019-05-14,238.25,0.9746065057712486,0.8759693910080073,1.2035676810073452,1.08124900422974,48.5,19.35757525773556,6.050000000000011,29.55029259234226,-10.192717334606698,0.1240306089919927,0.08124900422974002,False,False
2019-05-15,236.65,0.9811958588633002,0.86477400630262,1.211705049651384,1.1022838209741783,50.099999999999994,24.205466233539283,4.450000000000017,32.00123140848498,-7.7957651749457,0.13522599369737998,0.10228382097417832,False,False
2019-05-16,234.65,0.9895589175367568,0.8854987296129948,1.2220328148305988,1.0765828521631087,52.099999999999994,17.970166260073455,2.450000000000017,26.867723096310783,-8.897556836237328,0.1145012703870052,0.07658285216310867,False,False
2019-05-17,232.2,1.0,0.8768902299345833,1.2349267872523688,1.0797699523390782,54.55000000000001,18.522582933133975,0.0,28.586088609189744,-10.063505676055769,0.12310977006541668,0.07976995233907824,False,False
2019-05-20,242.5,0.9795876288659794,0.8494404430262199,1.1824742268041235,1.110085104706047,44.24999999999994,26.695637891216393,4.949999999999989,36.51069256614167,-9.815054674925278,0.1505595569737801,0.11008510470604693,False,False
2019-05-21,237.55,1.0,0.8778797666183188,1.2071142917280573,1.0909359503545968,49.19999999999999,21.60183500673446,0.0,29.00966143981836,-7.407826433083898,0.12212023338168121,0.09093595035459678,False,False
2019-05-22,244.75,0.9963227783452502,0.8716855362071049,1.1716036772216547,1.1096721881586629,42.0,26.84226805183272,0.9000000000000057,31.404965013311084,-4.562696961478366,0.12831446379289513,0.10967218815866286,False,False
2019-05-23,243.85,1.0,0.8665004230049911,1.1759278244822635,1.1018545963743334,42.89999999999995,24.83724332588119,0.0,32.55387185023292,-7.716628524351734,0.13349957699500892,0.10185459637433336,False,False
2019-05-24,256.9,0.984040482678085,0.858433436146047,1.1161930712339432,1.1348657859285343,29.850000000000023,34.64702040504045,4.099999999999966,36.36845025408053,-1.721429849040078,0.14156656385395305,0.13486578592853427,False,False
2019-05-29,266.65,0.9463716482280145,0.8700053348960599,1.075379711231952,1.1051256559707154,20.100000000000023,28.031756164591286,14.299999999999955,34.66307744996561,-6.631321285374327,0.1299946651039401,0.10512565597071544,False,False
2019-05-30,265.05,0.9520845123561592,0.8908346539229317,1.0818713450292397,1.1112463744328267,21.69999999999999,29.485851543420722,12.699999999999989,28.934274977726943,0.5515765656937788,0.10916534607706829,0.1112463744328267,False,False
2019-05-31,262.4,0.9616996951219512,0.8703945408304005,1.0927972560975612,1.0990205991531825,24.350000000000023,25.983005217795096,10.050000000000011,34.0084724861029,-8.025467268307807,0.12960545916959954,0.09902059915318251,False,False
2019-06-03,264.25,0.9549668874172184,0.9017829816309378,1.0851466414380322,1.1404268232517267,22.5,37.10778804426877,11.900000000000063,25.953847104024675,11.153940940244098,0.09821701836906216,0.14042682325172673,False,False
2019-06-04,286.75,0.8800348735832607,0.8674802405439358,1.0,1.184255515573009,0.0,52.83526909056036,34.39999999999998,38.000041024026416,14.835228066533944,0.1325197594560642,0.184255515573009,False,False
2019-06-06,273.3,0.9233443102817416,0.8758258049527572,1.0065861690450055,1.0838648833903068,1.8000000000000114,22.920272630570878,20.950000000000017,33.93680750641147,-11.016534875840591,0.12417419504724281,0.08386488339030684,False,False
2019-06-07,271.35,0.9299797309747556,0.8730481272959657,1.013819789939193,1.1010269935471864,3.75,27.413674699029002,19.000000000000057,34.4483906582397,-7.0347159592107005,0.1269518727040343,0.10102699354718636,False,False
2019-06-10,270.2,0.9161732050333088,0.8646212556072368,1.0181347150259068,1.1125625755725883,4.900000000000034,30.41440791971337,22.649999999999977,36.579336734924624,-6.164928815211255,0.1353787443927632,0.11256257557258831,False,False
2019-06-11,275.1,0.8938567793529625,0.849355401913223,1.0,1.1203790009823793,0.0,33.11626317025252,29.200000000000017,41.44232893367234,-8.32606576341982,0.150644598086777,0.1203790009823793,False,False
2019-06-12,272.75,0.8971585701191567,0.8525414668351556,1.0,1.120123683425421,0.0,32.76373465428355,28.05000000000001,40.2193149207113,-7.455580266427745,0.14745853316484436,0.1201236834254209,False,False
2019-06-13,271.1,0.902618959793434,0.8815110691752133,1.0,1.1044051731446567,0.0,28.30424243951643,26.400000000000063,32.122349146599674,-3.8181067070832455,0.11848893082478673,0.1044051731446567,False,False
2019-06-14,266.45,0.918371176580972,0.8669402213211408,1.0,1.1427682074799992,0.0,38.04058888304576,21.75,35.45377802898204,2.586810854063714,0.1330597786788592,0.1427682074799992,False,False
2019-06-17,259.95,0.8792075399115216,0.8679661611084233,1.024043085208694,1.1693939246254805,6.25,44.03395070639368,31.399999999999977,34.32219641986538,9.711754286528304,0.13203383889157672,0.16939392462548053,False,False
2019-06-18,263.65,0.8198369049876731,0.8503155556334319,1.0096719135217145,1.1889657145275012,2.5500000000000114,49.82081063517569,47.49999999999997,39.46430375724569,10.356506877930002,0.14968444436656814,0.18896571452750122,False,False
2019-06-19,256.3,0.7856028092079593,0.8660177824068095,1.03862660944206,1.0936558217968289,9.899999999999977,24.00398712652725,54.95000000000002,34.33964236913474,-10.335655242607487,0.1339822175931905,0.09365582179682885,False,False
2019-06-20,254.8,0.7902276295133437,0.8616407471208826,1.0447409733124018,1.1143014741596535,11.399999999999977,29.124015615879728,53.45000000000002,35.25393763359912,-6.1299220177193945,0.13835925287911743,0.11430147415965353,False,False
2019-06-21,252.8,0.7964794303797468,0.8631660023380217,1.053006329113924,1.131053118914236,13.399999999999977,33.13022846151887,51.45000000000002,34.59163460894814,-1.4614061474292726,0.13683399766197835,0.1310531189142361,False,False
2019-06-24,252.35,0.7685753913215772,0.8470374885547347,1.0548840895581533,1.1127529386380475,13.849999999999994,28.45320406531127,58.400000000000006,38.60008976321271,-10.146885697901439,0.1529625114452653,0.11275293863804747,False,False
2019-06-25,258.5,0.7502901353965183,0.8726720895415094,1.0297872340425531,1.1281577246867491,7.699999999999989,33.12877183152466,64.55000000000001,32.914264853519825,0.21450697800483454,0.12732791045849057,0.12815772468674913,False,False
2019-06-26,266.2,0.728587528174305,0.8760525375184619,1.0,1.138466143116374,0.0,36.85968729757877,72.25,32.994814512585435,3.864872784993338,0.1239474624815381,0.13846614311637406,False,False
2019-06-27,261.65,0.7412574049302504,0.8882091976181787,1.0129944582457482,1.1657810153209476,3.400000000000034,43.376602658725915,67.69999999999999,29.250063443203544,14.12653921552237,0.11179080238182126,0.16578101532094758,False,False
2019-06-28,265.05,0.731748726655348,0.8792481514411568,1.0,1.1829246226525854,0.0,48.48417123406773,71.10000000000002,32.0052774605214,16.478893773546332,0.12075184855884324,0.18292462265258536,False,False
2019-07-01,259.75,0.699711260827719,0.8731624541651137,1.0127045235803658,1.1267670751071908,3.3000000000000114,32.927747759092824,78.0,32.946052530611695,-0.018304771518870666,0.12683754583488627,0.12676707510719076,False,False
2019-07-02,257.25,0.6944606413994169,0.8513604975636297,1.0225461613216715,1.1140518870493994,5.800000000000011,29.339847943457983,78.6,38.237512001756244,-8.897664058298261,0.14863950243637025,0.11405188704939939,False,False
2019-07-03,262.5,0.6527619047619048,0.8622645271859495,1.002095238095238,1.1044754258792464,0.5499999999999545,27.424799293302158,91.15,36.15556161368826,-8.730762320386106,0.13773547281405052,0.10447542587924641,False,False
2019-07-08,253.85,0.6497931849517431,0.8694151282513769,1.0,1.1108970498322688,0.0,28.151216099921413,88.9,33.14896969338798,-4.9977535934665696,0.1305848717486231,0.11089704983226878,False,False
2019-07-09,251.8,0.6550833995234312,0.8405743336419812,1.0,1.0838876553817862,0.0,21.12291162513378,86.85000000000002,40.14338278894914,-19.02047116381536,0.1594256663580188,0.08388765538178622,False,False
2019-07-10,247.55,0.6663300343364976,0.8598158540795392,1.0,1.1177051652469674,0.0,29.13791365688678,82.60000000000002,34.702585322610076,-5.564671665723296,0.1401841459204608,0.11770516524696739,False,False
2019-07-11,245.9,0.6708011386742577,0.8760001493520069,1.0,1.1554584409776552,0.0,38.22723063640538,80.95000000000002,30.4915632743415,7.735667362063879,0.12399985064799313,0.15545844097765515,False,False
2019-07-12,244.7,0.6740907233346956,0.8522484918978177,1.0,1.1133669421505095,0.0,27.74089074422966,79.75,36.154794032604,-8.413903288374343,0.1477515081021823,0.11336694215050946,False,False
2019-07-15,239.1,0.6892513592639063,0.8557366209599314,1.0,1.1086806487616463,0.0,25.985543118909646,74.29999999999998,34.493373928480395,-8.507830809570748,0.14426337904006858,0.10868064876164629,False,False
2019-07-16,235.9,0.698601102161933,0.860159516114928,1.0,1.0925431204843086,0.0,21.83092212224838,71.1,32.988370148488485,-11.157448026240104,0.13984048388507198,0.09254312048430857,False,False
2019-07-17,228.55,0.7210676000875083,0.8424172482868039,1.0,1.0692563051412076,0.0,15.828528540023001,63.75,36.01553790405097,-20.187009364027972,0.15758275171319613,0.06925630514120762,False,False
2019-07-18,216.15,0.7624334952579228,0.8806151796211584,1.0,1.101296534978053,0.0,21.895246035506148,51.349999999999994,25.805028924886614,-3.909782889380466,0.11938482037884157,0.10129653497805302,False,False
2019-07-19,201.35,0.8184752917804818,0.8942211003682663,1.014154457412466,1.0772011828766281,2.8500000000000227,15.544458172209062,36.54999999999998,21.298581440849574,-5.754123268640512,0.1057788996317337,0.07720118287662814,False,False
2019-07-22,193.95,0.8497035318381028,0.8882518568036543,1.0528486723382315,1.100964582792505,10.25,19.58208083260635,29.149999999999977,21.673552372931255,-2.0914715403249033,0.11174814319634574,0.10096458279250498,False,False
2019-07-23,198.0,0.7891414141414141,0.8668100077132763,1.0313131313131312,1.1309008292330651,6.19999999999996,25.91836418814688,41.75,26.371618472771274,-0.45325428462439277,0.13318999228672368,0.13090082923306512,False,False
2019-07-24,194.1,0.8049974240082431,0.8968814326299895,1.0520350334878927,1.1182663496207919,10.099999999999966,22.955498461395706,37.849999999999994,20.015313926519042,2.940184534876664,0.10311856737001046,0.11826634962079186,False,False
2019-07-25,204.2,0.765181194906954,0.8882394619724169,1.0,1.1350719324705774,0.0,27.58168861049191,47.94999999999999,22.821501865232477,4.760186745259432,0.11176053802758312,0.13507193247057736,False,False
2019-07-26,201.85,0.7740896705474363,0.9046252520297448,1.0,1.1318074667234173,0.0,26.605337158121785,45.599999999999994,19.251392877796007,7.353944280325777,0.09537474797025525,0.13180746672341725,False,False
2019-07-29,193.85,0.8060355945318546,0.9044058769319946,1.0,1.0927608859801123,0.0,17.981697747244766,37.599999999999994,18.530920756732854,-0.5492230094880881,0.09559412306800541,0.09276088598011234,False,False
2019-07-30,181.8,0.8594609460946094,0.8963351014932136,1.012101210121012,1.1084051467862612,2.1999999999999886,19.708055685742295,25.55000000000001,18.846278548533775,0.8617771372085201,0.1036648985067864,0.10840514678626123,False,False
2019-07-31,181.75,0.859697386519945,0.9101791627297389,1.0123796423658873,1.1153265923323186,2.2500000000000284,20.960608156398905,25.5,16.324937173869955,4.63567098252895,0.08982083727026113,0.11532659233231857,False,False
2019-08-01,178.65,0.8746151693254968,0.8917849790130944,1.029946823397705,1.1145934292949191,5.349999999999994,20.472116143537306,22.400000000000006,19.332613499310696,1.13950264422661,0.10821502098690561,0.11459342929491911,False,False
2019-08-02,171.35,0.9118762766267872,1.0487782349513786,1.0738255033557047,1.1686204933022684,12.650000000000006,28.89312152734368,15.100000000000023,8.358150558918709,20.53497096842497,-0.04877823495137856,0.16862049330226836,True,False
2019-08-05,164.95,0.9472567444680208,0.9016819124502795,1.115489542285541,1.1009438769909465,19.05000000000001,16.650692509656636,8.69999999999996,16.217568541326386,0.4331239683302499,0.09831808754972049,0.10094387699094653,False,False
2019-08-06,165.3,0.9452510586811856,0.8870616822711569,1.1131276467029645,1.1106327397903826,18.700000000000045,18.28759188735023,9.050000000000011,18.66870392057777,-0.38111203322753795,0.11293831772884311,0.11063273979038257,False,False
2019-08-07,169.2,0.9234633569739952,0.9149351933031569,1.0874704491725768,1.1385017990525865,14.800000000000011,23.43450439969763,12.950000000000017,14.392965293105846,9.041539106591785,0.08506480669684313,0.13850179905258653,False,False
2019-08-08,170.0,0.9191176470588236,0.9037848920857331,1.0823529411764703,1.1374945775340606,13.999999999999943,23.374078180790292,13.75,16.356568345425387,7.017509835364905,0.0962151079142669,0.13749457753406058,False,False
2019-08-09,173.25,0.9018759018759018,0.9216965448705757,1.062049062049062,1.1242014584629032,10.749999999999972,21.517902678697993,17.0,13.566073601172747,7.951829077525247,0.07830345512942427,0.1242014584629032,False,False
2019-08-13,164.8,0.9481189320388348,0.884934564429004,1.3586165048543688,1.1055873928089972,59.099999999999994,17.40080233492273,8.55000000000004,18.962783782100132,-1.561981447177402,0.11506543557099602,0.1055873928089972,False,False
2019-08-14,168.95,0.9248298313110388,0.8987572178596921,1.5901154187629476,1.129972773266804,99.69999999999999,21.958900043426524,12.699999999999989,17.10496804260501,4.853932000821516,0.10124278214030791,0.1299727732668039,False,False
2019-08-16,184.0,0.8491847826086957,0.8832356145246953,1.4600543478260868,1.1588795239668415,84.64999999999998,29.233832409898838,27.75,21.484646927456055,7.749185482442783,0.11676438547530466,0.15887952396684146,False,False
2019-08-19,181.95,0.8587524045067326,0.8995132308942777,1.5240450673261887,1.1081141057897352,95.35000000000002,19.67136154844232,25.69999999999999,18.283567638786167,1.3877939096561533,0.1004867691057223,0.10811410578973524,False,False
2019-08-20,173.8,0.8990218642117376,0.911584712298131,1.595512082853855,1.0965414241266997,103.5,16.77889951322041,17.55000000000001,15.366577002584847,1.412322510635562,0.08841528770186902,0.09654142412669975,False,False
2019-08-21,166.35,0.9392846408175534,0.9224134719767043,1.6669672377517284,1.1193910492460089,110.95000000000002,19.860701042073572,10.099999999999994,12.90651893667524,6.954182105398331,0.07758652802329569,0.11939104924600885,False,False
2019-08-22,156.25,1.0,0.913142414687471,1.77472,1.1199906416668346,121.05000000000001,18.7485377604429,0.0,13.571497705082663,5.177040055360237,0.08685758531252896,0.1199906416668346,False,False
2019-08-23,157.1,1.0,0.9063057025266132,1.7651177593889245,1.1397940905356578,120.20000000000002,21.96165162315185,0.0,14.719374133069067,7.242277490082785,0.09369429747338676,0.13979409053565783,False,False
2019-08-26,167.35,0.9823722736779206,0.9232358878782215,1.6570062742754708,1.155045789445162,109.95000000000002,25.946912863647867,2.9499999999999886,12.846474163579614,13.100438700068253,0.07676411212177847,0.155045789445162,False,False
2019-08-27,178.0,0.9235955056179777,0.9030519014741267,1.557865168539326,1.145829473826161,99.30000000000007,25.95764634105666,13.599999999999966,17.256761537605456,8.700884803451203,0.09694809852587327,0.14582947382616096,False,False
2019-08-28,167.6,0.9809069212410502,0.9038487542494652,1.6545346062052506,1.1286271972375728,109.70000000000002,21.557918257017207,3.1999999999999886,16.114948787789643,5.442969469227563,0.0961512457505348,0.12862719723757277,False,False
2019-08-29,172.6,0.9524913093858632,0.9037641400040455,1.6066048667439168,1.1156034035095725,104.70000000000002,19.953147445752222,8.200000000000017,16.610309435301758,3.342838010450464,0.09623585999595452,0.11560340350957254,False,False
2019-08-30,168.6,0.9750889679715304,0.8965258513596668,1.6447212336892054,1.133546721437932,108.70000000000002,22.515977234435326,4.19999999999996,17.44574146076019,5.070235773675137,0.10347414864033322,0.133546721437932,False,False
2019-09-03,164.4,1.0,0.9173837175346733,1.686739659367397,1.102958346044359,112.90000000000006,16.926352089692642,0.0,13.582116837299708,3.3442352523929344,0.08261628246532671,0.10295834604435905,False,False
2019-09-04,165.85,1.0,0.9090740009137496,1.6719927645462769,1.1430093689657062,111.45000000000002,23.718103842962364,0.0,15.080076948454632,8.638026894507732,0.09092599908625043,0.14300936896570615,False,False
2019-09-05,171.8,0.9970896391152504,0.8896019631108074,1.6140861466821883,1.116277592228122,105.49999999999994,19.976490344791358,0.4999999999999716,18.966382737563293,1.0101076072280648,0.11039803688919259,0.11627759222812206,False,False
2019-09-06,171.3,1.0,0.9031145360448858,1.6187974314068885,1.1143162556925008,106.0,19.582374600125377,0.0,16.596479975511073,2.9858946246143034,0.09688546395511421,0.11431625569250081,False,False
2019-09-09,175.6,1.0,0.9032913633773655,1.579157175398633,1.1489945759868618,101.69999999999996,26.163447543292932,0.0,16.982036590934626,9.181410952358306,0.09670863662263451,0.14899457598686183,False,False
2019-09-11,189.5,1.0,0.8822569583058031,1.4633245382585751,1.1476292302793616,87.80000000000001,27.97573913793903,0.0,22.312306401050307,5.663432736888723,0.11774304169419691,0.1476292302793616,False,False
2019-09-12,223.9,1.0,0.8857207178071047,1.2384993300580616,1.1835768689640487,53.400000000000006,41.10286096105048,0.0,25.587131282989247,15.515729678061234,0.11427928219289529,0.18357686896404868,False,False
2019-09-13,268.65,0.8410571375395496,0.8332076164617591,1.0321980271729017,1.2049263351816202,8.650000000000034,55.05345994654226,42.69999999999999,44.808773837548415,10.244686108993847,0.16679238353824088,0.20492633518162018,False,False
2019-09-16,277.3,0.8148214929679047,0.8066137878868436,1.232600072124053,1.196719206829754,64.49999999999994,54.550236053890785,51.35000000000002,53.62599661897829,0.9242394349124936,0.19338621211315643,0.19671920682975408,False,False
2019-09-17,249.85,0.904342605563338,0.9066059231685228,1.4076445867520513,1.1522472818752283,101.85,38.038983376525806,23.900000000000006,23.33451009634456,14.704473280181247,0.09339407683147716,0.1522472818752283,False,False
2019-09-18,226.3,0.9984533804684048,0.9025644515713195,1.5541316836058328,1.133849661177791,125.39999999999998,30.29017832453411,0.3499999999999943,22.0496646094104,8.240513715123711,0.09743554842868052,0.13384966117779107,False,False
2019-09-19,247.8,0.91182405165456,0.9085368487841072,1.4192897497982242,1.1620569938663172,103.89999999999998,40.157723080073424,21.850000000000023,22.66456887129823,17.493154208775195,0.09146315121589277,0.16205699386631722,False,False
2019-09-20,265.85,0.8499153658077863,0.8853658573707491,1.3229264622907653,1.1714068150524848,85.84999999999997,45.568501781703105,39.900000000000034,30.475486817986337,15.093014963716769,0.11463414262925087,0.17140681505248478,False,False
2019-09-23,254.85,0.886599960761232,0.8795688090486421,1.3959191681381204,1.145244472144336,100.9,37.015553725984006,28.900000000000006,30.691889013953556,6.32366471203045,0.1204311909513579,0.145244472144336,False,False
2019-09-24,246.85,0.915333198298562,0.8737906884002085,1.4411585983390724,1.125360829971883,108.9,30.945320878559272,20.899999999999977,31.154768568408542,-0.2094476898492701,0.12620931159979154,0.12536082997188291,False,False
2019-09-25,256.7,0.8802103622906116,0.8556639760714541,1.385858979353331,1.1654036890432344,99.05000000000007,42.459126977398284,30.75,37.05105734245774,5.408069634940546,0.14433602392854594,0.16540368904323444,False,False
2019-09-26,256.1,0.8822725497852401,0.9030123011997044,1.389105818039828,1.1125374366230054,99.64999999999992,28.820837519151667,30.150000000000034,24.838549662755696,3.9822878563959705,0.09698769880029556,0.11253743662300542,False,False
2019-09-27,244.3,0.924887433483422,0.8983538050248846,1.4562013917314776,1.1354447442347166,111.44999999999999,33.08915101654128,18.350000000000023,24.83216543242068,8.2569855841206,0.1016461949751154,0.13544474423471664,False,False
2019-09-30,229.3,0.9853903183602268,0.9022616983832001,1.6179677278674225,1.0972857188881087,141.7,22.307615341043316,3.3499999999999943,22.411392560732196,-0.10377721968887954,0.09773830161679986,0.09728571888810866,False,False
2019-10-01,225.95,1.0,0.9472912731684918,1.6514715645054214,1.1109485801449321,147.2,25.06883168374742,0.0,11.909536827579274,13.159294856168145,0.05270872683150818,0.11094858014493214,False,False
2019-10-03,248.5,0.9450704225352112,0.9601372180989063,1.501609657947686,1.1934071011213365,124.64999999999998,48.061664628652125,13.650000000000006,9.905901302421796,38.15576332623033,0.03986278190109371,0.19340710112133652,False,False
2019-10-04,241.8,0.9712572373862696,0.9411755799558547,1.5432175351530188,1.0975484711834071,131.34999999999997,23.587220332147865,6.950000000000017,14.223744766674344,9.363475565473522,0.05882442004414534,0.09754847118340715,False,False
2019-10-07,234.85,1.0,0.9428609270651435,1.5888865233127527,1.1429265800456343,138.29999999999998,33.56630732371721,0.0,13.419111278751046,20.147196044966165,0.05713907293485654,0.1429265800456343,False,False
2019-10-09,245.75,0.9711088504577824,0.9503182096197591,1.5322482197355036,1.1681132677404011,130.8,41.31383554720355,7.099999999999966,12.209299985944199,29.104535561259354,0.0496817903802409,0.16811326774040114,False,False
2019-10-10,238.65,1.0,0.9567034222735367,1.5778336476010897,1.1284681116718493,137.90000000000006,30.658914850486866,0.0,10.332728274420475,20.32618657606639,0.04329657772646334,0.12846811167184935,False,False
2019-10-11,240.6,1.0,0.9600294113419489,1.565045719035744,1.1247390010882259,135.95000000000002,30.012203661827158,0.0,9.616923631127094,20.395280030700064,0.03997058865805114,0.12473900108822589,False,False
2019-10-16,341.8,0.9966354593329432,0.9407345505547671,1.1142480983031011,1.1714795394117479,39.049999999999955,58.61170657093544,1.150000000000034,20.256930620380615,38.354775950554824,0.05926544944523293,0.17147953941174787,False,False
2019-10-17,351.7,0.9685811771396076,0.9194077873812592,1.0828831390389535,1.1438050271623224,29.14999999999992,50.57622805298877,11.050000000000011,28.34428117801116,22.23194687497761,0.08059221261874083,0.14380502716232235,False,False
2019-10-18,349.95,0.9734247749678524,0.9546183151403694,1.088298328332619,1.2042402490538782,30.900000000000034,71.47387515640469,9.300000000000068,15.881320616627704,55.592554539776984,0.04538168485963057,0.20424024905387816,False,False
2019-10-22,355.75,0.957554462403373,0.9469842561487885,1.172030920590302,1.172138295991284,61.199999999999875,61.238198798899305,15.100000000000023,18.86035087506849,42.377847923830814,0.05301574385121155,0.17213829599128405,False,False
2019-10-23,340.65,1.0,0.9375358238462351,1.2239835608395715,1.1070526720579015,76.30000000000001,36.46749273652415,0.0,21.27842160678,15.18907112974415,0.06246417615376487,0.10705267205790148,False,False
2019-10-24,341.0,1.0,0.9493217396131749,1.2227272727272729,1.121040079874072,75.95000000000005,41.274667237058566,0.0,17.28128679190735,23.993380445151217,0.0506782603868251,0.12104007987407206,False,False
2019-10-25,342.65,1.0,0.9488247104499211,1.216839340434846,1.1375922265391023,74.30000000000001,47.14597642362338,0.0,17.535212964334505,29.610763459288876,0.051175289550078884,0.1375922265391023,False,False
2019-10-30,371.0,0.9025606469002696,0.946294767408311,1.123854447439353,1.1399472139004168,45.94999999999999,51.92041635705459,36.14999999999998,19.92464129151665,31.99577506553794,0.05370523259168902,0.13994721390041676,False,False
2019-10-31,373.15,0.8973603108669437,0.9359308153562906,1.117379070079057,1.1738057883792932,43.80000000000007,64.85562993373327,38.299999999999955,23.90741624980012,40.94821368393315,0.06406918464370936,0.17380578837929317,False,False
2019-11-01,370.1,0.9047554714941908,0.9451052914469794,1.12658740880843,1.1715035740678261,46.849999999999966,63.47347276250247,35.25,20.316531635472927,43.15694112702954,0.05489470855302059,0.17150357406782613,False,False
2019-11-04,366.35,0.9140166507438242,0.9549045340988764,1.1381192848369044,1.1320732107974485,50.59999999999991,48.38502077564527,31.5,16.520723932876592,31.86429684276868,0.045095465901123566,0.1320732107974485,False,False
2019-11-05,356.6,0.9390072910824452,0.9311176129564045,1.1692372406057203,1.1398927854325198,60.34999999999985,49.88576728523657,21.750000000000057,24.563459219746164,25.322308065490404,0.0688823870435955,0.13989278543251982,False,False
2019-11-06,359.85,0.9305266083090176,0.931075738459991,1.1586772266222036,1.1567678160460912,57.099999999999966,56.412898604185955,25.000000000000057,24.802395515172236,31.61050308901372,0.06892426154000897,0.15676781604609125,False,False
2019-11-07,371.9,0.9003764452809896,0.9272477790181916,1.121134713632697,1.162158967247203,45.05000000000001,60.306919919234815,37.049999999999955,27.05655098313457,33.250368936100244,0.07275222098180845,0.16215896724720302,False,False
2019-11-08,376.55,0.8892577346965874,0.9086097536743993,1.107289868543354,1.141833497847956,40.39999999999998,53.407403614647876,41.69999999999999,34.412997253904905,18.99440636074297,0.09139024632560067,0.14183349784795607,False,False
2019-11-14,366.5,0.8680763983628922,0.9048197560556834,1.1376534788540245,1.1135247592235271,50.44999999999999,41.60682425542268,48.35000000000002,34.883559405591996,6.723264849830684,0.09518024394431657,0.11352475922352712,False,False
2019-11-15,353.65,0.8996182666478156,0.8952739024511069,1.178990527357557,1.1305688509888163,63.30000000000001,46.175674152194915,35.5,37.036384398166035,9.13928975402888,0.10472609754889306,0.13056885098881632,False,False
2019-11-18,352.25,0.90319375443577,0.9587320425209129,1.1836763662171752,1.1157487207977554,64.69999999999999,40.77248690100936,34.10000000000002,14.536638022008447,26.235848879000912,0.04126795747908707,0.11574872079775544,False,False
2019-11-19,381.2,0.8346012591815319,0.9669272569388548,1.0937827911857292,1.1838395876605143,35.74999999999994,70.07965081618806,63.05000000000001,12.60732965490854,57.472321161279524,0.03307274306114516,0.18383958766051434,False,False
2019-11-20,416.95,0.7630411320302194,0.9413437568328027,1.0,1.1359762873450254,0.0,56.69531300850832,98.80000000000001,24.456720588562916,32.238592419945405,0.05865624316719731,0.13597628734502543,False,False
2019-11-21,375.3,0.8477218225419664,0.9620022488545025,1.0,1.1147207300813609,0.0,43.05468999953473,57.150000000000034,14.260556004905197,28.794133994629533,0.03799775114549753,0.11472073008136086,False,False
2019-11-22,350.3,0.9082215244076504,0.9688518118205538,1.0072794747359406,1.0947396085132703,2.5500000000000114,33.187284862198624,32.15000000000009,10.911210319260022,22.276074542938602,0.0311481881794462,0.09473960851327035,False,False
2019-11-25,350.95,0.9056845704516314,0.9552899326731713,1.005413876620601,1.117204044708259,1.8999999999999773,41.13275949036347,33.099999999999966,15.690998128350543,25.441761362012926,0.044710067326828695,0.11720404470825896,False,False
2019-11-26,345.35,0.9132763862747936,0.9590058266466259,1.0217170985956276,1.0833851704399011,7.5,28.79706861141983,29.950000000000045,14.157337767587762,14.63973084383207,0.040994173353374075,0.08338517043990112,False,False
2019-11-27,341.55,0.9035280339628166,0.9555254039898374,1.0330844678670763,1.1524818232414962,11.299999999999898,52.08016672813301,32.94999999999999,15.190298267271032,36.889868460861976,0.04447459601016257,0.15248182324149617,False,False
2019-12-02,336.55,0.9121972960927054,0.9678055074231526,1.0484326251671372,1.0999080499327887,16.30000000000001,33.62405420488005,29.55000000000001,10.835056476737975,22.78899772814208,0.03219449257684737,0.09990804993278868,False,False
2019-12-03,344.15,0.8920528839168967,0.9596065061524086,1.0252796745605115,1.1167883267251397,8.700000000000045,40.19270264245682,37.14999999999998,13.901420907648571,26.29128173480825,0.04039349384759139,0.11678832672513972,False,False
2019-12-04,352.85,0.8700580983420716,0.9625297283433587,1.0,1.154762202309271,0.0,54.60784308482624,45.85000000000002,13.221385354045879,41.386457730780364,0.037470271656641296,0.15476220230927096,False,False
2019-12-05,351.2,0.8741457858769932,0.9660581288245248,1.0,1.1463550854838818,0.0,51.39990602193927,44.19999999999999,11.92038515682691,39.47952086511236,0.0339418711754752,0.14635508548388176,False,False
2019-12-06,348.85,0.8800343987387128,0.9612064777024855,1.0025799054034683,1.1371389836656327,0.8999999999999204,47.84093445175597,41.85000000000002,13.533120253487937,34.307814198268034,0.03879352229751454,0.1371389836656327,False,False
2019-12-09,338.1,0.8689736764270926,0.9569767059295822,1.0344572611653355,1.1237881521548627,11.64999999999992,41.85277424355911,44.30000000000001,14.546175725208286,27.306598518350825,0.04302329407041783,0.12378815215486272,False,False
2019-12-10,349.75,0.8400285918513224,0.9537745378320518,1.0,1.1295945039927835,0.0,45.32567777147602,55.94999999999999,16.16735539323986,29.158322378236164,0.046225462167948206,0.1295945039927835,False,False
2019-12-11,326.35,0.8939788570553087,0.9389160091548138,1.0356978703845563,1.0681609683049604,11.64999999999992,22.244332006323816,34.60000000000002,19.93476041232651,2.3095715939973047,0.06108399084518623,0.06816096830496043,False,False
2019-12-12,318.15,0.9170202734559172,0.961554072885195,1.0623919534810624,1.1222266170898818,19.850000000000023,38.88639822714589,26.39999999999992,12.231571711575214,26.654826515570676,0.03844592711480499,0.1222266170898818,False,False
2019-12-13,338.0,0.8631656804733728,0.9470108197265659,1.0,1.1566574807295131,0.0,52.95022848657544,46.25,17.910342932420747,35.039885554154694,0.05298918027343413,0.15665748072951313,False,False
2019-12-16,331.15,0.8695455231768081,0.9475911159528951,1.0,1.0799776879452305,0.0,26.484611363063095,43.19999999999999,17.355201952198797,9.129409410864298,0.052408884047104864,0.07997768794523052,False,False
2019-12-17,331.05,0.869808186074611,0.9389049099358745,1.0,1.1262430678442532,0.0,41.79276760984004,43.10000000000002,20.22552956572872,21.56723804411132,0.0610950900641255,0.1262430678442532,False,False
2019-12-18,327.6,0.8789682539682538,0.954367045625205,1.0077838827838823,1.1194465288966102,2.549999999999841,39.130682866529526,39.650000000000034,14.949355853182851,24.181327013346674,0.045632954374794976,0.11944652889661023,False,False
2019-12-19,322.0,0.8942546583850931,0.9640204979681731,1.025310559006211,1.1192765721974096,8.149999999999977,38.40705624756589,34.05000000000001,11.58539965424825,26.82165659331764,0.03597950203182687,0.11927657219740961,False,False
2019-12-20,318.7,0.903514276749294,0.9500225923079711,1.035927204267336,1.1088055213711874,11.449999999999989,34.67631966099742,30.75,15.92779983144959,18.74851982954783,0.04997740769202885,0.10880552137118737,False,False
2019-12-23,317.85,0.9059304703476482,0.9456520199811964,1.038697498820198,1.1108755616335715,12.299999999999955,35.24179726523067,29.900000000000034,17.274505448976697,17.967291816253976,0.05434798001880359,0.11087556163357148,False,False
2019-12-24,318.4,0.9043655778894472,0.9401162628309442,1.0369032663316582,1.1212470679406341,11.749999999999943,38.60506643229792,30.450000000000045,19.066981914627377,19.53808451767054,0.05988373716905582,0.12124706794063411,False,False
2019-12-26,315.4,0.9129676601141408,0.9643454299075334,1.046766011414077,1.089486232295915,14.749999999999943,28.223957666131582,27.44999999999999,11.245451407163955,16.978506258967627,0.03565457009246664,0.0894862322959149,False,False
2019-12-27,308.6,0.9330848995463382,0.9573602559667317,1.0698314970836031,1.0836240703026374,21.549999999999955,25.806388095393913,20.650000000000034,13.158625008666604,12.64776308672731,0.04263974403326831,0.08362407030263741,False,False
2019-12-30,307.0,0.9379478827361564,0.9509377607254695,1.0754071661237783,1.0847805730535538,23.14999999999992,26.027635927440997,19.05000000000001,15.062107457280831,10.965528470160166,0.04906223927453046,0.0847805730535538,False,False
2019-12-31,314.0,0.9170382165605095,0.9460344546536721,1.051433121019108,1.09501589128955,16.149999999999864,29.834989864918725,26.05000000000001,16.945181238746954,12.88980862617177,0.053965545346327914,0.09501589128955001,False,False
2020-01-03,313.4,0.8994894703254627,0.9139569195570034,1.053446075303127,1.1247580195719242,16.75,39.099163333841034,31.5,26.9659014108351,12.133261923005932,0.08604308044299658,0.12475801957192423,False,False
2020-01-06,301.45,0.8915242992204346,0.884676364498855,1.0952065019074473,1.0346647513893896,28.69999999999999,10.449689306331493,32.69999999999999,34.76430992182014,-24.31462061548865,0.115323635501145,0.034664751389389625,False,False
2020-01-07,302.8,0.8875495376486129,0.9044826327507021,1.0903236459709378,1.091229148358416,27.349999999999966,27.624186122928393,34.05000000000001,28.922658803087415,-1.2984726801590227,0.09551736724929794,0.091229148358416,False,False
2020-01-08,293.8,0.9147379169503064,0.9072996512909385,1.123723621511232,1.112903572204168,36.349999999999966,33.17106951358454,25.05000000000001,27.235362450722278,5.935707062862264,0.09270034870906152,0.11290357220416802,False,False
2020-01-09,295.7,0.9088603314169768,0.9182025791254085,1.11650321271559,1.0914088261017012,34.44999999999999,27.029589878273043,26.94999999999999,24.18749735261673,2.8420925256563123,0.08179742087459152,0.0914088261017012,False,False
2020-01-10,291.75,0.921165381319623,0.90010291310247,1.131619537275064,1.0976886393189904,38.39999999999992,28.500660521315467,23.0,29.14497510235435,-0.6443145810388842,0.09989708689752996,0.09768863931899041,False,False
2020-01-13,287.95,0.9333217572495224,0.8987121963957676,1.1722521271054005,1.0803242586497301,49.60000000000008,23.12937027818981,19.200000000000045,29.165823047838728,-6.036452769648918,0.1012878036042324,0.08032425864973014,False,False
2020-01-14,290.75,0.9243336199484092,0.8944111534273437,1.160963026655202,1.1215294411231365,46.80000000000001,35.33468500655192,22.0,30.6999571409998,4.634727865552122,0.10558884657265633,0.12152944112313646,False,False
2020-01-15,330.15,0.8140239285173406,0.9098960223836984,1.02241405421778,1.1636102602252731,7.400000000000034,54.0159274133739,61.39999999999998,29.747828210021964,24.268099203351937,0.09010397761630162,0.16361026022527314,False,False
2020-01-16,329.95,0.8145173511138052,0.8728321433415633,1.0230337929989393,1.1144442411110318,7.600000000000023,37.76087735458492,61.19999999999999,41.959034304451166,-4.198156949866245,0.12716785665843666,0.1144442411110318,False,False
2020-01-17,315.7,0.8512828634779854,0.8971155455829448,1.0692112765283497,1.1202020550400877,21.850000000000023,37.947788776155676,46.94999999999999,32.480622259464326,5.46716651669135,0.10288445441705518,0.12020205504008774,False,False
2020-01-22,312.05,0.8612401858676494,0.8856635711487122,1.0817176734497678,1.1315514299083484,25.500000000000057,41.05062370290011,43.30000000000001,35.67868262304438,5.3719410798557305,0.11433642885128781,0.13155142990834845,False,False
2020-01-23,310.3,0.866097325169191,0.8976683800785638,1.087818240412504,1.1157680460018047,27.25,35.922824674360015,41.55000000000001,31.75350166162167,4.169323012738346,0.10233161992143625,0.11576804600180468,False,False
2020-01-24,308.4,0.8714332036316472,0.8996121908911188,1.094520103761349,1.1193360983814968,29.150000000000034,36.80325274085362,39.64999999999998,30.959600329178954,5.843652411674668,0.10038780910888123,0.11933609838149684,False,False
2020-01-27,303.1,0.8866710656548993,0.8993520624569065,1.1136588584625535,1.126178187864476,34.44999999999999,38.244608741722686,34.35000000000002,30.506389869311647,7.738218872411039,0.10064793754309354,0.1261781878644761,False,False
2020-01-28,297.8,0.8977501678979181,0.8977155655124771,1.1334788448623236,1.1239021025210951,39.75,36.89804613078212,30.44999999999999,30.46030459038434,6.437741540397781,0.10228443448752289,0.12390210252109513,False,False
2020-01-29,297.7,0.7682230433322136,0.8897332932292166,1.133859590191468,1.093449129832351,39.85000000000002,27.81980595109087,69.0,32.826398605662234,-5.006592654571364,0.11026670677078343,0.09344912983235099,False,False
2020-01-30,290.35,0.787670053383847,0.89480187491428,1.1625624246598931,1.0778118815750852,47.19999999999999,22.592679815325994,61.650000000000034,30.544275618638835,-7.951595803312841,0.10519812508572002,0.07781188157508523,False,False
2020-01-31,290.5,0.787263339070568,0.8987265416539659,1.161962134251291,1.1268739782206554,47.05000000000001,36.856890673100395,61.79999999999998,29.419939649522917,7.436951023577478,0.10127345834603407,0.12687397822065538,False,False
2020-02-04,282.75,0.7688770999115827,0.884581202342881,1.1938107869142351,1.1135513561800396,54.80000000000001,32.10664595990619,65.35,32.634665037550405,-0.5280190776442168,0.11541879765711904,0.11355135618003964,False,False
2020-02-05,296.6,0.678186109238031,0.9055649587584231,1.1380647336480108,1.1537022898814213,40.94999999999999,45.588099178829566,95.45000000000002,28.009433232251695,17.57866594657787,0.09443504124157687,0.15370228988142132,False,False
2020-02-06,296.3,0.6788727640904488,0.8940760088398266,1.1392170097873775,1.1100600128087579,41.24999999999994,32.61078179523497,95.15,31.385278580759348,1.2255032144756228,0.10592399116017337,0.11006001280875788,False,False
2020-02-07,291.3,0.6905252317198765,0.9048668468279586,1.1587710264332305,1.09377707271086,46.25000000000006,27.317261280673506,90.15,27.71228751901566,-0.39502623834215456,0.09513315317204141,0.09377707271086,False,False
2020-02-10,337.55,0.5360687305584357,0.9065558633452035,1.0,1.1814523968980568,0.0,61.24925657293909,156.60000000000002,31.54206832782654,29.707188245112548,0.09344413665479645,0.1814523968980568,False,False
2020-02-11,317.7,0.5127478753541077,0.8777313614038227,1.004406672961914,1.0620802240257388,1.400000000000091,19.72288717297721,154.79999999999998,38.84474648200552,-19.12185930902831,0.12226863859617731,0.06208022402573876,False,False
2020-02-12,314.85,0.4992853739876131,0.8934274292815688,1.0134984913450849,1.1123021234641135,4.249999999999943,35.35832357267611,157.65000000000003,33.55437389069806,1.8039496819780538,0.10657257071843118,0.1123021234641135,False,False
2020-02-13,309.55,0.5078339525117105,0.8943027565008099,1.0308512356646746,1.127155707544779,9.550000000000011,39.36104927048632,152.35000000000002,32.71858172517426,6.6424675453120585,0.10569724349919007,0.1271557075447789,False,False
2020-02-14,319.1,0.4926355374490754,0.8864672965319,1.0,1.1418321812890018,0.0,45.25864904932047,161.90000000000006,36.22828567667068,9.030363372649788,0.11353270346809996,0.14183218128900177,False,False
2020-02-19,303.1,0.3835367865390959,0.8812577566753641,1.0,1.1031463836606819,0.0,31.263668887552683,186.85000000000005,35.99077395169712,-4.727105064144439,0.1187422433246359,0.10314638366068185,False,False
2020-02-20,297.15,0.3912165572942958,0.8790810532421787,1.0,1.081087402643854,0.0,24.095121695621174,180.89999999999998,35.9310650290866,-11.835943333465423,0.12091894675782133,0.08108740264385395,False,False
2020-02-24,290.95,0.3796184911496821,0.8781138742252672,1.0013748066678123,1.070232572529997,0.39999999999997726,20.434166977602615,180.5,35.46276829415851,-15.028601316555893,0.12188612577473279,0.07023257252999704,False,False
2020-02-25,291.35,0.3790973056461301,0.8844945827336218,1.0,1.1229723324495213,0.0,35.82798905916803,180.9,33.652503320559276,2.1754857386087565,0.1155054172663782,0.12297233244952133,False,False
2020-02-26,278.0,0.3973021582733813,0.8789615678357237,1.0,1.1104218671298616,0.0,30.69727906210153,167.55,33.64868414166881,-2.95140507956728,0.12103843216427634,0.11042186712986157,False,False
2020-02-27,267.35,0.4131288573031606,0.8820365315878098,1.0,1.109471574515975,0.0,29.267225446845885,156.90000000000003,31.537533279999053,-2.2703078331531685,0.11796346841219019,0.10947157451597489,False,False
2020-02-28,228.7,0.4829470922606034,0.9059709369784348,1.0087450808919982,1.026014721642412,2.0,5.949566839619621,118.25,21.504446713031967,-15.554879873412347,0.09402906302156522,0.02601472164241203,False,False
2020-03-02,227.4,0.4857080035180299,0.8985654277942203,1.0145118733509233,1.136254588610668,3.2999999999999545,30.984293450065906,116.95,23.066221719594296,7.91807173047161,0.10143457220577967,0.13625458861066808,False,False
2020-03-03,230.7,0.4787602947550932,0.8923284944534287,1.0,1.0824090407236548,0.0,19.011765694947172,120.25,24.839816329594015,-5.828050634646843,0.10767150554657134,0.08240904072365485,False,False
2020-03-04,218.5,0.505491990846682,0.9039839240262004,1.0,1.0935872207557447,0.0,20.448807735130202,108.05,20.9795126002752,-0.5307048651449975,0.09601607597379958,0.09358722075574466,False,False
2020-03-05,217.4,0.5080496780128795,0.8913081840769861,1.0,1.0851647647878886,0.0,18.514819864886988,106.95,23.629600781663214,-5.114780916776226,0.10869181592301391,0.08516476478788859,False,False
2020-03-06,201.15,0.5490927168779518,0.9098344109464697,1.0,1.0533978185648891,0.0,10.740971204327451,90.7,18.136808238117624,-7.395837033790173,0.09016558905353034,0.05339781856488912,False,False
2020-03-09,182.5,0.6052054794520548,0.909731612832221,1.0,1.0815225255108862,0.0,14.877860905736725,72.05,16.47398065811967,-1.596119752382947,0.09026838716777896,0.08152252551088623,False,False
2020-03-11,180.95,0.6103896103896105,0.896623785789399,1.0,1.0925906743667753,0.0,16.754282526667993,70.49999999999999,18.70592596140824,-1.951643434740248,0.10337621421060095,0.09259067436677526,False,False
2020-03-12,162.9,0.6780233271945979,0.9157206712631102,1.0,1.1071411003018876,0.0,17.45328523917749,52.45,13.729102651239344,3.724182587938145,0.08427932873688981,0.10714110030188762,False,False
2020-03-13,157.2,0.7026081424936388,0.911304741193322,1.0,1.094179271373236,0.0,14.804981459872693,46.749999999999986,13.942894684409765,0.8620867754629273,0.08869525880667795,0.0941792713732359,False,False
2020-03-16,147.05,0.7511050663039782,0.8937385680731647,1.0805848350901053,1.0806256196060091,11.849999999999994,11.855997363063636,36.60000000000001,15.625743564841144,-3.769746201777508,0.10626143192683535,0.08062561960600911,False,False
2020-03-17,139.1,0.7940330697340043,0.9029608897488006,1.2070452911574407,1.1024501352081715,28.80000000000001,14.250813807456666,28.64999999999999,13.498140235941833,0.7526735715148334,0.09703911025119938,0.10245013520817148,False,False
2020-03-18,126.7,0.8717442778216259,0.9079036553535098,1.3930544593528018,1.099513712169649,49.8,12.60838733189452,16.25,11.668606866710306,0.9397804651842137,0.09209634464649019,0.099513712169649,False,False
2020-03-19,120.4,0.917358803986711,0.9040481750742565,1.4659468438538206,1.0817646311190983,56.099999999999994,9.844461586739442,9.950000000000003,11.552599721059522,-1.7081381343200803,0.0959518249257435,0.08176463111909826,False,False
2020-03-20,116.25,0.9501075268817204,0.8339704667236469,1.5182795698924731,1.034887876065441,60.25,4.055715592607513,5.799999999999997,19.300933243376036,-15.245217650768524,0.16602953327635306,0.03488787606544097,False,False
2020-03-23,110.45,1.0,0.9051985616899908,1.5980081484834767,1.162418140443385,66.05,17.939083611971895,0.0,10.470818861340518,7.468264750631377,0.0948014383100092,0.1624181404433851,False,False
2020-03-25,121.1,0.999174236168456,0.9102911552123683,1.4574731626754749,1.139385974632594,55.400000000000006,16.87964152800714,0.0999999999999801,10.863741103782203,6.015900424224938,0.08970884478763175,0.13938597463259406,False,False
2020-03-26,121.0,1.0,0.9069699965751381,1.4586776859504131,1.1093660701862804,55.5,13.233294492539926,0.0,11.256630414408292,1.976664078131634,0.0930300034248619,0.10936607018628042,False,False
2020-03-27,121.9,1.0,0.9113026697960724,1.4479081214109926,1.1210720804941139,54.599999999999994,14.75868661223248,0.0,10.81220455185877,3.946482060373711,0.08869733020392756,0.12107208049411389,False,False
2020-03-30,123.85,1.0,0.9151036999434615,1.4251110213968512,1.1109867177743133,52.650000000000006,13.745704996348707,0.0,10.514406762002295,3.2312982343464114,0.08489630005653848,0.11098671777431335,False,False
2020-03-31,130.0,1.0,0.91581306671854,1.3576923076923078,1.1477783440819342,46.5,19.21118473065144,0.0,10.944301326589795,8.266883404061645,0.08418693328145999,0.14777834408193424,False,False
2020-04-03,131.7,0.9981017463933182,0.9106052426720266,1.340167046317388,1.1247774029661979,44.80000000000001,16.43318397064826,0.25,11.773289540094098,4.659894430554161,0.08939475732797342,0.12477740296619788,False,False
2020-04-07,131.45,1.0,0.9185302466457446,1.3427158615443135,1.1152285302402294,45.05000000000001,15.146790300078152,0.0,10.709199078416873,4.437591221661279,0.08146975335425544,0.11522853024022939,False,False
2020-04-08,137.5,1.0,0.9051876673788414,1.2836363636363637,1.1179074548659584,39.0,16.212275044069287,0.0,13.03669573540931,3.1755793086599766,0.09481233262115862,0.11790745486595844,False,False
2020-04-09,150.1,0.983344437041972,0.9034617824318014,1.1758827448367757,1.1729265698689566,26.400000000000034,25.956278137330372,2.5,14.490386456986613,11.46589168034376,0.09653821756819858,0.1729265698689566,False,False
2020-04-13,148.1,0.9770425388251182,0.9109147736978304,1.1917623227548957,1.1405739697433086,28.400000000000063,20.819004918984007,3.4000000000000057,13.193522015351334,7.625482903632673,0.08908522630216964,0.1405739697433086,False,False
2020-04-15,158.9,0.9106356198867211,0.9064833237647006,1.1107614852108243,1.1513047052170726,17.599999999999994,24.04231765899283,14.200000000000017,14.85979985378907,9.182517805203759,0.09351667623529936,0.15130470521707262,False,False
2020-04-16,167.9,0.8618225134008337,0.9010965699378424,1.0512209648600357,1.1164665487805228,8.599999999999994,19.55473354024977,23.200000000000017,16.60588590743626,2.9488476328135107,0.09890343006215763,0.11646654878052276,False,False
2020-04-17,176.5,0.8198300283286118,0.9021468144882429,1.0,1.1421292548693733,0.0,25.0858134844444,31.80000000000001,17.271087242825132,7.814726241619269,0.09785318551175715,0.14212925486937333,False,False
2020-04-20,170.65,0.8479343685906826,0.9052721845718187,1.0,1.1084098515992786,0.0,18.5001411754169,25.950000000000017,16.165301702819136,2.334839472597764,0.09472781542818132,0.10840985159927863,False,False
2020-04-21,162.15,0.8923835954363243,0.9119380710212875,1.04563675609004,1.0976531510233092,7.399999999999977,15.834458438429579,17.450000000000017,14.279241783898215,1.555216654531364,0.08806192897871246,0.09765315102330918,False,False
2020-04-22,161.8,0.8943139678615574,0.9109619996127184,1.0478986402966626,1.1064336717637022,7.75,17.220968091367013,17.100000000000023,14.406348462662152,2.814619628704861,0.0890380003872816,0.10643367176370222,False,False
2020-04-23,169.55,0.853435564730168,0.9110580663031065,1.0,1.14512227377906,0.0,24.605481519239646,24.850000000000023,15.080104858308289,9.525376660931357,0.08894193369689352,0.14512227377906006,False,False
2020-04-24,163.2,0.8866421568627451,0.9049360341224661,1.0101102941176472,1.088989147946632,1.650000000000034,14.523028944890342,18.5,15.514439231213515,-0.9914102863231733,0.09506396587753385,0.08898914794663204,False,False
2020-04-27,160.1,0.9038101186758276,0.9082931457060108,1.0296689569019364,1.0982719603272106,4.750000000000028,15.733340848386433,15.400000000000006,14.682267372467663,1.0510734759187699,0.09170685429398917,0.09827196032721064,False,False
2020-04-28,157.8,0.9169835234474016,0.9140386944478333,1.04467680608365,1.1003885395349209,7.049999999999983,15.841311538610512,13.100000000000023,13.56469401613191,2.2766175224786025,0.08596130555216674,0.10038853953492088,False,False
2020-04-29,160.55,0.9012768607910306,0.9045676756002019,1.0267829336655248,1.1030448429929045,4.300000000000011,16.543849542510827,15.850000000000023,15.321659682387576,1.222189860123251,0.0954323243997981,0.1030448429929045,False,False
2020-04-30,164.85,0.8777676675765848,0.9033222439481523,1.0,1.1271414549360714,0.0,20.959268846211387,20.150000000000006,15.9373280851471,5.021940761064286,0.0966777560518477,0.12714145493607143,False,False
2020-05-04,157.6,0.9181472081218274,0.9088368987626432,1.087246192893401,1.115887463485552,13.75,18.263864245322992,12.900000000000006,14.367304755007439,3.8965594903155534,0.09116310123735683,0.11588746348555201,False,False
2020-05-05,154.55,0.936266580394694,0.9071300878027728,1.1087026852151407,1.1052062882764817,16.799999999999983,16.25963185313026,9.850000000000051,14.353044930081467,1.906586923048792,0.09286991219722718,0.10520628827648171,False,False
2020-05-06,150.3,0.9627411842980704,0.9203853749305317,1.2461743180306055,1.0990725953479301,37.0,14.890611080793889,5.600000000000023,11.96607814794109,2.9245329328527987,0.07961462506946826,0.09907259534793011,False,False
2020-05-07,150.55,0.9611424775821984,0.9027439289965328,1.2441049485220856,1.0937099944467366,36.75,14.108039663956191,5.850000000000023,14.641901489571978,-0.5338618256157872,0.09725607100346723,0.09370999444673656,False,False
2020-05-08,147.6,0.9803523035230352,0.9036551316489748,1.2689701897018972,1.0948528865144727,39.70000000000002,14.000286049536157,2.9000000000000057,14.220502568611323,-0.2202165190751657,0.09634486835102518,0.09485288651447266,False,False
2020-05-11,146.45,0.98805052919085,0.9112593371286815,1.5472857630590646,1.104776702102233,80.15,15.344548022872033,1.7500000000000284,12.996070077504612,2.3484779453674207,0.08874066287131854,0.104776702102233,False,False
2020-05-12,144.7,1.0,0.9146103076567629,1.5659986178299932,1.1153362934787858,81.9,16.6891616663803,0.0,12.355888482066405,4.333273184313896,0.08538969234323712,0.11533629347878582,False,False
2020-05-13,151.9,0.9716919025674784,0.9086673832371375,1.4917709019091507,1.1445986445067968,74.69999999999999,21.964534100582426,4.30000000000004,13.873424486278822,8.091109614303605,0.09133261676286253,0.14459864450679683,False,False
2020-05-14,155.7,0.9479768786127168,0.9121276416801726,1.4553628773281952,1.0987658475625655,70.9,15.377842465491455,8.099999999999994,13.681726190397143,1.6961162750943117,0.08787235831982743,0.09876584756256546,False,False
2020-05-15,162.7,0.9071911493546404,0.9042785944385957,1.392747387830363,1.141632067167137,63.900000000000034,23.04353732809318,15.099999999999994,15.573872684840467,7.469664643252713,0.0957214055614043,0.14163206716713694,False,False
2020-05-18,154.6,0.9547218628719276,0.8992666908819131,1.4657179818887451,1.103087138651447,72.0,15.937271635513696,7.0,15.573369589656238,0.3639020458574578,0.10073330911808687,0.10308713865144692,False,False
2020-05-19,147.6,1.0,0.9107954185462761,1.5352303523035231,1.0878868836711162,79.0,12.972104029856752,0.0,13.166596222569638,-0.19449219271288598,0.0892045814537239,0.08788688367111619,False,False
2020-05-20,148.7,1.0,0.9083634292292235,1.523873570948218,1.1079179573215945,77.90000000000003,16.047400253721094,0.0,13.626358073614455,2.421042180106639,0.09163657077077647,0.10791795732159448,False,False
2020-05-21,155.85,0.9708052614693616,0.9041947529656577,1.453962143086301,1.1173529793965131,70.75,18.28946183894658,4.549999999999983,14.931247750302248,3.3582140886443312,0.09580524703434234,0.11735297939651312,False,False
2020-05-22,151.3,1.0,0.9075702447289469,1.4976867151354922,1.1029421534519661,75.29999999999998,15.57514781728247,0.0,13.984621972510325,1.590525844772145,0.09242975527105313,0.10294215345196611,False,False
2020-05-26,153.35,0.9970655363547442,0.9110215189436283,1.4776654711444408,1.1126988107625984,73.25,17.282362630444453,0.44999999999998863,13.644850069994618,3.637512560449835,0.08897848105637174,0.11269881076259836,False,False
2020-05-27,152.9,1.0,0.9127471613269579,1.4820143884892083,1.1121435108794469,73.69999999999996,17.146742813467426,0.0,13.340959033108135,3.8057837803592918,0.08725283867304212,0.11214351087944685,False,False
2020-05-28,160.5,0.9685358255451711,0.8888878002419518,1.4118380062305296,1.1252535897859648,66.1,20.10320116064736,5.05000000000004,17.833508061166725,2.2696930994806337,0.1111121997580482,0.1252535897859648,False,False
2020-05-29,155.45,1.0,0.9084014437364434,1.4577034416211,1.086947647520854,71.15,13.51601180711674,0.0,14.23899557116988,-0.72298376405314,0.09159855626355662,0.08694764752085393,False,False
2020-06-01,163.2,1.0,0.902411077567904,1.3884803921568627,1.1108636082673842,63.39999999999998,18.092940869237083,0.0,15.926512140918078,2.166428728319005,0.09758892243209605,0.11086360826738417,False,False
2020-06-02,171.35,0.9862853807995332,0.8876637916278758,1.322439451415232,1.1091441619232523,55.25,18.70185214554928,2.3499999999999943,19.24880930456348,-0.5469571590141982,0.11233620837212421,0.10914416192325227,False,False
2020-06-03,169.0,1.0,0.8839003262985331,1.340828402366864,1.1145670487199926,57.60000000000002,19.361831233678743,0.0,19.620844855547915,-0.25901362186917254,0.1160996737014669,0.11456704871999257,False,False
2020-06-04,170.3,1.0,0.9015330257777312,1.3305930710510865,1.0894531482836507,56.30000000000004,15.233871152705717,0.0,16.768925710052372,-1.5350545573466547,0.0984669742222688,0.0894531482836507,False,False
2020-06-05,187.3,1.0,0.8892901136835849,1.209823812066204,1.1579047354759426,39.30000000000001,29.57555695464407,0.0,20.735961707064547,8.839595247579524,0.1107098863164151,0.15790473547594264,False,False
2020-06-08,206.0,1.0,0.8688292208302193,1.1,1.1291969553070929,20.600000000000023,26.614572793261118,0.0,27.021180508974822,-0.40660771571370447,0.1311707791697807,0.12919695530709285,False,False
2020-06-09,226.6,0.9146072374227714,0.869416757113161,1.0,1.1596119656046977,0.0,36.168071406024495,19.349999999999994,29.59016283815771,6.5779085678667855,0.13058324288683898,0.1596119656046977,False,False
2020-06-11,207.25,1.0,0.9016105242932649,1.050422195416164,1.0919474963870335,10.450000000000017,19.05611862621268,0.0,20.39121884022083,-1.3351002140081505,0.09838947570673506,0.09194749638703348,False,False
2020-06-12,216.05,0.9632029622772506,0.9014696347229388,1.007637121036797,1.1304979160635413,1.6499999999999773,28.194074765528114,7.950000000000017,21.28748541810907,6.906589347419043,0.09853036527706116,0.13049791606354133,False,False
2020-06-15,216.05,0.9632029622772506,0.8937738807354124,1.1015968525804212,1.123726085966789,21.94999999999999,26.731020873124777,7.950000000000017,22.950153067114144,3.780867806010633,0.10622611926458758,0.12372608596678902,False,False
2020-06-16,209.85,0.9916607100309746,0.8983490071451399,1.1341434357874671,1.0728471857278106,28.149999999999977,15.286981924981035,1.75,21.331460850592407,-6.044478925611372,0.10165099285486012,0.07284718572781057,False,False
2020-06-17,208.95,0.9959320411581718,0.8925072763537613,1.139028475711893,1.0840738821844047,29.05000000000001,17.56723768243137,0.8499999999999943,22.46060460588157,-4.893366923450202,0.10749272364623874,0.0840738821844047,False,False
2020-06-18,208.9,0.9961704164672092,0.8994860828495203,1.1393011010052656,1.098563650119596,29.099999999999994,20.589946509983577,0.8000000000000114,20.997357292735217,-0.40741078275164,0.10051391715047975,0.09856365011959589,False,False
2020-06-19,210.5,0.9885985748218526,0.8988447282562299,1.1306413301662708,1.1028742385108303,27.5,21.65502720652978,2.4000000000000057,21.293184702063627,0.3618425044661535,0.10115527174377015,0.10287423851083033,False,False
2020-06-22,209.5,0.9933174224343676,0.8956916077374295,1.136038186157518,1.1033855203264997,28.5,21.659266508401686,1.3999999999999773,21.852608179008513,-0.19334167060682717,0.10430839226257049,0.10338552032649972,False,False
2020-06-23,210.4,0.9890684410646388,0.9071435115057225,1.131178707224335,1.082179848364976,27.60000000000005,17.290640095990966,2.3000000000000114,19.537005179196,-2.246365083205035,0.09285648849427752,0.08217984836497605,False,False
2020-06-24,211.1,0.9857887257224064,0.9081611460688139,1.1274277593557556,1.1059588481243627,26.900000000000006,22.367912839052963,3.0,19.38718206487337,2.980730774179591,0.09183885393118607,0.10595884812436274,False,False
2020-06-25,208.95,0.9959320411581718,0.9022425612015847,1.139028475711893,1.129191974248635,29.05000000000001,26.994663019252272,0.8499999999999943,20.426416836928865,6.568246182323406,0.09775743879841525,0.12919197424863493,False,False
2020-06-26,213.75,0.9735672514619884,0.9056874481302174,1.1134502923976608,1.136535824698479,24.25,29.184532529299872,5.649999999999977,20.159307962166025,9.025224567133847,0.0943125518697826,0.1365358246984789,False,False
2020-06-29,210.65,0.9878946119154997,0.890451106767349,1.1298362212200332,1.1113778920966408,27.349999999999994,23.46175297015739,2.5500000000000114,23.076474359457933,0.38527861069945857,0.10954889323265105,0.11137789209664084,False,False
2020-06-30,208.8,0.996647509578544,0.8957469233593496,1.139846743295019,1.0816387699925376,29.19999999999996,17.046175174441856,0.700000000000017,21.7680424025678,-4.721867228125944,0.10425307664065042,0.08163876999253761,False,False
2020-07-01,208.1,1.0,0.895361837107004,1.1436809226333493,1.1115730605079008,29.899999999999977,23.218353891694164,0.0,21.775201698032475,1.443152193661689,0.10463816289299599,0.11157306050790083,False,False
2020-07-02,212.25,0.985394581861013,0.8912712400248781,1.121319199057715,1.1135970399654453,25.75,24.110971732665774,3.0999999999999943,23.077679304719624,1.0332924279461508,0.10872875997512188,0.11359703996544535,False,False
2020-07-07,214.85,0.9895275773795672,0.8994643511901445,1.1077495927391203,1.0989120817516922,23.150000000000006,21.25126076435106,2.25,21.600084146797457,-0.34882338244639755,0.10053564880985555,0.0989120817516922,False,False
2020-07-08,217.7,0.9765732659623336,0.8888272085442144,1.0932475884244373,1.1157392455136448,20.299999999999983,25.19643374832046,5.099999999999966,24.202316699924523,0.9941170483959354,0.11117279145578562,0.11573924551364478,False,False
2020-07-09,216.1,0.983803794539565,0.8891567707435151,1.101341971309579,1.1156698699604917,21.900000000000006,24.99625889846226,3.5,23.9532218423264,1.0430370561358586,0.11084322925648493,0.11566986996049167,False,False
2020-07-10,213.65,0.9950854200795692,0.8880955215822175,1.1139714486309384,1.113032421732616,24.349999999999994,24.14937690317339,1.0500000000000398,23.90839181395924,0.24098508921414918,0.1119044784177825,0.11303242173261596,False,False
2020-07-13,224.15,0.9484720053535578,0.9168107677573916,1.0617889805933527,1.119826892519819,13.849999999999994,26.859197958317424,11.550000000000011,18.64686640718068,8.212331551136742,0.08318923224260844,0.11982689251981893,False,False
2020-07-14,226.7,0.9378032642258493,0.892389323978946,1.0498456109395675,1.0963825560593718,11.299999999999955,21.849925458659584,14.099999999999966,24.395340253972932,-2.5454147953133486,0.10761067602105401,0.09638255605937185,False,False
2020-07-15,238.0,0.8932773109243697,0.8835753735734835,1.0,1.147355706118318,0.0,35.07065805615969,25.400000000000006,27.709061089510925,7.3615969666487615,0.11642462642651652,0.14735570611831794,False,False
2020-07-16,230.15,0.9237453834455788,0.8889914744672629,1.0136867260482294,1.0989677365207793,3.1500000000000057,22.777424560257344,17.55000000000004,25.548612151359436,-2.771187591102091,0.1110085255327371,0.09896773652077928,False,False
2020-07-17,227.3,0.9353277606687196,0.8854544846555616,1.0263968323801145,1.1027991417086211,6.000000000000028,23.366244910369574,14.700000000000045,26.036195637790826,-2.669950727421252,0.11454551534443835,0.10279914170862114,False,False
2020-07-20,228.8,0.9291958041958042,0.8878604020447425,1.0203234265734265,1.0888605127692768,4.649999999999977,20.331285321610522,16.200000000000017,25.65754001216291,-5.326254690552389,0.11213959795525752,0.08886051276927676,False,False
2020-07-21,227.4,0.9349164467897976,0.9069574421255777,1.122471416007036,1.1101168094213998,27.849999999999966,25.040562462426323,14.80000000000004,21.157877660643635,3.8826848017826876,0.09304255787442228,0.11011680942139979,False,False
2020-07-22,221.35,0.9604698441382428,0.9072234478855319,1.1531511181386944,1.1417900399044227,33.900000000000006,31.38522533284396,8.749999999999972,20.536089810537504,10.849135522306455,0.09277655211446811,0.14179003990442274,False,False
2020-07-23,224.5,0.9469933184855234,0.8901297020354801,1.1369710467706011,1.1227830033577464,30.749999999999943,27.564784253814054,11.900000000000006,24.665881893034708,2.8989023607793456,0.10987029796451986,0.12278300335774639,False,False
2020-07-24,222.05,0.9574420175636116,0.8931698758637392,1.1495158748029723,1.1033741580937024,33.20000000000002,22.954231804706637,9.450000000000045,23.72162906445672,-0.7673972597500835,0.1068301241362608,0.10337415809370243,False,False
2020-07-27,217.35,0.978145847711065,0.9025855890776412,1.1743731308948702,1.0814225545727165,37.900000000000034,17.697192236379948,4.75,21.17302221397469,-3.475829977594742,0.09741441092235881,0.08142255457271652,False,False
2020-07-28,216.5,0.9819861431870668,0.8923550197189675,1.1789838337182448,1.1097077500423214,38.75,23.751727884162563,3.900000000000034,23.30513823084354,0.4465896533190232,0.10764498028103253,0.10970775004232136,False,False
2020-07-29,219.45,0.9687856003645476,0.8925673713401363,1.195260879471406,1.0934144373658576,42.85000000000002,20.499798279937465,6.850000000000023,23.57609035940709,-3.0762920794696242,0.1074326286598637,0.09341443736585764,False,False
2020-07-30,216.25,0.983121387283237,0.8884020739655252,1.2129479768786129,1.086576510535246,46.05000000000001,18.722170403246963,3.6500000000000057,24.133051504955176,-5.410881101708213,0.11159792603447483,0.08657651053524607,False,False
2020-07-31,212.6,1.0,0.9006498104318975,1.2337723424270932,1.1203753418620819,49.70000000000002,25.591797679878596,0.0,21.121850302178586,4.469947377700009,0.09935018956810249,0.12037534186208187,False,False
2020-08-03,220.55,0.9861709362956246,0.896717214781961,1.1892994785762865,1.1018732405600529,41.75,22.468143205519652,3.0500000000000114,22.77901827983851,-0.31087507431885797,0.10328278521803902,0.10187324056005287,False,False
2020-08-04,217.7,0.9990813045475424,0.8939767830320725,1.2048690858980249,1.0980253117597696,44.60000000000002,21.340110370101826,0.20000000000001705,23.081254333917826,-1.7411439638160005,0.10602321696792749,0.09802531175976958,False,False
2020-08-05,218.6,0.994967978042086,0.8922300220125796,1.1999085086916743,1.0731014783085577,43.70000000000002,15.979983158250718,1.0999999999999943,23.558517188050104,-7.5785340297993855,0.10776997798742038,0.07310147830855773,False,False
2020-08-06,217.5,1.0,0.8948920402290512,1.205977011494253,1.0806339262292046,44.80000000000001,17.537878954852005,0.0,22.860981250181368,-5.323102295329363,0.10510795977094878,0.08063392622920462,False,False
2020-08-07,229.0,0.98646288209607,0.8967601267342451,1.1454148471615722,1.1242951902657243,33.30000000000001,28.463598570850877,3.099999999999966,23.641930977857868,4.821667592993009,0.1032398732657549,0.12429519026572433,False,False
2020-08-10,226.55,0.9971308761862724,0.8871491353287334,1.157801809755021,1.0909742193089407,35.75,20.61020938444051,0.6499999999999773,25.566363391275445,-4.956154006834936,0.11285086467126659,0.09097421930894067,False,False
2020-08-11,231.8,0.962683347713546,0.9019092393858009,1.131578947368421,1.0783379686756545,30.5,18.158741139016712,8.650000000000034,22.737438310371346,-4.578697171354634,0.09809076061419908,0.07833796867565446,False,False
2020-08-12,227.9,0.979157525230364,0.8927056406210669,1.150943396226415,1.0996782905456266,34.400000000000006,22.716682415348316,4.750000000000028,24.45238450245884,-1.7357020871105249,0.10729435937893306,0.0996782905456266,False,False
2020-08-13,233.3,0.9564937848264038,0.8923784038283588,1.1243034719245606,1.089043708200389,29.0,20.77389712315076,10.150000000000006,25.1081183868439,-4.334221263693138,0.10762159617164124,0.08904370820038898,False,False
2020-08-14,228.1,0.97829899167032,0.8943317590170118,1.149934239368698,1.098567968893599,34.20000000000002,22.483353704629934,4.950000000000017,24.10292576821962,-1.6195720635896862,0.10566824098298822,0.09856796889359898,False,False
2020-08-17,225.9,0.9878264718902168,0.8987566869518065,1.1611332447985834,1.067816573502775,36.400000000000006,15.319763954276851,2.7500000000000284,22.870864417586887,-7.551100463310036,0.10124331304819345,0.06781657350277492,False,False
2020-08-18,229.25,0.9733914940021812,0.894813571268877,1.1784078516902945,1.079657274174315,40.900000000000034,18.26143010446168,6.099999999999966,24.11398878660995,-5.8525586821482705,0.10518642873112305,0.0796572741743149,False,False
2020-08-19,233.45,0.9558792032555152,0.8972070054115574,1.157207110730349,1.1098052136806158,36.69999999999999,25.634027133739778,10.299999999999983,23.997024586671927,1.6370025470678513,0.1027929945884426,0.1098052136806158,False,False
2020-08-20,255.25,0.8742409402546524,0.910913131251559,1.0583741429970617,1.124012397317673,14.899999999999977,31.654164415336027,32.099999999999994,22.739423248039543,8.914741167296484,0.08908686874844096,0.124012397317673,False,False
2020-08-21,248.0,0.8997983870967742,0.8795809537353685,1.089314516129032,1.073361109247809,22.149999999999977,18.193555093456666,24.849999999999994,29.863923473628603,-11.670368380171936,0.12041904626463151,0.07336110924780903,False,False
2020-08-24,242.9,0.918690819267188,0.8967718076088144,1.1121860848085632,1.0715111305457135,27.24999999999997,17.37005360955382,19.75000000000003,25.074127931818992,-7.704074322265171,0.10322819239118564,0.07151113054571345,False,False
2020-08-25,239.25,0.9327063740856844,0.8952604934533425,1.129153605015674,1.072463231572652,30.900000000000034,17.33682815375704,16.100000000000023,25.058926941287808,-7.7220987875307685,0.10473950654665753,0.07246323157265211,False,False
2020-08-26,236.7,0.9427545416138572,0.898090427944,1.141318124207858,1.070679018688186,33.44999999999999,16.729723723493635,13.550000000000011,24.121995705655195,-7.39227198216156,0.10190957205600004,0.07067901868818605,False,False
2020-08-27,245.15,0.9102590250866816,0.8911821726562548,1.1019783805833163,1.0980365462332482,24.99999999999997,24.033659309080775,22.00000000000003,26.676690373319133,-2.6430310642383574,0.10881782734374523,0.0980365462332482,False,False
2020-08-28,262.3,0.8507434235608082,0.8947163361114788,1.0299275638581775,1.1103265734684584,7.849999999999966,28.938660220776626,39.150000000000006,27.615905037959095,1.3227551828175308,0.10528366388852117,0.11032657346845842,False,False
2020-08-31,245.2,0.910073409461664,0.8862971571041875,1.1017536704730833,1.0591911402288585,24.94999999999999,14.513667584116092,22.049999999999983,27.879937078053217,-13.366269493937125,0.11370284289581245,0.05919114022885852,False,False
2020-09-01,244.05,0.914361811104282,0.8954505838751722,1.1069452980946526,1.0707247019448913,26.099999999999966,17.260363509650745,20.899999999999977,25.515285005264218,-8.254921495613473,0.10454941612482782,0.07072470194489133,False,False
2020-09-02,246.1,0.906745225518082,0.8882742469543308,1.0977245022348638,1.0895147602976174,24.049999999999983,22.029582509243625,22.950000000000017,27.49570782453921,-5.466125315295585,0.11172575304566923,0.0895147602976174,False,False
2020-09-03,243.85,0.9151117490260406,0.88469880929255,1.1078531884355136,1.0665992811614684,26.299999999999983,16.240234711224076,20.69999999999999,28.116195354011694,-11.875960642787618,0.11530119070745004,0.0665992811614684,False,False
2020-09-04,240.95,0.9261257522307532,0.8709793424106239,1.1211869682506743,1.0817468315291616,29.19999999999999,19.69689905695151,17.80000000000001,31.08752744616018,-11.390628389208672,0.1290206575893761,0.08174683152916162,False,False
2020-09-09,227.1,0.9826067811536768,0.8635851480594683,1.189564068692206,1.0571729709833813,43.04999999999998,12.983981710325878,3.9499999999999886,30.979812875694762,-17.995831165368884,0.1364148519405317,0.057172970983381255,False,False
2020-09-10,223.15,1.0,0.8714569665084918,1.2106206587497197,1.0676258836044563,46.99999999999997,15.09071592633444,0.0,28.684377923630052,-13.593661997295612,0.1285430334915082,0.06762588360445632,False,False
2020-09-11,227.0,0.98568281938326,0.8621433869831892,1.1900881057268722,1.0715990441931718,43.14999999999998,16.252983031849993,3.25,31.29345115481607,-15.040468122966075,0.13785661301681085,0.07159904419317176,False,False
2020-09-14,229.45,0.9751579864894312,0.881481086390552,1.1773806929614294,1.0828896120702731,40.69999999999999,19.019021489524164,5.700000000000017,27.19416472768785,-8.175143238163685,0.118518913609448,0.08288961207027312,False,False
2020-09-15,233.15,0.9596826077632424,0.867498040265236,1.158696118378726,1.0791636053360534,36.99999999999997,18.45699458410084,9.400000000000034,30.892831912160233,-12.435837328059392,0.13250195973476397,0.07916360533605338,False,False
2020-09-16,256.0,0.8740234375,0.881162458785293,1.0552734375,1.1442683898736656,14.149999999999977,36.9327078076584,32.25,30.422410550964997,6.510297256693406,0.11883754121470702,0.14426838987366564,False,False
2020-09-17,270.15,0.8282435683879327,0.8523582919001191,1.0,1.09303433687351,0.0,25.133226106378743,46.39999999999998,39.8854074431828,-14.752181336804057,0.14764170809988086,0.09303433687351004,False,False
2020-09-18,258.55,0.8654032102107909,0.8771518231278421,1.0,1.108964384854231,0.0,28.172741704061423,34.80000000000001,31.762396130296423,-3.5896544262350005,0.12284817687215788,0.10896438485423099,False,False
2020-09-21,245.65,0.9108487685731732,0.8762780739467502,1.0,1.070716316819249,0.0,17.371463226648558,21.900000000000006,30.39229113498081,-13.020827908332251,0.12372192605324983,0.07071631681924906,False,False
2020-09-22,228.55,0.9789980310654124,0.8811668618181184,1.0385036097134106,1.0510228655892715,8.799999999999983,11.66127593042799,4.800000000000011,27.15931373146904,-15.49803780104105,0.11883313818188157,0.05102286558927149,False,False
2020-09-23,235.65,0.9495013791640144,0.8741092058644558,1.007214088690855,1.0761799140069548,1.6999999999999602,17.951796735738895,11.900000000000006,29.66616563804098,-11.714368902302084,0.12589079413554416,0.07617991400695479,False,False
2020-09-24,223.75,1.0,0.8853938791094365,1.0607821229050278,1.0636415379697777,13.599999999999966,14.239794120737741,0.0,25.643119549263588,-11.403325428525847,0.11460612089056355,0.06364153796977767,False,False
2020-09-25,228.5,0.9849015317286652,0.8773746924240013,1.0387308533916848,1.0720958340384787,8.849999999999966,16.4738980777924,3.4499999999999886,28.019882781115683,-11.545984703323285,0.12262530757599865,0.07209583403847875,False,False
2020-09-28,230.1,0.9724033029117776,0.8715534089435064,1.0315080399826162,1.071773328419847,7.25,16.515042869406784,6.349999999999994,29.555560602099177,-13.040517732692393,0.1284465910564936,0.07177332841984696,False,False
2020-09-29,233.6,0.9497003424657534,0.8764080254786814,1.0160530821917808,1.0828771033738738,3.75,19.360091348136905,11.75,28.871085248180037,-9.510993900043132,0.12359197452131865,0.08287710337387377,False,False
2020-09-30,232.55,0.9539883895936356,0.8813891077415542,1.020640722425285,1.0796836468852369,4.800000000000011,18.530432083161827,10.700000000000045,27.582962994701575,-9.052530911539748,0.11861089225844579,0.07968364688523688,False,False
2020-10-01,237.35,0.9346955972192964,0.9321166251364204,1.0,1.081117879039396,0.0,19.253328590000677,15.5,16.112119023870633,3.141209566130044,0.06788337486357965,0.08111787903939605,False,False
2020-10-05,237.05,0.933769246994305,0.9246914000629006,1.0,1.0717623586639902,0.0,17.011267121298857,15.700000000000017,17.851903615089412,-0.840636493790555,0.07530859993709937,0.07176235866399017,False,False
2020-10-06,236.1,0.9315967810249894,0.9341846710903601,1.0,1.068963443052269,0.0,16.282268904640716,16.150000000000006,15.538999155565989,0.7432697490747273,0.06581532890963993,0.06896344305226898,False,False
2020-10-07,231.75,0.9490830636461705,0.9361217221850374,1.0036677454153182,1.0697513367281304,0.8499999999999943,16.164872286744213,11.799999999999983,14.80379088361758,1.361081403126633,0.06387827781496258,0.06975133672813039,False,False
2020-10-08,232.6,0.9456147893379192,0.9229374581175666,1.0,1.06163935726004,0.0,14.337314498685316,12.650000000000006,17.92474724185402,-3.587432743168705,0.07706254188243344,0.061639357260039995,False,False
2020-10-09,230.75,0.9531960996749728,0.9359363774174445,1.0,1.0667359647170107,0.0,15.39932385845023,10.80000000000004,14.782680910924682,0.6166429475255484,0.06406362258255549,0.06673596471701071,False,False
2020-10-14,225.05,0.9773383692512774,0.9315804502328274,1.1239724505665407,1.0688339253301145,27.899999999999977,15.491074895542255,5.100000000000023,15.397819675102198,0.09325522044005652,0.06841954976717257,0.06883392533011445,False,False
2020-10-15,225.05,0.9773383692512774,0.9156918562354303,1.1239724505665407,1.0529087879720656,27.899999999999977,11.90712273311334,5.100000000000023,18.973547754216412,-7.066425021103072,0.08430814376456974,0.05290878797206555,False,False
2020-10-16,228.85,0.9611098973126502,0.93667665793984,1.105309154467992,1.0689730251840492,24.099999999999966,15.784476813369679,8.900000000000006,14.491546830467627,1.2929299829020522,0.06332334206015999,0.06897302518404924,False,False
2020-10-19,229.3,0.9592237243785432,0.9370281113718782,1.1395551679023117,1.079810677147944,32.00000000000006,18.30058827002358,9.350000000000051,14.439454062428325,3.8611342075952564,0.06297188862812175,0.0798106771479441,False,False
2020-10-20,226.1,0.9727996461742592,0.9390808235913645,1.155683325961964,1.0936079993624095,35.200000000000074,21.16476865584079,6.150000000000006,13.7738257859925,7.390942869848288,0.060919176408635534,0.09360799936240949,False,False
2020-10-21,225.4,0.9758207630878436,0.9245376411942287,1.1592724046140197,1.0538088349089294,35.90000000000006,12.128511388472674,5.4500000000000455,17.009215674820865,-4.880704286348191,0.07546235880577135,0.053808834908929404,False,False
2020-10-22,225.45,0.9756043468618318,0.9412160274575158,1.1590153027278778,1.0677796018273145,35.85000000000002,15.280911231968048,5.5,13.252846609703084,2.0280646222649636,0.05878397254248424,0.06777960182731446,False,False
2020-10-23,226.75,0.970011025358324,0.9324019183134451,1.1523704520396914,1.0674207353136609,34.55000000000001,15.287651732372609,6.80000000000004,15.327865022426323,-0.04021329005371399,0.0675980816865549,0.06742073531366088,False,False
2020-10-26,223.75,0.9830167597765362,0.9396409621798653,1.1678212290502794,1.0711569902769302,37.55000000000001,15.921376574463153,3.8000000000000114,13.505334712255149,2.4160418622080044,0.06035903782013474,0.07115699027693023,False,False
2020-10-27,224.35,0.980387786940049,0.9243318112945269,1.2585246266993535,1.0572046496902672,57.99999999999997,12.83386315801144,4.400000000000006,16.976158136072883,-4.142294978061443,0.0756681887054731,0.05720464969026717,False,False
2020-10-28,226.7,0.97022496691663,0.9354322585981012,1.2454786060873402,1.0654099227090075,55.650000000000034,14.828429478131994,6.75,14.637506975810453,0.1909225023215413,0.0645677414018988,0.06540992270900747,False,False
2020-10-29,221.85,0.9914356547216588,0.9427836729890852,1.2727067838629706,1.0708890822624773,60.50000000000003,15.72674289993057,1.8999999999999773,12.693442147371456,3.0333007525591142,0.057216327010914836,0.07088908226247725,False,False
2020-10-30,222.55,0.988317232082678,0.9314056268660406,1.268703662098405,1.0872906853222424,59.80000000000001,19.426542018465028,2.6000000000000227,15.265677740962673,4.160864277502355,0.06859437313395944,0.08729068532224238,False,False
2020-11-02,222.0,0.9907657657657656,0.9388756267756039,1.271846846846847,1.1049127930636728,60.35000000000002,23.29064006013536,2.05000000000004,13.569610855815938,9.721029204319422,0.06112437322439612,0.10491279306367285,False,False
2020-11-03,222.0,0.9907657657657656,0.9236272754346456,1.271846846846847,1.0637136674335859,60.35000000000002,14.144434170256062,2.05000000000004,16.954744853508686,-2.8103106832526237,0.07637272456535438,0.06371366743358586,False,False
2020-11-04,221.35,0.9936751750621188,0.9347742585712568,1.2755816580076802,1.065236255548919,61.00000000000003,14.440045165753219,1.4000000000000057,14.437717865252296,0.002327300500923002,0.06522574142874316,0.06523625554891899,False,False
2020-11-05,219.95,1.0,0.9256770098445988,1.2837008411002502,1.0643174878696682,62.400000000000034,14.146631456933505,0.0,16.347341684680487,-2.200710227746981,0.07432299015540123,0.06431748786966818,False,False
2020-11-06,222.65,1.0,0.9324961493288115,1.2681338423534696,1.0769514215136406,59.70000000000002,17.133234000012095,0.0,15.029732351940112,2.1035016480719833,0.06750385067118847,0.07695142151364065,False,False
2020-11-09,224.3,1.0,0.9148897176915154,1.2795363352652696,1.0642754161731696,62.69999999999999,14.416975847641936,0.0,19.0902363217931,-4.673260474151164,0.08511028230848461,0.06427541617316956,False,False
2020-11-10,236.25,1.0,0.9270109411859296,1.2148148148148148,1.1042258105809697,50.75,24.62334774975409,0.0,17.24366514482412,7.379682604929968,0.07298905881407036,0.10422581058096969,False,False
2020-11-13,249.6,0.9821714743589745,0.9143750168674585,1.1498397435897436,1.0923248545609954,37.400000000000006,23.044283698424437,4.449999999999989,21.371995789882362,1.6722879085420743,0.08562498313254152,0.09232485456099537,False,False
2020-11-18,255.5,0.9594911937377693,0.9120741234142421,1.1385518590998045,1.0672523794854605,35.400000000000034,17.18298295853515,10.349999999999966,22.465061467661144,-5.282078509125995,0.0879258765857579,0.06725237948546048,False,False
2020-11-19,250.15,0.9800119928043174,0.9159716426488227,1.162902258644813,1.07294497183186,40.74999999999997,18.247184703739805,5.0,21.019693591397015,-2.77250888765721,0.08402835735117731,0.07294497183186,False,False
2020-11-20,248.25,0.9875125881168176,0.917593420265656,1.171802618328298,1.0576249439527206,42.64999999999998,14.305392336262855,3.1000000000000227,20.457433419050886,-6.152041082788031,0.08240657973434395,0.05762494395272055,False,False
2020-11-23,245.15,1.0,0.9098544235402954,1.2363858861921273,1.0706372721449313,57.95000000000002,17.316727266329934,0.0,22.099188069096584,-4.78246080276665,0.09014557645970456,0.07063727214493132,False,False
2020-11-24,248.15,1.0,0.9131710697188764,1.385653838404191,1.0725213001945932,95.70000000000002,17.996160643288334,0.0,21.546599049260834,-3.5504384059725,0.0868289302811236,0.07252130019459324,False,False
2020-11-25,248.2,1.0,0.9191038907038993,1.3853746978243353,1.07977141373542,95.65000000000003,19.799264889131223,0.0,20.078414327292194,-0.27914943816097093,0.0808961092961007,0.07977141373541996,False,False
2020-12-01,267.15,0.9904548006737788,0.9246607217502434,1.2871046228710463,1.0915795493349492,76.70000000000005,24.46547660483168,2.5500000000000114,20.126888184422484,4.338588420409195,0.07533927824975661,0.09157954933494916,False,False
2020-12-02,269.05,0.9834603233599704,0.9213139692678213,1.2780152388031965,1.0810678500992563,74.80000000000001,21.811305069204934,4.449999999999989,21.17047656849269,0.6408285007122458,0.07868603073217872,0.08106785009925632,False,False
2020-12-03,272.3,0.9717223650385604,0.9248616813655608,1.2627616599338964,1.0913340149038393,71.55000000000001,24.870252258315418,7.699999999999989,20.46016416415779,4.410088094157629,0.0751383186344392,0.0913340149038393,False,False
2020-12-04,264.6,1.0,0.9351164198550902,1.2995086923658352,1.0802006167128488,79.25,21.221083182219786,0.0,17.168195306343137,4.05288787587665,0.0648835801449098,0.08020061671284884,False,False
2020-12-07,273.05,0.978026002563633,0.9225639027957281,1.2592931697491303,1.088280148922881,70.80000000000001,24.104894663392656,6.0,21.14392634162644,2.9609683217662166,0.07743609720427191,0.08828014892288105,False,False
2020-12-08,275.45,0.9695044472681068,0.9208866658037187,1.2483209293882738,1.0840772035126618,68.40000000000003,23.159065707562718,8.399999999999977,21.791767904365685,1.367297803197033,0.0791133341962813,0.08407720351266179,False,False
2020-12-09,287.0,0.9304878048780488,0.9276452332523843,1.1980836236933798,1.111099303124836,56.85000000000002,31.885499996827946,19.94999999999999,20.765818056565706,11.11968194026224,0.07235476674761565,0.11109930312483596,False,False
2020-12-10,280.8,0.9510327635327636,0.920832854064567,1.224537037037037,1.075102166996385,63.05000000000001,21.08868849258488,13.75,22.23013457866955,-1.1414460860846702,0.07916714593543295,0.07510216699638494,False,False
2020-12-11,275.3,0.9700326916091536,0.9275355946456301,1.2490010897203052,1.0750476768322847,68.55000000000001,20.660625431927997,8.25,19.949450794058038,0.7111746378699593,0.07246440535436993,0.07504767683228475,False,False
2020-12-14,281.9,0.9473217452997518,0.9309483192452588,1.219758779709117,1.0895342089173066,61.950000000000045,25.239693493788707,14.849999999999966,19.46566880476155,5.774024689027158,0.06905168075474122,0.08953420891730657,False,False
2020-12-15,277.0,0.9640794223826716,0.9273803609550396,1.2413357400722025,1.093816257749554,66.85000000000008,25.98710339662648,9.949999999999932,20.115640015454005,5.871463381172475,0.07261963904496038,0.09381625774955404,False,False
2020-12-16,280.25,0.952899197145406,0.9322223415661598,1.2269402319357716,1.0844633716689742,63.60000000000002,23.670859910230035,13.199999999999932,18.994688776083706,4.67617113414633,0.0677776584338402,0.08446337166897422,False,False
2020-12-17,290.9,0.918013062908216,0.9347972750736177,1.1820213131660366,1.1031708230382529,52.950000000000045,30.01239242182777,23.849999999999966,18.967472681084644,11.044919740743126,0.06520272492638235,0.10317082303825287,False,False
2020-12-18,284.55,0.93849938499385,0.9214883386535422,1.2083992268494117,1.0915735912577262,59.300000000000125,26.057265392386,17.5,22.34049323613459,3.716772156251409,0.07851166134645782,0.09157359125772624,False,False
2020-12-21,267.05,1.0,0.9337268780203778,1.287586594270736,1.0487567803409013,76.80000000000007,13.0204981900377,0.0,17.6982372246581,-4.6777390346204015,0.06627312197962221,0.04875678034090125,False,False
2020-12-22,288.2,1.0,0.9473073533440299,1.1930950728660654,1.1263462099227064,55.650000000000034,36.41297769972397,0.0,15.186020766250579,21.22695693347339,0.052692646655970066,0.1263462099227064,False,False
2020-12-23,303.1,1.0,0.9310535421393801,1.1344440778620917,1.098908936618374,40.75,29.97929868902918,0.0,20.897671377553877,9.081627311475302,0.06894645786061993,0.09890893661837397,False,False
2020-12-24,343.85,0.8871600988803257,0.9144885116566577,1.0,1.0944662827964147,0.0,32.482231339547184,38.80000000000001,29.40312526685824,3.079106072688944,0.08551148834334232,0.09446628279641467,False,False
2020-12-28,331.25,0.9077735849056604,0.9474065302244669,1.019622641509434,1.0866363719916707,6.5,28.698298222240908,30.55000000000001,17.421586863145365,11.276711359095543,0.05259346977553314,0.08663637199167074,False,False
2020-12-29,328.5,0.915372907153729,0.9505842515189675,1.0281582952815829,1.0852721828952934,9.25,28.011912081103844,27.80000000000001,16.23307337601915,11.778838705084695,0.04941574848103247,0.08527218289529337,False,False
2020-12-30,330.65,0.909420837743838,0.9414899740314864,1.021472856494783,1.084157193840682,7.100000000000023,27.826576143421505,29.94999999999999,19.346340086489022,8.480236056932483,0.058510025968513624,0.08415719384068199,False,False
2020-12-31,325.95,0.9225341310016874,0.9473711988905632,1.0362018714526768,1.0662061558878626,11.800000000000011,21.579896511648826,25.25,17.154357721620897,4.425538790027929,0.052628801109436796,0.0662061558878626,False,False
2021-01-05,330.15,0.9042859306375892,0.8953404846149667,1.023019839466909,1.0759680936508194,7.600000000000023,25.080866118817994,31.59999999999991,34.55333900436875,-9.472472885550758,0.10465951538503326,0.07596809365081936,False,False
2021-01-06,324.2,0.9208821714990748,0.8908827779552497,1.0417951881554597,1.0624996626403584,13.550000000000011,20.262390628004198,25.64999999999992,35.375803386908046,-15.113412758903848,0.10911722204475027,0.062499662640358444,False,False
2021-01-07,325.95,0.9159380273048014,0.8877454860627275,1.0362018714526768,1.0698744812083276,11.800000000000011,22.775587149854402,27.399999999999977,36.58935881785396,-13.81377166799956,0.11225451393727248,0.06987448120832762,False,False
2021-01-08,337.75,0.883937823834197,0.9060328575248026,1.0,1.0973175544709148,0.0,32.86900402255151,39.19999999999999,31.737402370997927,1.1316016515535807,0.09396714247519744,0.09731755447091484,False,False
2021-01-11,324.9,0.9188981224992306,0.8900527134242852,1.00984918436442,1.0515179554524041,3.2000000000000455,16.738183726486113,26.349999999999966,35.72187340844977,-18.983689681963654,0.10994728657571484,0.05151795545240412,False,False
2021-01-12,328.1,0.909935995123438,0.8884898846459217,1.0,1.0612456450004333,0.0,20.094696124642155,29.549999999999955,36.586468847673075,-16.49177272303092,0.11151011535407829,0.06124564500043328,False,False
2021-01-13,322.55,0.9255929313284762,0.8956280027367618,1.0,1.0637424278409182,0.0,20.56012010008817,24.0,33.66518771725748,-13.105067617169311,0.1043719972632382,0.06374242784091821,False,False
2021-01-14,320.65,0.9310774988305006,0.8920507022420939,1.0,1.0624121237734396,0.0,20.01244748795341,22.099999999999966,34.61394232607256,-14.601494838119152,0.10794929775790607,0.06241212377343963,False,False
2021-01-15,313.9,0.951099076138898,0.89094191203011,1.01592863969417,1.055411817562585,4.999999999999943,17.393769532895476,15.349999999999909,34.23333381374846,-16.839564280852983,0.10905808796989003,0.055411817562585064,False,False
2021-01-20,318.9,0.936186892442772,0.8840953467663102,1.0,1.0717390233659996,0.0,22.87757455141724,20.350000000000023,36.96199391622366,-14.084419364806422,0.11590465323368981,0.07173902336599958,False,False
2021-01-21,311.05,0.9598135348014788,0.8931718294974608,1.0120559395595563,1.0702547061370673,3.75,21.852726343934762,12.5,33.22890243481481,-11.376176090880051,0.10682817050253923,0.0702547061370673,False,False
2021-01-22,308.2,0.968689162881246,0.8956260767887358,1.0214146658014278,1.0560826738818367,6.60000000000008,17.284680090382096,9.649999999999977,32.16804313371159,-14.883363043329496,0.10437392321126415,0.05608267388183674,False,False
2021-01-25,300.7,0.9928500166278684,0.894127084056905,1.0570335882939808,1.0540430078387268,17.150000000000034,16.250732457105187,2.1499999999999773,31.835985824088652,-15.585253366983466,0.105872915943095,0.05404300783872684,False,False
2021-01-27,304.8,0.979494750656168,0.8870337029648963,1.060531496062992,1.0589283307188047,18.449999999999932,17.96135520309167,6.25,34.43212733629963,-16.47077213320796,0.11296629703510375,0.058928330718804656,False,False
2021-01-28,301.05,0.9916957316060456,0.8912929024213623,1.0737419033383158,1.054586835243613,22.19999999999999,16.433366750089704,2.499999999999943,32.72627172604888,-16.292904975959175,0.10870709757863772,0.05458683524361296,False,False
2021-01-29,300.85,0.9923549941831478,0.9011601623685821,1.0744557088249955,1.0595794123018278,22.39999999999992,17.92446619100491,2.3000000000000114,29.735965151412074,-11.811498960407164,0.0988398376314179,0.05957941230182784,False,False
2021-02-01,301.85,0.989067417591519,0.8943338667298167,1.07818452873944,1.0578116734371232,23.599999999999966,17.450453626995625,3.3000000000000114,31.895322327604845,-14.44486870060922,0.10566613327018326,0.057811673437123234,False,False
2021-02-02,298.55,1.0,0.8963295972904521,1.0901021604421368,1.0541046670594982,26.89999999999992,16.1529483506132,0.0,30.950798728935524,-14.797850378322323,0.10367040270954786,0.054104667059498235,False,False
2021-02-03,303.95,0.9868399407797336,0.8927050088693346,1.1115315018917586,1.056762714269586,33.900000000000034,17.25302700224063,4.0,32.61231255416578,-15.359285551925154,0.10729499113066543,0.0567627142695859,False,False
2021-02-04,302.3,0.9922262652993714,0.915094105003977,1.1175984121733378,1.0758787768533953,35.55000000000001,22.938154242781366,2.3500000000000227,25.667052057297724,-2.7288978145163583,0.08490589499602297,0.07587877685339528,False,False
2021-02-05,299.95,1.0,0.8943801608172253,1.1263543923987331,1.0487075617299677,37.89999999999998,14.609833140903788,0.0,31.680670762873262,-17.070837621969474,0.10561983918277473,0.04870756172996771,False,False
2021-02-08,312.55,0.9644856822908334,0.8814211752716236,1.4338505839065747,1.0720985040074,135.5999999999999,22.534387427512854,11.100000000000023,37.061811668854034,-14.52742424134118,0.11857882472837644,0.07209850400740003,False,False
2021-02-09,305.7,0.9860974811907098,0.8817392946989313,1.465979718678443,1.0561578817963624,142.45,17.167464465147987,4.25,36.15229761053672,-18.984833145388734,0.11826070530106869,0.056157881796362386,False,False
2021-02-10,301.45,1.0,0.8905715714292535,1.4866478686349311,1.0490797544783148,146.7,14.795091987487979,0.0,32.98719979265155,-18.192107805163573,0.10942842857074653,0.04907975447831481,False,False
2021-02-11,302.85,0.998183919432062,0.8829613535320663,1.4797754664025091,1.0586830589321798,145.2999999999999,17.772164397610652,0.5500000000000114,35.4451540828137,-17.67298968520305,0.11703864646793372,0.058683058932179843,False,False
2021-02-12,304.4,0.9931011826544022,0.8921288851574928,1.4722404730617609,1.0603759543586593,143.75,18.37844050677586,2.099999999999966,32.83596735805918,-14.457526851283319,0.10787111484250722,0.06037595435865928,False,False
2021-02-17,302.95,1.0,0.9053175003900757,1.4792870110579304,1.058443321922103,145.2,17.70540437630109,0.0,28.684063256826562,-10.978658880525472,0.09468249960992425,0.058443321922103,False,False
2021-02-18,310.4,0.9801868556701032,0.8823193662218193,1.4437822164948453,1.0636167419833846,137.74999999999994,19.746636711642566,6.149999999999977,36.5280687247473,-16.781432013104734,0.11768063377818072,0.06361674198338463,False,False
2021-02-19,314.8,0.9664866581956798,0.8951530248268464,1.4236022871664549,1.0686567493265287,133.35000000000002,21.613144687991223,10.550000000000011,33.00582778450877,-11.392683096517544,0.10484697517315356,0.06865674932652865,False,False
2021-02-22,304.25,1.0,0.8855525997842315,1.4729663105998356,1.045354883910057,143.89999999999998,13.799223429634878,0.0,34.82062151564759,-21.02139808601271,0.11444740021576849,0.04535488391005704,False,False
2021-02-23,306.2,1.0,0.8799711158422286,1.4635858915741344,1.0516582585975227,141.94999999999993,15.817758782561441,0.0,36.752844329109564,-20.935085546548123,0.12002888415777135,0.05165825859752271,False,False
2021-02-24,317.85,1.0,0.8840550732228944,1.4099417964448635,1.0801356864442224,130.2999999999999,25.471127936296114,0.0,36.85309497610302,-11.38196703980691,0.11594492677710555,0.08013568644422242,False,False
2021-02-25,318.35,1.0,0.8686399195122143,1.4077273441181088,1.049179357117481,129.79999999999995,15.656248338350053,0.0,41.81848162328657,-26.16223328493652,0.1313600804877857,0.049179357117481004,False,False
2021-02-26,323.25,0.9989172467130704,0.8704971293143763,1.3863882443928848,1.0800433085829055,124.89999999999998,25.8739994994242,0.35000000000002274,41.86180294912788,-15.987803449703677,0.12950287068562372,0.08004330858290554,False,False
2021-03-01,325.45,0.9921646950376402,0.8661437569761182,1.3770164387770778,1.0577210338455953,122.69999999999999,18.785310465049008,2.5500000000000114,43.563514292122306,-24.7782038270733,0.13385624302388177,0.05772103384559535,False,False
2021-03-02,323.25,0.9989172467130704,0.8689764365348742,1.3863882443928848,1.0686268768491032,124.89999999999998,22.183637941472625,0.35000000000002274,42.35336689010188,-20.169728948629256,0.13102356346512578,0.06862687684910318,False,False
2021-03-03,323.45,0.998299582624826,0.871010373906794,1.3855309939712477,1.053105185604337,124.70000000000005,17.176872283722787,0.5500000000000114,41.72169455984749,-24.544822276124705,0.12898962609320597,0.05310518560433697,False,False
2021-03-04,322.9,1.0,0.8767608441510081,1.3878909879219572,1.0579503870055107,125.24999999999994,18.712179964079382,0.0,39.79392342363951,-21.08174345956013,0.12323915584899192,0.057950387005510695,False,False
2021-03-05,337.85,1.0,0.8906556679402724,1.326476246855113,1.0751472242126487,110.29999999999995,25.388489700243383,0.0,36.94198258637897,-11.553492886135587,0.1093443320597276,0.07514722421264874,False,False
2021-03-08,361.4,0.9815993359158828,0.8627476145073272,1.2400387382401772,1.0962745383993213,86.75000000000006,34.7936181775147,6.649999999999977,49.60301211705195,-14.809393939537244,0.13725238549267282,0.09627453839932132,False,False
2021-03-09,373.8,0.9490369181380416,0.8731079823077738,1.1989031567683253,1.0636221738937133,74.34999999999997,23.78196860147,19.050000000000068,47.432236213354145,-23.650267611884146,0.12689201769222624,0.06362217389371327,False,False
2021-03-10,448.15,0.7915876380676113,0.9177538515298421,1.0,1.152855424256073,0.0,68.5021583803591,93.39999999999998,36.85861143690124,31.643546943457864,0.08224614847015788,0.1528554242560729,False,False
2021-03-12,405.0,0.8759259259259259,0.8831263854420806,1.0450617283950616,1.0512548591606241,18.249999999999943,20.758217960052775,50.25,47.33381389595735,-26.575595935904573,0.11687361455791945,0.05125485916062411,False,False
2021-03-15,423.25,0.7950383933845245,0.8988609960092495,1.0,1.099057285481969,0.0,41.92599608024335,86.75,42.80708343908515,-0.8810873588417962,0.10113900399075049,0.0990572854819689,False,False
2021-03-16,409.15,0.8052059147012098,0.8801940474800479,1.0,1.0413186719484266,0.0,16.905534627698785,79.69999999999999,49.0186054735384,-32.113070845839616,0.11980595251995207,0.041318671948426644,False,False
2021-03-17,398.6,0.8265178123432011,0.8954723402773456,1.0,1.061774847101768,0.0,24.62345405476475,69.15000000000003,41.66472516545008,-17.04127111068533,0.10452765972265443,0.06177484710176806,False,False
2021-03-18,384.0,0.8579427083333333,0.8972862925062876,1.024609375,1.0518245636274879,9.450000000000045,19.900632432955376,54.55000000000001,39.442063677585566,-19.54143124463019,0.10271370749371245,0.051824563627487885,False,False
2021-03-19,373.25,0.8826523777628935,0.8983052663369109,1.0541192230408574,1.0490755804800993,20.19999999999999,18.317460414197058,43.80000000000001,37.957559339748,-19.640098925550944,0.10169473366308912,0.0490755804800993,False,False
2021-03-22,393.45,0.7992120981064939,0.8813106840336045,1.0,1.0793246499245093,0.0,31.210283512798185,79.0,46.69831136697832,-15.488027854180132,0.11868931596639554,0.07932464992450927,False,False
2021-03-23,386.1,0.8144263144263143,0.8824243425057193,1.0176120176120176,1.0543725745022308,6.800000000000011,20.993251015311273,71.65000000000003,45.3959613585418,-24.402710343230524,0.11757565749428067,0.054372574502230764,False,False
2021-03-24,372.2,0.8448414830736163,0.8880127111624107,1.055615260612574,1.034692615552673,20.700000000000045,12.912591508704907,57.75,41.68166890535076,-28.769077396645855,0.11198728883758935,0.034692615552673,False,False
2021-03-25,354.75,0.8863988724453841,0.9046776817298506,1.1075405214940095,1.0344961731264364,38.149999999999864,12.237517416603282,40.30000000000001,33.8155924063355,-21.578074989732215,0.09532231827014936,0.03449617312643638,False,False
2021-03-26,356.7,0.8815531258760864,0.8848603962821228,1.1014858424446312,1.0459740511290627,36.19999999999993,16.39894403773667,42.25,41.07029664616681,-24.67135260843014,0.11513960371787724,0.04597405112906272,False,False
2021-03-30,392.9,0.8003308729956732,0.8826987177344741,1.0,1.0930512481677246,0.0,36.559835405098966,78.44999999999999,46.08767380212515,-9.527838397026187,0.11730128226552594,0.09305124816772459,False,False
2021-03-31,384.05,0.8187735971878661,0.876651125466433,1.0188777502929307,1.0350725893761747,7.250000000000057,13.469627949919925,69.60000000000002,47.37213526461642,-33.90250731469649,0.12334887453356702,0.035072589376174745,False,False
2021-04-01,391.3,0.8036033733708152,0.8821634220707056,1.0,1.0592460594065032,0.0,23.182983045764672,76.85000000000002,46.10945294373289,-22.926469897968218,0.11783657792929436,0.05924605940650318,False,False
2021-04-05,375.45,0.8375282993740845,0.895980592295114,1.011319749633773,1.040595618159286,4.250000000000057,15.241624837903885,61.0,39.054086622799446,-23.81246178489556,0.10401940770488605,0.04059561815928592,False,False
2021-04-06,376.0,0.8363031914893617,0.8838269679495238,1.0098404255319149,1.0421891460363013,3.6999999999999886,15.863118909649302,61.55000000000001,43.681060050979056,-27.817941141329754,0.11617303205047624,0.042189146036301306,False,False
2021-04-08,373.9,0.8410002674511902,0.8891453996692359,1.0,1.0577512253327719,0.0,21.593183151923427,59.44999999999999,41.44853506367269,-19.855351911749267,0.11085460033076411,0.05775122533277188,False,False
2021-04-09,371.75,0.8458641560188298,0.8905398855798038,1.0,1.0405322433658457,0.0,15.067861471253138,57.30000000000001,40.69179753570796,-25.623936064454824,0.10946011442019621,0.04053224336584571,False,False
2021-04-12,336.5,0.9344725111441308,0.8714067615623966,1.0092124814264487,0.9953035812710098,3.099999999999966,1.5803449023051712,22.05000000000001,43.27162473425352,-41.69127983194835,0.1285932384376034,-0.0046964187289901815,False,True
2021-04-13,339.6,0.9259422850412248,0.887542124293078,1.0,1.0376795673101022,0.0,12.795981058510733,25.15000000000009,38.190694590070734,-25.39471353156,0.112457875706922,0.03767956731010225,False,False
2021-04-15,329.45,0.9544695704962816,0.8963034366248582,1.01456973744119,1.0382845957615388,4.800000000000011,12.612860073638956,15.000000000000057,34.16283280394043,-21.549972730301477,0.10369656337514177,0.03828459576153875,False,False
2021-04-16,330.65,0.9510055950400726,0.8891161723021436,1.010887645546651,1.0431311853060548,3.6000000000001364,14.261326421446995,16.19999999999999,36.663737628296246,-22.40241120684925,0.11088382769785643,0.04313118530605475,False,False
2021-04-19,316.85,0.9924254379043712,0.8935458367475169,1.054915575193309,1.0219579782165018,17.399999999999977,6.957385397898577,2.3999999999999773,33.73000162654927,-26.77261622865069,0.10645416325248314,0.021957978216501806,False,False
2021-04-20,314.45,1.0,0.8928983540043472,1.062967085387184,1.038730606409712,19.80000000000001,12.178839185533889,0.0,33.67811258333302,-21.49927339779913,0.10710164599565275,0.03873060640971193,False,False
