date,close,actual lb,predicted lb,actual ub,predicted ub,actual ub close diff,predicted ub close diff,actual lb close diff,predicted lb close diff,predicted lb ub diff,predicted lb %,predicted ub %,invest,exit
2017-06-07,188.0,0.8771276595744681,0.9133790875376906,1.1466755319148936,1.1676106858276247,27.57499999999999,31.510808935593445,23.099999999999994,16.28473154291416,15.226077392679287,0.08662091246230941,0.16761068582762473,False,False
2017-06-08,190.05,0.8676664035780057,0.8995086420105889,1.1343067613785844,1.1503616995501988,25.524999999999977,28.576240999515306,25.150000000000006,19.098382585887578,9.477858413627729,0.10049135798941111,0.15036169955019885,False,False
2017-06-09,192.675,0.8558453354093681,0.9036893258122092,1.1188529907875957,1.15760955528846,22.900000000000006,30.36742106520404,27.775000000000006,18.5566591491326,11.810761916071442,0.09631067418779082,0.15760955528846,False,False
2017-06-12,190.925,0.8636899306010213,0.9000160382511688,1.129108288594998,1.1776973904253505,24.649999999999977,33.926874266960056,26.025000000000006,19.08943789689559,14.837436370064466,0.09998396174883117,0.1776973904253505,False,False
2017-06-13,191.85,0.8595256710972115,0.9360804550538039,1.1236643210841804,1.1562619241403578,23.724999999999994,29.97885014632763,26.94999999999999,12.262964697927714,17.715885448399916,0.06391954494619612,0.15626192414035778,False,False
2017-06-14,189.425,0.8705292332057543,0.9096797619196982,1.1380493599049757,1.1676189163601496,26.150000000000034,31.751213231521348,24.525000000000006,17.108911098361176,14.642302133160172,0.09032023808030176,0.16761891636014958,False,False
2017-06-15,187.475,0.8795839445259368,0.8975399401858999,1.1498866515535404,1.1502711975243287,28.099999999999994,28.172092755873535,22.57499999999999,19.20869971364843,8.963393042225107,0.10246005981410011,0.15027119752432871,False,False
2017-06-16,187.45,0.8797012536676447,0.801759760576387,1.150040010669512,1.1572691009644354,28.125,29.480092975783407,22.549999999999983,37.16013287995625,-7.680039904172844,0.19824023942361302,0.15726910096443536,False,False
2017-06-19,188.375,0.8753815527538156,0.9410129407827187,1.1443928334439282,1.174088253463208,27.19999999999996,32.79387474613182,23.474999999999994,11.111687280055378,21.682187466076442,0.05898705921728131,0.174088253463208,False,False
2017-06-20,190.75,0.8644823066841416,0.9013980495806799,1.1301441677588466,1.1971401142308604,24.82499999999999,37.60447678953662,25.849999999999994,18.808322042485315,18.796154747051304,0.09860195041932007,0.19714011423086042,False,False
2017-06-21,192.2,0.8579604578563996,0.9274264784563186,1.121618106139438,1.1815692975499983,23.37499999999997,34.897618989109674,27.299999999999983,13.948630840695557,20.948988148414116,0.07257352154368135,0.1815692975499983,False,False
2017-06-22,188.65,0.8741054863503843,0.9153420856409394,1.1427246223164589,1.1941359807393448,26.924999999999983,36.623752766477395,23.75,15.970715543836775,20.65303722264062,0.08465791435906056,0.1941359807393448,False,False
2017-06-23,183.075,0.900723747098184,0.909663780092552,1.1775228731394238,1.225194950925433,32.50000000000003,41.227565640673646,18.174999999999955,16.538303459556033,24.689262181117613,0.090336219907448,0.22519495092543296,False,False
2017-06-27,178.275,0.9249754592623756,0.9001412755868996,1.2092273173467956,1.160417940120676,37.29999999999998,28.59850827501353,13.375,17.80231409474547,10.79619418026806,0.0998587244131004,0.160417940120676,False,False
2017-06-28,176.45,0.9345423632757156,0.9266619227011693,1.2217342023236044,1.2022740011589652,39.125,35.691247504499415,11.549999999999983,12.94050373937867,22.750743765120745,0.07333807729883068,0.2022740011589652,False,False
2017-06-29,175.3,0.9406731317741016,0.89706460226182,1.229749001711352,1.190600086635308,40.275000000000006,33.41219518716949,10.399999999999977,18.04457522350293,15.367619963666556,0.10293539773817995,0.19060008663530792,False,False
2017-06-30,177.975,0.92653462564967,0.9172666822212329,1.2112656271948308,1.1995334333948882,37.599999999999994,35.51196280845522,13.07499999999996,14.724462231676085,20.787500576779138,0.08273331777876713,0.19953343339488816,False,False
2017-07-03,176.225,0.9357355653284154,0.8635787188396816,1.223294084267272,1.4001673043134304,39.349999999999994,70.51948320263426,11.324999999999989,24.040840272477112,46.47864293015715,0.13642128116031838,0.4001673043134304,False,False
2017-07-04,176.8,0.9326923076923076,0.7775074205196293,1.2193156108597285,1.4117685434620024,38.775000000000006,72.80067848408203,11.900000000000006,39.336688052129546,33.46399043195248,0.2224925794803707,0.4117685434620024,False,False
2017-07-05,180.6,0.9130675526024364,0.8246708837501328,1.1936600221483942,1.3698491230109164,34.974999999999994,66.7947516157715,15.699999999999989,31.664438394726034,35.13031322104547,0.17532911624986725,0.36984912301091644,False,False
2017-07-06,180.575,0.9131939637269834,0.8609681756740477,1.1938252803544234,1.396102379275463,35.0,71.52618713766674,15.674999999999983,25.105671677658847,46.42051546000789,0.1390318243259523,0.396102379275463,False,False
2017-07-10,182.825,0.9019554218514976,0.8853527961768601,1.1791330507315738,1.4352115691259066,32.74999999999997,79.5675551254439,17.924999999999955,20.960375038965537,58.607180086478365,0.11464720382313986,0.43521156912590664,False,False
2017-07-11,183.825,0.8970488236094112,0.8728467430648981,1.172718618251054,1.4452733608538355,31.75,81.85237555895628,18.924999999999983,23.373947456095124,58.47842810286116,0.12715325693510193,0.4452733608538355,False,False
2017-07-12,183.55,0.8983928084990466,0.8541115190027938,1.1744756197221464,1.3954826609012467,32.02499999999998,72.59084240842384,18.650000000000006,26.77783068703721,45.81301172138663,0.1458884809972062,0.39548266090124673,False,False
2017-07-13,183.675,0.8977814073771607,0.7845607999098366,1.1736763304750235,1.4014972444514218,31.89999999999995,73.74500637461489,18.775000000000006,39.570795076560756,34.17421129805413,0.21543920009016337,0.40149724445142176,False,False
2017-07-14,181.125,0.9104209799861974,0.8414979525868993,1.1902001380262248,1.4227412047568935,34.44999999999996,76.56900071159231,16.224999999999994,28.708683337697863,47.860317373894446,0.1585020474131007,0.4227412047568935,False,False
2017-07-17,183.475,0.8987600490530046,0.8915803898163875,1.1749557160376072,1.4711599476456385,32.099999999999966,86.4460713942835,18.57499999999999,19.892287978438304,66.5537834158452,0.10841961018361246,0.4711599476456385,False,False
2017-07-18,184.625,0.8931618144888287,0.8544645298065141,1.1676371022342589,1.4613946552298804,30.950000000000045,85.1849882218167,19.724999999999994,26.869486184472322,58.31550203734437,0.1455354701934859,0.46139465522988043,False,False
2017-07-19,182.7,0.9025725232621784,0.8458779171573264,1.1799397920087575,1.453617443323624,32.875,82.87590689522608,17.80000000000001,28.158104535356472,54.71780235986961,0.1541220828426736,0.45361744332362397,False,False
2017-07-20,189.475,0.8702995118089458,0.780273335090615,1.1377490434094208,1.465072983372821,26.100000000000023,88.11970352456527,24.57499999999999,41.63270983370572,46.48699369085955,0.21972666490938497,0.4650729833728211,False,False
2017-07-21,192.0,0.8588541666666667,0.8504935871500343,1.1227864583333331,1.3785203687187715,23.57499999999996,72.67591079400415,27.099999999999994,28.705231267193426,43.97067952681073,0.1495064128499657,0.3785203687187715,False,False
2017-07-24,189.15,0.8717948717948718,0.8635470663931669,1.1397039386730108,1.3802154037635286,26.424999999999983,71.91774362187144,24.25,25.81007239173249,46.10767123013895,0.13645293360683308,0.3802154037635286,False,False
2017-07-25,189.85,0.8685804582565183,0.8457633056530539,1.135501711877798,1.3911126412574557,25.724999999999937,74.25273494272798,24.94999999999999,29.281836421767707,44.970898520960276,0.1542366943469461,0.3911126412574557,False,False
2017-07-26,188.05,0.8768944429672959,0.8161262848295884,1.1463706461047591,1.365664457691234,27.52499999999995,68.76320126883655,23.150000000000006,34.577452137795916,34.18574913104064,0.18387371517041162,0.365664457691234,False,False
2017-07-27,187.7,0.878529568460309,0.8687782291881405,1.1485082578582846,1.38107084123508,27.87500000000003,71.5269968998245,22.799999999999983,24.630326381386027,46.89667051843847,0.13122177081185948,0.38107084123508006,False,False
2017-07-28,185.525,0.8888289987872254,0.8954233627898105,1.1619727799487938,1.4216057780936215,30.049999999999955,78.21841198081913,20.625,19.40158061842041,58.816831362398716,0.1045766372101895,0.42160577809362154,False,False
2017-07-31,185.75,0.8877523553162854,0.886709353355214,1.160565275908479,1.4474968286549799,29.82499999999999,83.12253592266251,20.849999999999994,21.04373761426902,62.07879830839349,0.11329064664478605,0.44749682865497986,False,False
2017-08-01,186.275,0.8852503019728896,0.8954831265788582,1.1572943229096764,1.4401635034881728,29.299999999999955,81.99145661225938,21.375,19.468880596523178,62.522576015736206,0.1045168734211418,0.4401635034881728,False,False
2017-08-02,186.475,0.884300844617241,0.7626192647241161,1.156053090226572,1.4287166477958761,29.100000000000023,79.94493689773603,21.57499999999999,44.265572610570445,35.67936428716558,0.23738073527588388,0.42871664779587615,False,False
2017-08-03,195.0,0.8456410256410257,0.8292549561837034,1.1055128205128204,1.4120233273281437,20.57499999999999,80.34454882898802,30.099999999999994,33.295283544177835,47.04926528481019,0.17074504381629663,0.41202332732814373,False,False
2017-08-04,191.55,0.8608718350300183,0.8260451020541127,1.1254241712346644,1.378940725747216,24.024999999999977,72.5860960168792,26.650000000000006,33.32106070153472,39.26503531534448,0.17395489794588725,0.37894072574721593,False,False
2017-08-07,192.4,0.8570686070686071,0.846674718328053,1.120452182952183,1.3879414686068976,23.17500000000001,74.63993855996708,27.5,29.499784193682615,45.14015436628446,0.15332528167194703,0.3879414686068976,False,False
2017-08-08,190.825,0.8641425389755012,0.8304491442339745,1.1296999868989912,1.4215657673071855,24.75,80.44528754639367,25.924999999999983,32.35454205155182,48.090745494841855,0.16955085576602547,0.42156576730718553,False,False
2017-08-09,187.725,0.8784125715807698,0.8811693589366997,1.1483553069649752,1.4944243142327815,27.849999999999966,92.81580438934893,22.82499999999999,22.30748209360806,70.50832229574087,0.11883064106330032,0.49442431423278155,False,False
2017-08-10,190.025,0.8677805551901066,0.8538768831131027,1.134455992632548,1.483258825800211,25.549999999999926,91.83125837268508,25.125,27.767045286432648,64.06421308625244,0.14612311688689728,0.48325882580021107,False,False
2017-08-11,187.625,0.8788807461692205,0.8664240512672279,1.1489673550966022,1.429841914820751,27.94999999999999,80.64908926824342,22.724999999999994,25.06218738098636,55.586901887257056,0.13357594873277212,0.42984191482075107,False,False
2017-08-14,190.825,0.8641425389755012,0.8451443690622003,1.1296999868989912,1.4192725662531989,24.75,80.00768745526665,25.924999999999983,29.550325773705623,50.457361681561025,0.15485563093779975,0.41927256625319886,False,False
2017-08-16,190.375,0.8661851608667105,0.8875026758309348,1.132370321733421,1.3968254248296947,25.19999999999999,75.54564025195316,25.474999999999994,21.416678088685785,54.128962163267374,0.11249732416906522,0.39682542482969474,False,False
2017-08-17,188.1,0.8766613503455609,0.8771319965882077,1.1460659223817118,1.4150162332285787,27.474999999999994,78.06455347029564,23.19999999999999,23.111471441758113,54.95308202853752,0.12286800341179227,0.4150162332285787,False,False
2017-08-18,188.25,0.8759628154050465,0.871267282684387,1.1451527224435591,1.4062446448625785,27.325000000000017,76.47555439538041,23.349999999999994,24.233934034664145,52.24162036071627,0.12873271731561298,0.4062446448625785,False,False
2017-08-21,187.55,0.8792322047454012,0.755923868972078,1.149426819514796,1.3647137809178185,28.025000000000006,68.40206961113685,22.650000000000006,45.77647837428677,22.625591236850084,0.24407613102792203,0.3647137809178185,False,False
2017-08-22,187.05,0.8815824645816627,0.9042201846351057,1.1524993317294845,1.433037019352156,28.525000000000063,80.9995744698208,22.150000000000006,17.915614464003482,63.08396000581732,0.09577981536489433,0.433037019352156,False,False
2017-08-23,186.125,0.8859637340496979,0.8585929779161423,1.1582269979852249,1.3981817886789614,29.44999999999999,74.11158541787171,21.224999999999994,26.319381985358007,47.7922034325137,0.1414070220838577,0.39818178867896137,False,False
2017-08-24,188.1,0.8766613503455609,0.9225786187778091,1.1460659223817118,1.4527238110063994,27.474999999999994,85.15734885030369,23.19999999999999,14.562961807894112,70.59438704240958,0.07742138122219089,0.45272381100639936,False,False
2017-08-28,190.25,0.8667542706964521,0.8842975909766324,1.1331143232588698,1.4601638786448774,25.32499999999999,87.54617791218794,25.349999999999994,22.01238331669569,65.53379459549225,0.11570240902336759,0.4601638786448774,False,False
2017-08-29,190.775,0.8643690210981523,0.8519285920679192,1.129996068667278,1.3877135465768593,24.799999999999983,73.96605184820035,25.875,28.248322848242736,45.717728999957615,0.14807140793208085,0.3877135465768593,False,False
2017-08-30,189.975,0.8680089485458613,0.790426192118439,1.1347545729701276,1.3956320531149853,25.599999999999994,75.16019929051933,25.07499999999999,39.81378415229955,35.34641513821978,0.209573807881561,0.3956320531149853,False,False
2017-08-31,190.725,0.8645956219688034,0.8590716199618423,1.1302923056757108,1.3850362997419439,24.849999999999937,73.43604826828224,25.82499999999999,26.87856528277763,46.557482985504606,0.14092838003815766,0.38503629974194387,False,False
2017-09-01,194.75,0.8467265725288832,0.867318598088967,1.1069319640564823,1.3628036191588913,20.824999999999932,70.65600483119408,29.849999999999994,25.839703022173666,44.816301809020416,0.13268140191103295,0.36280361915889126,False,False
2017-09-04,194.95,0.8458579122852015,0.8469246025802684,1.1057963580405232,1.4005586792586862,20.625,78.08891452148089,30.049999999999983,29.842048726976685,48.2468657945042,0.15307539741973164,0.40055867925868616,False,False
2017-09-05,195.125,0.8450992953235106,0.8891346275326468,1.1048046124279307,1.4029562693989885,20.44999999999999,78.62684206647765,30.224999999999994,21.632605802692296,56.99423626378535,0.11086537246735317,0.40295626939898854,False,False
2017-09-06,196.45,0.8393993382540087,0.8624658880967417,1.0973530160346143,1.3771737011318677,19.12499999999997,74.09577358735538,31.549999999999983,27.018576283395078,47.077197303960304,0.13753411190325826,0.37717370113186766,False,False
2017-09-07,196.75,0.8381194409148666,0.9011534825225529,1.095679796696315,1.432033633043903,18.82499999999996,85.00261730138789,31.849999999999994,19.448052313687725,65.55456498770016,0.0988465174774471,0.43203363304390296,False,False
2017-09-08,198.15,0.8321978299268231,0.8740363299358412,1.087938430481958,1.4462975750513485,17.424999999999955,88.43386449642472,33.25,24.959701223213045,63.47416327321167,0.12596367006415876,0.4462975750513485,False,False
2017-09-11,207.65,0.7941247291114857,0.7706385921290684,1.0381651817962918,1.3379370484247963,7.924999999999983,70.17262810540896,42.75,47.62689634439894,22.545731761010018,0.22936140787093162,0.3379370484247963,False,False
2017-09-12,209.15,0.7884293569208702,0.8670944848521918,1.0307195792493424,1.4314412036993631,6.424999999999983,90.23592775372182,44.25,27.7971884931641,62.438739260557725,0.13290551514780824,0.4314412036993631,False,False
2017-09-13,205.1,0.8039980497318382,0.833527875030382,1.0510726474890295,1.4350032822102528,10.474999999999966,89.21917318132282,40.19999999999999,34.143432831268655,55.07574035005416,0.16647212496961805,0.43500328221025275,False,False
2017-09-14,206.025,0.8003883023904866,0.8550951658961575,1.0463535978643368,1.3973288447243797,9.549999999999983,81.8596752343403,41.125,29.85401844624414,52.00565678809616,0.14490483410384247,0.3973288447243797,False,False
2017-09-15,209.7,0.7863614687649023,0.8767538667535608,1.0280162136385311,1.395439195269968,5.874999999999972,82.92359924811228,44.79999999999998,25.844714141778297,57.078885106333985,0.12324613324643918,0.39543919526996807,False,False
2017-09-18,211.9,0.7781972628598396,0.877199426924188,1.0173430863614912,1.4498625963974612,3.674999999999983,95.32588417662205,47.0,26.02144143476457,69.30444274185749,0.12280057307581205,0.4498625963974612,False,False
2017-09-19,215.575,0.7649309984924041,0.7596846188133108,1.0,1.3786889139164245,0.0,81.63586261753318,50.67499999999998,51.80598829932052,29.82987431821266,0.24031538118668916,0.37868891391642445,False,False
2017-09-20,207.225,0.7957534081312584,0.8727408333444656,1.0,1.451712082736967,0.0,93.60603634516795,42.32499999999999,26.3712808101931,67.23475553497485,0.12725916665553438,0.45171208273696695,False,False
2017-09-21,200.0,0.8245,0.8607030776848013,1.01075,1.478686312928456,2.1500000000000057,95.73726258569121,35.099999999999994,27.85938446303976,67.87787812265145,0.13929692231519875,0.478686312928456,False,False
2017-09-22,189.95,0.8681231903132404,0.41644628915551407,1.0642274282705977,1.539561370241781,12.200000000000017,102.48968227742631,25.049999999999983,110.8460273749101,-8.356345097483782,0.5835537108444859,0.539561370241781,False,False
2017-09-25,190.2,0.8669821240799159,0.8272832070746713,1.0628286014721346,1.401378365596122,11.950000000000017,76.34216513638239,25.299999999999983,32.85073401439752,43.491431121984874,0.1727167929253287,0.40137836559612206,False,False
2017-09-26,191.2,0.86244769874477,0.8392467031599038,1.0572698744769875,1.3840129417555254,10.950000000000017,73.42327446365647,26.299999999999983,30.736030355826387,42.68724410783008,0.1607532968400962,0.38401294175552536,False,False
2017-09-27,191.6,0.8606471816283925,0.8625814279252891,1.0550626304801671,1.4658070142838717,10.550000000000011,89.24862393678981,26.69999999999999,26.329398409514596,62.919225527275216,0.13741857207471087,0.4658070142838717,False,False
2017-09-28,199.45,0.8267736274755578,0.8598281241215635,1.013537227375282,1.3837208905760807,2.700000000000017,76.53313162539928,34.54999999999998,27.957280643954164,48.575850981445114,0.1401718758784365,0.3837208905760807,False,False
2017-09-29,202.15,0.815730892901311,0.8930231136166553,1.0,1.3989831449396142,0.0,80.654442749543,37.25,21.625377582393128,59.02906516714987,0.10697688638334468,0.3989831449396142,False,False
2017-10-03,198.55,0.8305212792747418,0.957430682902715,1.0115839838831528,1.1033417151271827,2.3000000000000114,20.518497538502118,33.650000000000006,8.452137909665936,12.066359628836182,0.04256931709728495,0.10334171512718271,False,False
2017-10-04,197.95,0.8330386461227584,0.965577467905816,1.0146501641828745,1.102601994631682,2.9000000000000057,20.310064837341457,33.04999999999998,6.81394022804372,13.496124609297738,0.034422532094184,0.10260199463168207,False,False
2017-10-05,198.2,0.8319878910191726,0.9533130015655418,1.0133703329969728,1.1049759756598048,2.6500000000000057,20.80623837577329,33.29999999999998,9.253363089709609,11.552875286063681,0.04668699843445823,0.10497597565980477,False,False
2017-10-06,200.25,0.8234706616729089,0.8642764333497049,1.002996254681648,1.1045223867101674,0.6000000000000227,20.930607938711034,35.349999999999994,27.178644221721584,-6.248036283010549,0.13572356665029506,0.10452238671016745,False,False
2017-10-09,200.85,0.8210107045058502,0.933835332326836,1.0,1.1089256356817496,0.0,21.877713926679405,35.94999999999999,13.289173502154995,8.58854042452441,0.06616466767316398,0.10892563568174962,False,False
2017-10-10,196.775,0.838012958963283,0.8187052989225581,1.0086393088552916,1.0734947544357465,1.700000000000017,14.461930304094011,31.875,35.674264804513626,-21.212334500419615,0.18129470107744194,0.07349475443574649,False,False
2017-10-11,192.8,0.8552904564315352,0.9491663090164058,1.0294346473029046,1.401750413890595,5.675000000000011,77.4574797981067,27.900000000000006,9.80073562163696,67.65674417646974,0.05083369098359425,0.40175041389059496,False,False
2017-10-12,194.725,0.8468352805238157,0.9476374140719834,1.0192579278469636,1.1273173320876393,3.7499999999999716,24.791867490765554,29.82499999999999,10.196304544833026,14.595562945932528,0.05236258592801657,0.1273173320876393,False,False
2017-10-13,193.65,0.8515362767880196,0.8218612336834136,1.0249160857216628,1.3991681096424784,4.825000000000017,77.29890443226597,28.75,34.49657209720695,42.80233233505902,0.17813876631658643,0.3991681096424784,False,False
2017-10-16,193.85,0.850657725045138,0.9464892656676165,1.0238586535981429,1.2072031168388564,4.625,40.16632419921231,28.94999999999999,10.373055850332548,29.793268348879764,0.053510734332383514,0.2072031168388564,False,False
2017-10-17,193.775,0.8509869694233002,0.911731138877723,1.0242549348471164,1.1096004071470646,4.699999999999989,21.23781889492244,28.875,17.104298563969223,4.133520330953218,0.08826886112227705,0.10960040714706465,False,False
2017-10-18,191.475,0.8612090351220787,0.8188801078066172,1.0365582974278629,1.046228507208676,7.000000000000057,8.851603417781263,26.57499999999999,34.67993135772795,-25.82832793994669,0.18111989219338276,0.046228507208676106,False,False
2017-10-19,194.3,0.8486875965002573,0.8595633208735303,1.0214873906330415,1.0987829972645284,4.1749999999999545,19.193536368497888,29.400000000000006,27.286846754273057,-8.093310385775169,0.14043667912646973,0.09878299726452844,False,False
2017-10-23,191.85,0.8595256710972115,0.9264795296032984,1.0345321866041175,1.088398675258399,6.624999999999943,16.959285848323844,26.94999999999999,14.104902245607207,2.854383602716638,0.07352047039670162,0.08839867525839895,False,False
2017-10-24,188.975,0.8726021960576796,0.9367673058525557,1.0502711998941658,1.401321369154905,9.5,75.83970573604816,24.07499999999999,11.949398376513273,63.89030735953489,0.06323269414744426,0.4013213691549049,False,False
2017-10-25,186.625,0.8835900870730073,0.9238895403373507,1.063496316141996,1.1642517519508786,11.849999999999994,30.65348320783272,21.724999999999994,14.20411453454193,16.44936867329079,0.07611045966264929,0.1642517519508786,False,False
2017-10-26,185.45,0.8891884605014829,0.8329796769637446,1.0702345645726612,1.1171837683646346,13.025000000000006,21.7317298432215,20.549999999999983,30.973918907073568,-9.242189063852067,0.16702032303625536,0.11718376836463462,False,False
2017-10-27,187.45,0.8797012536676447,0.8550958805481336,1.0588156841824488,1.118136325962643,11.025000000000006,22.144654301697415,22.549999999999983,27.16227719125237,-5.017622889554957,0.14490411945186643,0.1181363259626429,False,False
2017-10-30,198.475,0.8308351177730193,0.9052770778872641,1.0,1.0572298740992725,0.0,11.358699261853104,33.57499999999999,18.800131966325267,-7.441432704472163,0.09472292211273592,0.05722987409927249,False,False
2017-10-31,197.15,0.8364189703271621,0.9296496452949707,1.0,1.4296266351450355,0.0,84.70089111884377,32.25,13.869572430096525,70.83131868874725,0.07035035470502926,0.4296266351450355,False,False
2017-11-01,193.3,0.8530781169167098,0.9006069608191476,1.018882565959648,1.1892989436898942,3.6499999999999773,36.59148581525656,28.400000000000006,19.21267447365878,17.378811341597782,0.0993930391808524,0.1892989436898942,False,False
2017-11-02,195.125,0.8450992953235106,0.958659555251844,1.0093529788597049,1.18045782845338,1.8249999999999034,35.21183377696576,30.224999999999994,8.066554281483945,27.145279495481816,0.04134044474815601,0.18045782845338,False,False
2017-11-03,191.425,0.8614339819772757,0.9218690910788121,1.028862478777589,1.168430326038863,5.524999999999977,32.24177516198938,26.525000000000006,14.956209240238394,17.285565921750987,0.0781309089211879,0.1684303260388631,False,False
2017-11-06,195.3,0.8443420378904251,0.8491299220253636,1.008448540706605,1.0927207765717588,1.6499999999999773,18.10836766446451,30.399999999999977,29.464926228446473,-11.356558563981963,0.15087007797463636,0.09272077657175881,False,False
2017-11-07,167.975,0.9816937044203008,0.7872619939327538,1.172495907129037,1.1283427435006657,28.974999999999994,21.55837233952431,3.07499999999996,35.73466656914567,-14.176294229621362,0.21273800606724624,0.12834274350066566,False,False
2017-11-08,174.125,0.9470208183776024,0.7511231957017193,1.1310839913854989,1.0897530150038754,22.82499999999999,15.628243737549809,9.224999999999966,43.33567354843814,-27.70742981088833,0.24887680429828074,0.08975301500387545,False,False
2017-11-09,172.95,0.9534547557097428,0.9294953872769065,1.1387684301821337,1.3971716253566189,24.00000000000003,68.69083260542723,8.049999999999983,12.19377277045902,56.49705983496821,0.0705046127230935,0.3971716253566189,False,False
2017-11-10,172.025,0.9585816015114084,0.8014829767898649,1.1448917308530735,1.1202504835599054,24.924999999999983,20.686089434392727,7.124999999999972,34.149890917723496,-13.46380148333077,0.1985170232101351,0.12025048355990542,False,False
2017-11-13,171.475,0.961656218107596,0.9026299980764154,1.1485639306021285,1.4490601676227508,25.474999999999966,77.0025922431112,6.57499999999996,16.69652107984666,60.306071163264534,0.09737000192358458,0.4490601676227508,False,False
2017-11-14,168.65,0.9777646012451824,0.9284296616316938,1.1678031426030242,1.154431799025207,28.30000000000004,26.04492290560117,3.75,12.070337565814839,13.97458533978633,0.07157033836830617,0.1544317990252071,False,False
2017-11-15,165.35,0.9972785001511943,0.8944673043492364,1.1911097671605684,1.1383992584654579,31.599999999999994,22.88431738726345,0.45000000000001705,17.449831225853757,5.434486161409694,0.10553269565076362,0.13839925846545786,False,False
2017-11-16,164.9,1.0,0.8902887129257648,1.1943602183141298,1.4588462338079093,32.04999999999998,75.66374395492426,0.0,18.091391238541377,57.57235271638288,0.10971128707423516,0.45884623380790934,False,False
2017-11-17,167.55,0.9932855863921216,0.8926449415748111,1.1754700089525514,1.2228372437690358,29.399999999999977,37.33638019350195,1.1250000000000284,17.987340039140406,19.349040154361546,0.10735505842518889,0.2228372437690358,False,False
2017-11-20,166.425,1.0,0.8403896325579263,1.4120474688298033,1.143904032091217,68.57500000000002,23.94922854078081,0.0,26.563155401547107,-2.6139268607662984,0.1596103674420737,0.14390403209121705,False,False
2017-11-21,173.175,0.989028439439873,0.6787677932842634,1.3570088061209755,1.0217763028524143,61.82499999999993,3.7711112464668304,1.9000000000000057,55.62938739799769,-51.85827615153086,0.3212322067157366,0.021776302852414275,False,False
2017-11-22,183.775,0.9319820432594204,0.7667711539210673,1.2787375867228947,1.017414949260292,51.224999999999966,3.2004323003101547,12.500000000000028,42.861631188155854,-39.6611988878457,0.23322884607893268,0.017414949260291968,False,False
2017-11-23,188.125,0.9104318936877076,0.948646612166619,1.2491694352159468,1.3980427027828342,46.875,74.88178346102069,16.849999999999994,9.66085608615478,65.22092737486591,0.05135338783338095,0.39804270278283416,False,False
2017-11-24,188.525,0.908500198912611,0.9153958059120693,1.246519029306458,1.1190107797731952,46.47500000000002,22.436507256741635,17.25,15.950005690427133,6.486501566314502,0.08460419408793074,0.11901077977319519,False,False
2017-11-27,192.975,0.8875502008032129,0.9190080514266274,1.2177743230988471,1.3897081466506722,42.025000000000034,75.2039295999135,21.69999999999999,15.629421275946555,59.57450832396694,0.08099194857337255,0.3897081466506722,False,False
2017-11-28,195.575,0.8757509906685416,0.9341414135908503,1.2015850696663686,1.0932284912879175,39.42500000000004,18.233162183634477,24.299999999999983,12.880293036969448,5.352869146665029,0.06585858640914966,0.09322849128791755,False,False
2017-11-29,192.975,0.8875502008032129,0.80614545682028,1.2177743230988471,1.1139015829335301,42.025000000000034,21.98015796659797,21.69999999999999,37.40908047010646,-15.428922503508488,0.19385454317971995,0.11390158293353014,False,False
2017-11-30,188.65,0.9078982242247547,0.8976287684361238,1.2456930824277763,1.0609795601388952,46.349999999999994,11.503794020202577,17.37500000000003,19.31233283452525,-7.808538814322674,0.10237123156387617,0.06097956013889516,False,False
2017-12-01,192.8,0.8883558091286307,0.9354622444728563,1.2188796680497924,1.1209078265945258,42.19999999999999,23.31102896742459,21.525000000000006,12.442879265633309,10.868149701791282,0.06453775552714369,0.12090782659452581,False,False
2017-12-04,184.525,0.9281940116515376,0.8944194338331783,1.273540170708576,1.0994476289923547,50.474999999999994,18.35057373981425,13.250000000000028,19.482253971932778,-1.1316802321185264,0.10558056616682165,0.09944762899235471,False,False
2017-12-05,180.525,0.9487605594792964,0.9031909093684867,1.3017587591746296,1.1058423054519002,54.474999999999994,19.107182191704283,9.250000000000028,17.47646108625395,1.630721105450334,0.09680909063151333,0.10584230545190021,False,False
2017-12-06,184.05,0.930589513719098,0.9419094011832112,1.2768269491985873,1.4029120208407422,50.94999999999999,74.15595743573863,12.775000000000006,10.691574712229965,63.46438272350866,0.0580905988167888,0.4029120208407422,False,False
2017-12-07,179.825,0.9524537745029892,0.9304741147339037,1.3068260809119978,1.1556727792972152,55.17500000000001,27.993857537121727,8.549999999999983,12.502492317975765,15.491365219145962,0.06952588526609627,0.15567277929721524,False,False
2017-12-08,184.825,0.926687407006628,0.8357836051063289,1.2714730150142026,1.1054801911669816,50.17499999999998,19.49537633243736,13.549999999999983,30.351295186222757,-10.855918853785397,0.16421639489367112,0.1054801911669816,False,False
2017-12-11,184.9,0.9263115197404004,0.9387233358967639,1.2709572742022714,1.1463966319330205,50.099999999999994,27.0687372444155,13.624999999999972,11.330055192688349,15.738682051727153,0.06127666410323607,0.14639663193302055,False,False
2017-12-12,184.975,0.9259359372888228,0.9452433816130765,1.270441951615083,1.1197388664546353,50.025000000000006,22.14869682244617,13.699999999999989,10.12860548612116,12.02009133632501,0.05475661838692347,0.11973886645463527,False,False
2017-12-13,183.175,0.9350348027842228,0.9022127472917143,1.282926163504845,1.1094199897639003,51.82499999999999,20.043006625002448,11.899999999999977,17.91218001484023,2.1308266101622166,0.0977872527082857,0.10941998976390033,False,False
2017-12-14,184.8,0.9268127705627706,0.9649443650188376,1.2716450216450217,1.396918861893956,50.20000000000002,73.35060567800309,13.525000000000006,6.47828134451882,66.87232433348427,0.035055634981162376,0.3969188618939561,False,False
2017-12-15,186.85,0.9166443671394168,0.9288450155500704,1.2576933369012575,1.101777339802159,48.14999999999998,19.01709594203342,15.574999999999989,13.29530884446936,5.721787097564061,0.07115498444992963,0.10177733980215908,False,False
2017-12-18,191.8,0.8929874869655892,0.9457024553407104,1.2252346193952033,1.3862451335756825,43.19999999999999,74.08181661981592,20.525000000000006,10.414269065651752,63.66754755416417,0.0542975446592896,0.38624513357568246,False,False
2017-12-19,195.175,0.8775457922377353,0.8227669270880243,1.20404764954528,1.1146881133439703,39.825000000000045,22.384252521909417,23.900000000000006,34.59146500559484,-12.207212483685424,0.17723307291197565,0.11468811334397033,False,False
2017-12-20,192.6,0.8892782969885774,0.7932789101905252,1.2201453790238836,1.1336968625940635,42.39999999999998,25.750015735616643,21.32499999999999,39.81448189730483,-14.064466161688188,0.2067210898094748,0.13369686259406355,False,False
2017-12-21,194.25,0.8817245817245818,0.8973520997384378,1.2097812097812095,1.1292014246254667,40.74999999999994,25.0973767334969,22.974999999999994,19.939354625808477,5.158022107688424,0.10264790026156223,0.1292014246254667,False,False
2017-12-22,192.5,0.8897402597402597,0.8959081404624039,1.2207792207792207,1.3620857581935006,42.5,69.70150845224885,21.224999999999994,20.03768296098727,49.663825491261576,0.10409185953759614,0.36208575819350064,False,False
2017-12-26,194.15,0.8821787277877929,0.9504112065170112,1.2104043265516349,1.1281497457316207,40.84999999999991,24.880273133794162,22.875,9.627664254722276,15.252608879071886,0.049588793482988835,0.12814974573162075,False,False
2017-12-27,192.1,0.8915929203539824,0.9596866995163444,1.2233211868818323,1.3831661197537213,42.89999999999998,73.60621160468983,20.82499999999999,7.744185022910244,65.86202658177959,0.040313300483655556,0.3831661197537213,False,False
2017-12-28,190.125,0.9008547008547008,0.9448134349818578,1.2360289283366206,1.152561457584268,44.875,29.00574712320895,18.850000000000023,10.4923456740743,18.513401449134648,0.05518656501814223,0.15256145758426798,False,False
2017-12-29,192.325,0.8905498505134539,0.9291233155879033,1.2218900298973092,1.1123399645572134,42.67499999999998,21.605783683466058,21.049999999999983,13.631358329556491,7.974425353909567,0.07087668441209671,0.1123399645572134,False,False
2018-01-01,188.425,0.6002388218123922,0.7837383186493638,1.2575295210295871,1.1770718892015324,48.52499999999995,33.36477072279874,75.325,40.74910730849362,-7.384336585694882,0.21626168135063617,0.17707188920153238,False,False
2018-01-02,189.75,0.5960474308300395,0.7721801960190611,1.2487483530961792,1.156365202759026,47.19999999999999,29.67029722352521,76.65,43.228807805383155,-13.558510581857945,0.22781980398093893,0.1563652027590261,False,False
2018-01-03,189.625,0.5964403427818061,0.8725747141769409,1.2495715227422544,1.4739909670377762,47.32499999999999,89.88053712453831,76.525,24.16301982419759,65.71751730034072,0.12742528582305912,0.4739909670377762,False,False
2018-01-04,188.7,0.5993640699523053,0.8653264138610557,1.264175940646529,1.3425953851701318,49.849999999999994,64.64774918160387,75.6,25.41290570441879,39.23484347718508,0.1346735861389443,0.34259538517013177,False,False
2018-01-05,192.6,0.5872274143302181,0.8922922093730302,1.258307372793354,1.1731700330302608,49.74999999999997,33.35254836162824,79.5,20.74452047475438,12.608027886873856,0.10770779062696978,0.1731700330302608,False,False
2018-01-08,192.1,0.5887558563248309,0.8445396317519522,1.2615825091098387,1.1740375252372146,50.25000000000003,33.432608598068924,78.99999999999999,29.863936740449986,3.568671857618938,0.15546036824804776,0.1740375252372146,False,False
2018-01-09,187.5,0.6032,0.7804973176988648,1.292533333333333,1.1699175451964834,54.849999999999966,31.859539724340635,74.4,41.15675293146285,-9.297213207122212,0.21950268230113523,0.1699175451964834,False,False
2018-01-10,186.6,0.6061093247588424,0.9016986758553717,1.2987674169346195,1.4852541865762146,55.75,90.54843121512161,73.50000000000001,18.343027085387632,72.20540412973398,0.09830132414462833,0.48525418657621455,False,False
2018-01-11,185.05,0.6111861659011077,0.8865130460761026,1.3096460416103757,1.232104759465229,57.30000000000001,42.95098573904062,71.95000000000002,21.000760823617213,21.950224915423405,0.1134869539238974,0.23210475946522902,False,False
2018-01-12,184.325,0.6135901261359012,0.87202896736856,1.3147972331479725,1.232986924434909,58.025000000000034,42.94531484646458,71.225,23.588260589790195,19.357054256674388,0.12797103263144005,0.23298692443490898,False,False
2018-01-15,186.075,0.6078194276501411,0.7647976750472031,1.3024318151283083,1.2114199062666315,56.27499999999998,39.339959058563466,72.975,43.76527261559167,-4.425313557028204,0.23520232495279692,0.21141990626663154,False,False
2018-01-16,184.175,0.6140898601873218,0.8797820056883718,1.3158680602687658,1.1898973342879917,58.174999999999955,34.97434154249089,71.075,22.141149102344116,12.833192440146775,0.12021799431162816,0.18989733428799171,False,False
2018-01-17,181.35,0.6236559139784946,0.733255264092877,1.3363661428177558,1.5571206206668813,61.0,101.03382455793891,68.25,48.37415785675677,52.65966670118215,0.266744735907123,0.5571206206668813,False,False
2018-01-18,187.325,0.603763512611771,0.8736992295505375,1.2937408247697852,1.1613839529633987,55.025000000000006,30.231248988868657,74.225,23.659291824445575,6.5719571644230825,0.12630077044946253,0.1613839529633987,False,False
2018-01-19,187.775,0.6023166023166022,0.8744381601184774,1.29064039408867,1.444160451370467,54.57499999999999,83.40222875608944,74.67500000000003,23.57737448375289,59.82485427233655,0.12556183988152259,0.4441604513704669,False,False
2018-01-22,185.725,0.6089648674114955,0.8654553461681482,1.3048862565621209,1.1747589825241076,56.624999999999886,32.457112029289874,72.625,24.988305832920673,7.468806196369201,0.13454465383185177,0.1747589825241076,False,False
2018-01-23,185.475,0.6097856854023453,0.7766450384755311,1.306645100417846,1.1843796365046326,56.875,34.19781308069673,72.375,41.426761488750856,-7.228948408054123,0.22335496152446888,0.18437963650463263,False,False
2018-01-24,183.0,0.6180327868852459,0.8678337655841701,1.3243169398907104,1.0980149058035384,59.349999999999994,17.936727762047525,69.9,24.186420898096856,-6.249693136049331,0.13216623441582986,0.09801490580353844,False,False
2018-01-25,178.875,0.6322851153039832,0.7213948253698477,1.3548567435359888,1.306760556573652,63.474999999999994,54.871794557112,65.775,49.835500611968484,5.0362939451435125,0.27860517463015233,0.306760556573652,False,False
2018-01-29,179.625,0.6296450939457202,0.8470223576750674,1.3491997216423104,1.2273146347532873,62.724999999999994,40.83139126755924,66.525,27.478609002616025,13.352782264943215,0.1529776423249326,0.22731463475328728,False,False
2018-01-30,181.675,0.6225402504472272,0.823838117364232,1.3339755057107472,1.2264148536359227,60.67500000000001,41.133918534306275,68.575,32.00421002785316,9.129708506453113,0.17616188263576804,0.22641485363592273,False,False
2018-01-31,182.625,0.6193018480492812,0.8918029459762304,1.3270362765229295,1.535520859602891,59.72500000000002,97.79949698497796,69.52500000000002,19.75948699109091,78.04000999388705,0.10819705402376956,0.5355208596028911,False,False
2018-02-01,182.175,0.6208316179497735,0.7602731121663852,1.3303142582681486,1.1567406075966915,60.17499999999998,28.554220188927275,69.07500000000002,43.672245791088784,-15.11802560216151,0.23972688783361484,0.1567406075966915,False,False
2018-02-02,182.025,0.6213432220848784,0.7812074529807365,1.3314105205328937,1.1814990458041579,60.32499999999996,33.03736381250184,68.92500000000003,39.82571337118145,-6.788349558679613,0.21879254701926354,0.18149904580415788,False,False
2018-02-05,180.2,0.6276359600443951,0.9134474149607081,1.3448945615982242,1.4995674736773732,62.150000000000006,90.02205875666266,67.1,15.596775824080396,74.42528293258226,0.08655258503929186,0.4995674736773732,False,False
2018-02-06,177.45,0.6373626373626373,0.7544414313309658,1.3657368272752888,1.3424665508129596,64.89999999999998,60.770689441759686,64.35000000000001,43.574368010320114,17.19632143143957,0.24555856866903425,0.3424665508129596,False,False
2018-02-07,177.175,0.6383519119514603,0.9067827092681635,1.3678566389163256,1.2015244586537799,65.17499999999998,35.70509596198346,64.07500000000002,16.51577348541312,19.18932247657034,0.09321729073183649,0.20152445865377988,False,False
2018-02-08,176.925,0.6392539211530309,0.9181064659580658,1.3697894588102302,1.2046688868874011,65.42499999999998,36.211042812553444,63.825,14.489013510369205,21.72202930218424,0.08189353404193422,0.20466888688740115,False,False
2018-02-09,176.7,0.6400679117147708,0.8981510135718589,1.3715336728919072,1.2549261399803047,65.65,45.04544893451984,63.599999999999994,17.996715901852525,27.048733032667315,0.10184898642814111,0.25492613998030467,False,False
2018-02-12,176.55,0.6406117247238742,0.8181579425287736,1.3726989521382045,1.2299230233638818,65.80000000000001,40.59290977489334,63.45000000000002,32.10421524654501,8.488694528348333,0.1818420574712264,0.22992302336388182,False,False
2018-02-14,179.3,0.6307863915225878,0.9280509406573503,1.3516452872281093,1.5297429542747492,63.05000000000001,94.98291170146251,66.20000000000002,12.900466340137086,82.08244536132543,0.07194905934264972,0.5297429542747492,False,False
2018-02-15,176.075,0.6423399119693313,0.9007714976078518,1.376402101377254,1.237272278119898,66.275,41.77771636996101,62.974999999999994,17.4716585586975,24.306057811263514,0.0992285023921482,0.23727227811989793,False,False
2018-02-16,174.275,0.648974322191938,0.8722032555671686,1.390618275713671,1.1856750416279207,68.07499999999999,32.358517879705886,61.17500000000001,22.271777636031686,10.0867402436742,0.1277967444328314,0.1856750416279207,False,False
2018-02-19,172.35,0.6562228024369017,0.6344544713048064,1.4061502756019728,1.1986429101702543,70.0,34.23610556784331,59.25,63.00177187061662,-28.76566630277331,0.36554552869519363,0.19864291017025426,False,False
2018-02-20,174.25,0.6490674318507891,0.6577125986253977,1.3908177905308463,1.6355857410104022,68.09999999999997,110.75081537106257,61.150000000000006,59.64357968952446,51.107235681538114,0.34228740137460234,0.6355857410104022,False,False
2018-02-21,174.45,0.648323301805675,0.8747159667003599,1.3892232731441674,1.4552869314553782,67.9,79.42480519239072,61.349999999999994,21.855799609122215,57.569005583268506,0.1252840332996401,0.45528693145537824,False,False
2018-02-22,175.6,0.6440774487471526,0.6733081253485738,1.3801252847380412,1.684835785927044,66.75000000000003,120.25716400878892,62.500000000000014,57.36709318879045,62.89007081999847,0.32669187465142624,0.684835785927044,False,False
2018-02-23,174.35,0.6486951534270146,0.7540106186769733,1.3900200745626614,1.3019849902934126,68.00000000000003,52.65108305765648,61.250000000000014,42.88824863366972,9.76283442398676,0.24598938132302672,0.30198499029341264,False,False
2018-02-26,174.2,0.6492537313432836,0.889835003363497,1.3912169919632609,1.46900938385075,68.15000000000003,81.70143466680065,61.099999999999994,19.19074241407884,62.51069225272181,0.11016499663650303,0.4690093838507501,False,False
2018-02-27,172.025,0.6574625781136462,0.7535381998480148,1.4088068594681005,1.187131509091281,70.32499999999999,32.191297851427635,58.925000000000026,42.39759117114525,-10.206293319717616,0.24646180015198516,0.18713150909128107,False,False
2018-02-28,171.275,0.6603415559772295,0.6854748844388836,1.4149759159246824,1.1873102998163954,71.07499999999999,32.08157160105313,58.17500000000001,53.870289167730206,-21.78871756667708,0.3145251155611164,0.18731029981639535,False,False
2018-03-01,171.825,0.6582278481012658,0.8588738271280578,1.410446675396479,1.185226311998662,70.525,31.826511059170087,58.72500000000001,24.24900465372147,7.5775064054486165,0.14112617287194218,0.1852263119986619,False,False
2018-03-05,176.475,0.6408839779005525,0.7109602891203322,1.3732823346083014,1.9827139506547997,65.875,173.42444444180578,63.374999999999986,51.00828297748939,122.41616146431639,0.28903971087966784,0.9827139506547997,False,False
2018-03-06,175.725,0.6436192915066155,0.8776671638531961,1.3791435481576326,1.1565969743002822,66.625,27.518003308917088,62.625,21.49693763189711,6.021065677019976,0.1223328361468039,0.1565969743002822,False,False
2018-03-07,172.125,0.6570806100217864,0.6524278494208899,1.4079883805374,1.4599542210431307,70.225,79.16962029704885,59.02500000000002,59.825856418429325,19.343763878619527,0.34757215057911006,0.45995422104313066,False,False
2018-03-08,172.85,0.6543245588660689,0.8876053165985475,1.4020827306913508,1.2048806483410397,69.49999999999997,35.41362006574872,59.749999999999986,19.427421025941072,15.986199039807644,0.11239468340145253,0.2048806483410397,False,False
2018-03-09,175.55,0.644260894332099,0.8402444076638171,1.38051837083452,1.1549903320194113,66.79999999999998,27.208552786007658,62.45000000000003,28.045094234616897,-0.8365414486092391,0.15975559233618286,0.15499033201941126,False,False
2018-03-12,176.05,0.6424311275205906,0.6601249298350248,1.3765975575120704,1.9486144068627347,66.29999999999998,167.00356632818443,62.95000000000003,59.835006102543886,107.16856022564055,0.3398750701649752,0.9486144068627347,False,False
2018-03-13,177.9,0.6357504215851602,0.8600605764715954,1.362282181000562,1.345606728748439,64.44999999999999,61.48343704434731,64.80000000000001,24.89522344570318,36.58821359864413,0.1399394235284046,0.345606728748439,False,False
2018-03-14,179.9,0.6286826014452473,0.8661365320092071,1.347137298499166,1.2136480865762929,62.44999999999999,38.43529077507509,66.80000000000001,24.08203789154362,14.353252883531468,0.13386346799079285,0.21364808657629286,False,False
2018-03-15,179.175,0.6312264545835077,0.7526811941420649,1.3525882517092227,1.2273208829196316,63.17499999999998,40.730219197124995,66.07500000000002,44.31334703959553,-3.5831278424705317,0.2473188058579351,0.2273208829196316,False,False
2018-03-16,179.775,0.6291197329995828,0.8525572792590248,1.3480739813655958,1.2640822379115302,62.57499999999999,47.475384320545345,66.67500000000001,26.50651512120882,20.968869199336524,0.1474427207409752,0.2640822379115302,False,False
2018-03-19,180.95,0.6250345399281569,0.8121570777137641,1.3393202542138714,1.1391432554672565,61.400000000000006,25.177972076800046,67.85,33.990176787694395,-8.812204710894349,0.1878429222862359,0.13914325546725648,False,False
2018-03-20,179.675,0.6294698761652984,0.7539708309478408,1.348824266035898,1.4737575260304077,62.67499999999998,85.12238348951348,66.57500000000002,44.20529094944672,40.91709254006676,0.2460291690521592,0.47375752603040766,False,False
2018-03-21,182.125,0.6210020590253946,0.6954983091821654,1.3306794783802334,1.7425826290049602,60.224999999999994,135.24286130752836,69.025,55.45737044019813,79.78549086733022,0.3045016908178346,0.7425826290049602,False,False
2018-03-22,183.225,0.6172738436348751,0.8168569938948241,1.32269068085687,1.1632321077182954,59.125,29.908202936684688,70.125,33.55637729362084,-3.6481743569361527,0.18314300610517587,0.16323210771829544,False,False
2018-03-23,179.25,0.6309623430962342,0.6148495731194974,1.3520223152022317,1.702650718840498,63.10000000000002,125.95014135215928,66.15000000000002,69.0382140183301,56.91192733382918,0.3851504268805026,0.702650718840498,False,False
2018-03-26,182.625,0.6193018480492812,0.762706938778476,1.3270362765229295,1.5913231872890012,59.72500000000002,107.99039707865387,69.52500000000002,43.33564530558084,64.65475177307303,0.23729306122152405,0.5913231872890012,False,False
2018-03-27,189.7,0.5962045334739062,0.9321894218600097,1.2775434897206115,1.1980751421038798,52.650000000000006,37.574854457106,76.59999999999998,12.86366667315616,24.71118778394984,0.06781057813999025,0.19807514210387978,False,False
2018-03-28,195.4,0.5788126919140225,0.7499181237879677,1.2402763561924257,1.6843046965996362,46.94999999999999,133.71313771556893,82.3,48.86599861183112,84.84713910373782,0.25008187621203226,0.6843046965996362,False,False
2018-04-02,196.95,0.5742574257425742,0.8781907587811754,1.2305153592282303,1.2914444087512404,45.39999999999995,57.3999763035568,83.85000000000001,23.990330058047505,33.40964624550929,0.12180924121882464,0.29144440875124045,False,False
2018-04-03,194.575,0.5812668636772453,0.7772236097008136,1.2455351406912505,1.1717540542618823,47.77500000000006,33.41904510800575,81.47499999999998,43.3467161424642,-9.927671034458456,0.2227763902991864,0.17175405426188228,False,False
2018-04-04,190.825,0.5926896371020569,0.7667657729465296,1.2700117909078998,1.1503226495485694,51.52499999999998,28.68531960010577,77.72499999999998,44.50692137747848,-15.821601777372706,0.2332342270534704,0.15032264954856944,False,False
2018-04-05,189.75,0.5960474308300395,0.9004379641264142,1.2772068511198946,1.1824027913326753,52.599999999999994,34.610929655375145,76.65,18.8918963070129,15.719033348362245,0.09956203587358581,0.18240279133267534,False,False
2018-04-06,190.325,0.5942466833048733,0.7657616703629995,1.273348220149744,2.002904729862178,52.025000000000006,190.87784271101896,77.22499999999998,44.58141008816213,146.29643262285683,0.23423832963700053,1.0029047298621778,False,False
2018-04-09,189.825,0.5958119320426709,0.8978336324888111,1.2767022257342289,1.2027679720717426,52.525000000000006,38.49043029851853,76.725,19.39373071281142,19.096699585707114,0.1021663675111889,0.20276797207174257,False,False
2018-04-10,187.875,0.6019960079840319,0.7817867349897953,1.2899534264803725,1.6741746185536313,54.474999999999966,126.66055646076347,74.77500000000002,40.9968171637922,85.66373929697127,0.21821326501020466,0.6741746185536313,False,False
2018-04-11,189.025,0.5983335537627298,0.831178626202034,1.282105541595027,1.1607695527082413,53.32499999999999,30.38946470067532,75.92500000000001,31.91146018216054,-1.5219954814852201,0.16882137379796602,0.16076955270824134,False,False
2018-04-12,185.4,0.6100323624595468,0.6792815018612007,1.3071736785329018,1.1713731241275764,56.94999999999999,31.772577213252674,72.30000000000001,59.46120955493339,-27.688632341680716,0.32071849813879927,0.17137312412757644,False,False
2018-04-13,185.725,0.6089648674114955,0.9264364480695553,1.3048862565621209,1.16369781551269,56.624999999999886,30.402776786094364,72.625,13.66259068228186,16.740186103812505,0.07356355193044473,0.16369781551269003,False,False
2018-04-16,184.5,0.6130081300813007,0.8211941878636451,1.313550135501355,1.4440314513239831,57.849999999999994,81.92380276927491,71.40000000000002,32.989672339157494,48.93413043011742,0.17880581213635494,0.44403145132398314,False,False
2018-04-17,184.15,0.6141732283464566,0.9256758108058336,1.3160467010589192,1.1968071491145233,58.19999999999996,36.24203650943949,71.05000000000003,13.686799440105744,22.555237069333742,0.07432418919416639,0.19680714911452335,False,False
2018-04-18,183.95,0.6148409893992933,0.8922688640322918,1.3174775754281056,1.1495633431014265,58.400000000000034,27.512176963507414,70.85,19.81714246125992,7.695034502247495,0.10773113596770822,0.1495633431014265,False,False
2018-04-19,184.3,0.6136733586543678,0.6749100615323204,1.3149755832881171,1.717542451707501,58.04999999999998,132.24307384969245,71.20000000000002,59.914075659593365,72.32899819009909,0.32508993846767964,0.7175424517075011,False,False
2018-04-20,185.425,0.6099501146015909,0.8928372676151203,1.3069974383173788,1.2844320400936262,56.924999999999955,52.74081103436063,72.32500000000002,19.870649652466312,32.87016138189432,0.10716273238487972,0.2844320400936262,False,False
2018-04-23,187.35,0.6036829463570856,0.9087580549848633,1.2935681878836405,1.1990354057750487,55.00000000000003,37.289283271955384,74.25,17.094178398585854,20.19510487336953,0.09124194501513672,0.19903540577504875,False,False
2018-04-24,184.0,0.6146739130434782,0.877468111043155,1.3171195652173913,1.2278724552144533,58.349999999999994,41.92853175945942,70.90000000000002,22.545867568059464,19.382664191399954,0.12253188895684497,0.22787245521445332,False,False
2018-04-25,183.3,0.6170212765957446,0.8560650122941842,1.3221494817239496,1.2555849870971272,59.04999999999998,46.84872813490341,70.20000000000003,26.383283246476026,20.465444888427385,0.1439349877058158,0.2555849870971272,False,False
2018-04-26,182.7,0.6190476190476191,0.8930695629848658,1.3264915161466886,1.1953758023198215,59.650000000000006,35.695159083831385,69.6,19.536190842665007,16.158968241166377,0.10693043701513416,0.19537580231982155,False,False
2018-04-27,181.275,0.6239139429044269,0.7488817502201677,1.336919045648876,1.689119397509998,61.07499999999999,124.92011878362493,68.17500000000001,45.521460728839116,79.39865805478581,0.2511182497798323,0.6891193975099981,False,False
2018-04-30,181.325,0.6237418999034883,0.8503557094681617,1.3365503929408522,1.4747042684027725,61.025000000000034,86.0757514681327,68.22499999999998,27.13425098068558,58.941500487447115,0.14964429053183825,0.47470426840277247,False,False
2018-05-02,182.775,0.6187935986869101,0.7351194472027595,1.325947202845028,1.651911135236449,59.57500000000002,119.15305774284198,69.67500000000001,48.41354303751564,70.73951470532634,0.26488055279724054,0.6519111352364491,False,False
2018-05-03,186.55,0.6062717770034842,0.8273307678731743,1.2991155186277137,1.1724238907426796,55.79999999999998,32.165676818046876,73.45000000000002,32.21144525325934,-0.045768435212465874,0.17266923212682572,0.1724238907426796,False,False
2018-05-04,187.25,0.6040053404539385,0.7658651945237027,1.2942590120160211,1.1693067049968677,55.099999999999966,31.70268051066347,74.15000000000002,43.841742325436655,-12.139061814773186,0.23413480547629728,0.16930670499686773,False,False
2018-05-07,185.175,0.61077359254759,0.909833216983573,1.3087619819090048,1.1669007581163113,57.17499999999998,30.90584788418795,72.07500000000003,16.696634045066872,14.209213839121077,0.090166783016427,0.16690075811631133,False,False
2018-05-08,187.05,0.6046511627906976,0.6306376834647707,1.2956428762363004,1.677500317118514,55.29999999999998,126.72643431701806,73.95000000000002,69.08922130791466,57.637213009103405,0.36936231653522933,0.6775003171185141,False,False
2018-05-09,186.2,0.6074113856068744,0.887194382318987,1.3015574650912998,1.1566889473357684,56.150000000000006,29.175481993920073,73.1,21.00440601220464,8.171075981715433,0.11280561768101305,0.15668894733576844,False,False
2018-05-10,184.9,0.6116819902650079,0.7719260922105716,1.3107084910762574,1.9772930992879514,57.44999999999999,180.7014940583422,71.80000000000004,42.17086555026532,138.5306285080769,0.22807390778942838,0.9772930992879514,False,False
2018-05-11,182.125,0.6210020590253946,0.9072766131253737,1.3306794783802334,1.352636963864077,60.224999999999994,64.22400704374502,69.025,16.887246834541315,47.3367602092037,0.09272338687462633,0.35263696386407695,False,False
2018-05-14,187.65,0.6027178257394085,0.9663793116046016,1.291500133226752,1.1627416469967187,54.70000000000002,30.53847005893425,74.55,6.308922177396511,24.22954788153774,0.033620688395398446,0.16274164699671867,False,False
2018-05-15,186.6,0.6061093247588424,0.8162600765256789,1.2987674169346195,1.1626362430172583,55.75,30.347922947020407,73.50000000000001,34.28586972030831,-3.937946773287905,0.1837399234743211,0.16263624301725832,False,False
2018-05-16,195.85,0.5774827674240489,0.9391106114144335,1.2374266019913198,1.1535101505975986,46.49999999999997,30.064962994539684,82.75000000000001,11.925186754483207,18.139776240056477,0.06088938858556647,0.15351015059759865,False,False
2018-05-17,235.0,0.4812765957446808,0.8370536406207795,1.0312765957446808,1.9672846465080913,7.349999999999994,227.31189192940144,121.90000000000002,38.29239445411682,189.01949747528462,0.16294635937922053,0.9672846465080913,False,False
2018-05-18,218.05,0.5186883742260949,0.8246249413559806,1.111442329740885,1.2867454622176493,24.299999999999983,62.52484803655841,104.95,38.24053153732842,24.284316499229988,0.17537505864401937,0.2867454622176493,False,False
2018-05-21,218.925,0.5166152792052072,0.7604179159979607,1.1070001141943586,1.1753606005702932,23.424999999999955,38.39081947985147,105.82500000000002,52.45050774014646,-14.05968826029499,0.23958208400203929,0.17536060057029323,False,False
2018-05-22,215.525,0.5247651084560956,0.7785423337921609,1.1244635193133046,1.4382477417067594,26.82499999999996,94.4533445313493,102.425,47.72966350944452,46.72368102190478,0.22145766620783913,0.4382477417067594,False,False
2018-05-23,210.775,0.536591151702052,0.7211320118671906,1.1498042936780928,1.1662440116538826,31.575000000000017,35.040081556347104,97.675,58.77840019869291,-23.738318642345803,0.27886798813280944,0.16624401165388258,False,False
2018-05-24,208.325,0.5429017160686428,0.7141499355729644,1.1633265330613225,1.981110615518868,34.025000000000006,204.38986897796815,95.22499999999998,59.54971467176219,144.84015430620596,0.28585006442703564,0.981110615518868,False,False
2018-05-25,215.625,0.5245217391304348,0.9012812755000915,1.123942028985507,1.1950373034352026,26.724999999999966,42.05491855321554,102.525,21.28622497029278,20.768693582922765,0.09871872449990848,0.19503730343520265,False,False
2018-05-28,211.6,0.5344990548204158,0.885815437949715,1.1453213610586008,1.164749652824818,30.749999999999943,34.861026537731505,98.50000000000001,24.161453329840327,10.699573207891177,0.11418456205028504,0.16474965282481802,False,False
2018-05-29,213.575,0.5295563619337469,0.6388262703588684,1.134730188458387,1.1641358688832375,28.774999999999977,35.05531819673746,100.47500000000001,77.13767930810468,-42.08236111136722,0.3611737296411316,0.1641358688832375,False,False
2018-05-30,214.8,0.5265363128491619,0.8789362296307182,1.1282588454376163,1.1556005680782058,27.549999999999983,33.42300202319859,101.70000000000003,26.004497875321732,7.41850414787686,0.12106377036928184,0.15560056807820577,False,False
2018-05-31,212.7,0.5317348377997179,0.7191046456781338,1.1393982134461684,1.9826325225702301,29.650000000000034,209.00593755068792,99.60000000000001,59.74644186426093,149.259495686427,0.2808953543218662,0.9826325225702301,False,False
2018-06-01,212.55,0.5321100917431192,0.9124365035850229,1.14020230533992,1.1434251325760494,29.799999999999983,30.485011929039302,99.45000000000002,18.611621163003377,11.873390766035925,0.08756349641497707,0.14342513257604939,False,False
2018-06-04,206.325,0.5481643038894948,0.7405783482638948,1.1746031746031746,1.633421350451793,36.025000000000006,130.69066013196618,93.22499999999998,53.52517229445189,77.16548783751429,0.2594216517361052,0.6334213504517929,False,False
2018-06-05,200.95,0.5628265737745708,0.048566994070153524,1.2060213983578003,1.848240130411511,41.39999999999998,170.4538542061931,87.85,191.19046254160264,-20.736608335409528,0.9514330059298465,0.848240130411511,False,False
2018-06-06,202.4,0.558794466403162,0.7701088913095941,1.1973814229249011,1.4767568135175582,39.94999999999999,96.49557905595375,89.30000000000001,46.52996039893816,49.9656186570156,0.22989110869040585,0.47675681351755816,False,False
2018-06-07,208.75,0.5417964071856287,0.7558041235909755,1.1609580838323352,1.1527956526602863,33.599999999999966,31.896092492834754,95.65,50.975889200383875,-19.07979670754912,0.24419587640902451,0.15279565266028627,False,False
2018-06-08,213.0,0.5309859154929577,0.7905192926986818,1.1377934272300472,1.1684074718549582,29.35000000000005,35.8707915051061,99.9,44.61939065518078,-8.748599150074682,0.20948070730131818,0.1684074718549582,False,False
2018-06-11,219.425,0.5154380767916144,0.8739348958509304,1.1044776119402984,1.4584880035120142,22.924999999999983,100.60373017062375,106.32500000000003,27.66183547790959,72.94189469271416,0.12606510414906957,0.45848800351201424,False,False
2018-06-12,232.675,0.4860857419146878,0.8506316331490251,1.041581605243365,1.1416245869050325,9.674999999999955,32.95250075812845,119.57500000000003,34.754284757050584,-1.801783998922133,0.14936836685097488,0.14162458690503255,False,False
2018-06-13,231.2,0.4891868512110726,0.6133353714012963,1.0482266435986158,1.9435318580018248,11.149999999999977,218.14456557002188,118.10000000000001,89.39686213202029,128.7477034380016,0.38666462859870365,0.9435318580018248,False,False
2018-06-14,225.975,0.5004978426817126,0.8792882442916009,1.072463768115942,1.1281089207948753,16.37499999999997,28.949413376621948,112.87499999999999,27.277838996205475,1.671574380416473,0.1207117557083991,0.12810892079487535,False,False
2018-06-15,226.075,0.5002764569280106,0.7238198842616218,1.0719893840539645,1.1468780059183992,16.275000000000034,33.2054451880021,112.975,62.43741966555385,-29.231974477551745,0.2761801157383782,0.14687800591839917,False,False
2018-06-18,231.25,0.4890810810810809,0.552081680398308,1.048,1.6342633022801467,11.100000000000023,146.6733886522839,118.15000000000005,103.58111140789129,43.09227724439262,0.44791831960169204,0.6342633022801467,False,False
2018-06-19,223.4,0.5062667860340196,0.8153630935828518,1.0848254252461949,1.4513668778329554,18.949999999999932,100.83536050788226,110.30000000000001,41.24788489359091,59.58747561429135,0.18463690641714825,0.45136687783295537,False,False
2018-06-20,215.1,0.5258019525801952,0.813340596367706,1.1266852626685262,1.1328939013594899,27.24999999999997,28.58547818242627,102.0,40.150437721306446,-11.564959538880174,0.18665940363229405,0.13289390135948986,False,False
2018-06-21,216.675,0.5219799238490826,0.7926857102702409,1.1184954424829814,1.1526349783843137,25.674999999999983,33.07218394142117,103.57500000000002,44.919823727195535,-11.847639785774362,0.20731428972975907,0.15263497838431372,False,False
2018-06-22,215.7,0.5243393602225312,0.8798680196629793,1.1235512285581828,1.4526709897471526,26.650000000000034,97.64113248846081,102.60000000000001,25.91246815869536,71.72866432976545,0.12013198033702066,0.4526709897471526,False,False
2018-06-25,215.525,0.5247651084560956,0.7456855112719831,1.1244635193133046,1.1625947945746073,26.82499999999996,35.04324310069225,102.425,54.81113018310583,-19.76788708241358,0.2543144887280169,0.16259479457460735,False,False
2018-06-26,222.725,0.5078011000112246,0.6146904683262191,1.0881131440116736,1.961122166154735,19.625,214.06593445681332,109.625,85.81806544204284,128.2478690147705,0.3853095316737809,0.9611221661547349,False,False
2018-06-27,222.0,0.5094594594594595,0.8715286129651905,1.0916666666666666,1.1780751135557421,20.349999999999966,39.53267520937476,108.89999999999999,28.520647921727715,11.012027287647044,0.12847138703480954,0.17807511355574213,False,False
2018-06-28,113.1,1.0,0.852068174364526,2.142793987621574,1.5384185907773869,129.25000000000003,60.89514261692244,0.0,16.731089479372116,44.164053137550326,0.14793182563547402,0.5384185907773869,False,False
2018-06-29,236.95,0.7543785608778224,0.8880600438161648,1.0227896180628826,0.9914838671686742,5.400000000000034,2.0178976743826524,58.19999999999999,26.524172617759746,-24.506274943377093,0.11193995618383523,-0.008516132831325796,False,True
2018-07-02,234.55,0.7620976337667874,0.8475098275815955,1.0332551694734595,1.1554322465052658,7.799999999999926,36.45663341781011,55.80000000000001,35.76656994073676,0.6900634770733518,0.15249017241840446,0.15543224650526577,False,False
2018-07-03,238.55,0.7493188010899182,0.8336303924357111,1.0159295745126806,1.2653592863400533,3.7999999999999545,63.30145775641972,59.80000000000001,39.68746988446111,23.613987871958614,0.16636960756428887,0.26535928634005335,False,False
2018-07-04,242.35,0.7375696306994017,0.8193737911115229,1.0,1.2054190939941616,0.0,49.78331742948504,63.599999999999994,43.77476172412244,6.008555705362596,0.18062620888847714,0.20541909399416158,False,False
2018-07-05,238.05,0.7508926696072253,0.8387147265239383,1.0,1.2382304479079167,0.0,56.71075812447958,59.30000000000001,38.3939593509765,18.31679877350308,0.1612852734760617,0.2382304479079167,False,False
2018-07-06,231.2,0.7731401384083045,0.7968257378875141,1.0,1.2645950959319987,0.0,61.17438617947812,52.44999999999999,46.97388940040673,14.200496779071386,0.2031742621124859,0.2645950959319987,False,False
2018-07-09,227.6,0.7853690685413005,0.8433123793502464,1.0,1.2349725435131607,0.0,53.479750903595374,48.849999999999994,35.662102459883926,17.817648443711448,0.1566876206497536,0.23497254351316066,False,False
2018-07-10,220.15,0.8119464001816943,0.808110014159108,1.0306609130138542,1.2069109054472666,6.75,45.551435834215766,41.400000000000006,42.244580382872385,3.306855451343381,0.191889985840892,0.20691090544726665,False,False
2018-07-11,221.3,0.807727067329417,0.8127977945009103,1.025305015815635,1.2352433964259422,5.600000000000023,52.05936362906101,42.55000000000001,41.42784807694855,10.631515552112461,0.18720220549908972,0.23524339642594216,False,False
2018-07-12,218.3,0.8188273018781493,0.7979064105291895,1.039395327530921,1.2791669029493264,8.600000000000023,60.94213491383795,39.55000000000001,44.117030581477934,16.825104332360013,0.20209358947081046,0.27916690294932645,False,False
2018-07-13,216.85,0.8243025132580125,0.8114725686812281,1.046345400046115,1.2394302921975664,10.05000000000004,51.920458863042285,38.099999999999994,40.88217348147569,11.038285381566595,0.18852743131877192,0.2394302921975664,False,False
2018-07-16,209.2,0.8544455066921607,0.7616754880875027,1.0846080305927344,1.281020801844918,17.700000000000017,58.78955174595683,30.44999999999999,49.85748789209441,8.932063853862417,0.23832451191249726,0.28102080184491807,False,False
2018-07-17,208.35,0.8579313654907608,0.7651402191081247,1.0890328773698106,1.2760066805734394,18.55000000000004,57.50599189747609,29.599999999999994,48.933035348822216,8.572956548653877,0.2348597808918753,0.27600668057343936,False,False
2018-07-18,211.05,0.8469556977019663,0.8338095656476453,1.0751006870409856,1.2354804759862255,15.850000000000023,49.698154456892894,32.30000000000001,35.07449117006445,14.623663286828446,0.1661904343523547,0.23548047598622546,False,False
2018-07-19,212.45,0.8413744410449518,0.7915902554939397,1.068016003765592,1.2745800499663973,14.449999999999989,58.33453161536107,33.69999999999999,44.27665022031252,14.057881395048554,0.2084097445060603,0.2745800499663973,False,False
2018-07-20,213.5,0.8372365339578455,0.8268280547625628,1.0627634660421543,1.2823081779168501,13.399999999999949,60.27279598524751,34.75,36.97221030819284,23.30058567705467,0.17317194523743717,0.28230817791685014,False,False
2018-07-23,218.5,0.8180778032036613,0.7862365137285676,1.0384439359267734,1.2142358504218111,8.400000000000006,46.81053331716572,39.75,46.70732175030798,0.10321156685773758,0.21376348627143238,0.21423585042181115,False,False
2018-07-24,226.9,0.7877919788453063,0.8073235766231112,1.0,1.2119034650197413,0.0,48.0808962129793,48.150000000000006,43.718280464216065,4.362615748763233,0.19267642337688884,0.21190346501974133,False,False
2018-07-25,226.2,0.7902298850574713,0.8013412726508292,1.0,1.2134110482417726,0.0,48.273579112288985,47.44999999999999,44.936604126382434,3.3369749859065507,0.19865872734917078,0.2134110482417726,False,False
2018-07-26,224.25,0.7971014492753623,0.8022235455930844,1.0008918617614269,1.2223017394698257,0.1999999999999602,49.85116507610843,45.5,44.351369900750825,5.499795175357605,0.1977764544069156,0.22230173946982568,False,False
2018-07-27,224.45,0.7963911784361773,0.7932589575204961,1.0,1.293689237753135,0.0,65.91854941369115,45.69999999999999,46.403026984524644,19.51552242916651,0.20674104247950387,0.29368923775313505,False,False
2018-07-30,219.05,0.8160237388724035,0.7834216733270889,1.020314996576124,1.2439702371293295,4.44999999999996,53.44168044317962,40.30000000000001,47.44148245770117,6.000197985478451,0.2165783266729111,0.24397023712932953,False,False
2018-07-31,220.0,0.8125,0.8320881484124181,1.0159090909090909,1.2464116069460396,3.5,54.210553528128685,41.25,36.94060734926802,17.269946178860664,0.16791185158758193,0.24641160694603959,False,False
2018-08-01,223.5,0.7854586129753915,0.7980164838242849,1.0,1.1856226597447697,0.0,41.486664452956006,47.94999999999999,45.143315865272314,-3.6566514123163074,0.20198351617571508,0.18562265974476966,False,False
2018-08-02,220.35,0.7966870887224871,0.819048261083047,1.0131608804175176,1.2784855766965968,2.9000000000000057,61.364296825095124,44.79999999999998,39.8727156703506,21.491581154744523,0.18095173891695304,0.2784855766965968,False,False
2018-08-03,221.6,0.7921931407942239,0.8074085281496495,1.0074458483754514,1.2431779052877945,1.650000000000034,53.88822381177525,46.04999999999998,42.67827016203768,11.209953649737571,0.19259147185035053,0.24317790528779448,False,False
2018-08-06,223.25,0.7863381858902576,0.8334403345446936,1.0,1.2467555684700096,0.0,55.08818066092965,47.69999999999999,37.18444531289717,17.903735348032484,0.16655966545530643,0.24675556847000957,False,False
2018-08-07,220.95,0.7945236478841368,0.8293030440729038,1.006336275175379,1.2130833244509083,1.4000000000000057,47.080760537428205,45.39999999999998,37.71549241209192,9.365268125336286,0.17069695592709622,0.21308332445090827,False,False
2018-08-08,220.75,0.7952434881087204,0.827574120884476,1.0072480181200454,1.2281992974276232,1.6000000000000227,50.37499490714782,45.19999999999999,38.063012814751914,12.311982092395908,0.17242587911552398,0.22819929742762324,False,False
2018-08-09,219.8,0.7986806187443131,0.8014113475089305,1.0116014558689717,1.221606450146924,2.549999999999983,48.709097742293864,44.25,43.649785817537065,5.059311924756798,0.1985886524910695,0.22160645014692393,False,False
2018-08-10,222.2,0.7900540054005402,0.8105842124358,1.0006750675067506,1.2333999666102673,0.14999999999997726,51.861472580801376,46.64999999999998,42.08818799676524,9.773284584036134,0.18941578756419997,0.2333999666102673,False,False
2018-08-13,220.9,0.7947034857401539,0.778060202461059,1.0065640561339972,1.25747990804966,1.4499999999999886,56.8773116881699,45.349999999999994,49.026501276352064,7.850810411817832,0.221939797538941,0.2574799080496599,False,False
2018-08-14,222.35,0.789521025410389,0.8071626722093969,1.0,1.2584725723203407,0.0,57.47137645542776,46.79999999999998,42.8773798342406,14.59399662118716,0.19283732779060314,0.2584725723203407,False,False
2018-08-16,221.9,0.7911221270842722,0.7916230115986727,1.0,1.2509525883222552,0.0,55.686379348708414,46.349999999999994,46.23885372625455,9.447525622453867,0.20837698840132735,0.2509525883222552,False,False
2018-08-17,219.05,0.8014152020086738,0.7638445929704489,1.0,1.2145976542385648,0.0,47.00761616095764,43.5,51.729841909823165,-4.722225748865526,0.23615540702955107,0.2145976542385648,False,False
2018-08-20,215.15,0.8159423657913084,0.6439418459662856,1.0062746920752963,1.31072891035981,1.3499999999999943,66.85332506391316,39.599999999999994,76.60591184035366,-9.752586776440495,0.35605815403371444,0.3107289103598101,False,False
2018-08-21,210.55,0.8337687010211351,0.8044045055452284,1.028259320826407,1.2442031451630204,5.949999999999989,51.41697221407395,35.0,41.18263135745218,10.23434085662177,0.19559549445477165,0.24420314516302044,False,False
2018-08-23,207.85,0.8364204955496752,0.7847872476568409,1.0416165503969208,1.2787405090501136,8.649999999999977,57.93621480606609,34.0,44.731970574525604,13.204244231540486,0.21521275234315906,0.2787405090501136,False,False
2018-08-24,201.95,0.8608566476850705,0.7788332691665633,1.0720475365189404,1.2738095572422208,14.550000000000011,55.29584008506646,28.099999999999994,44.66462129181255,10.631218793253908,0.22116673083343674,0.2738095572422208,False,False
2018-08-27,204.15,0.8515797207935342,0.8416361504346588,1.0604947342640216,1.2611713892904066,12.350000000000023,53.318139123636485,30.30000000000001,32.3299798887644,20.988159234872086,0.15836384956534122,0.2611713892904066,False,False
2018-08-28,205.85,0.8445470002428953,0.8362221599627256,1.0517367014816614,1.242373823383501,10.650000000000006,49.89265154349371,32.0,33.713668371672924,16.17898317182079,0.16377784003727436,0.2423738233835011,False,False
2018-08-29,207.95,0.8360182736234671,0.8420025422337921,1.0411156528011545,1.2417335579243647,8.550000000000068,50.26849337037163,34.099999999999994,32.85557134248293,17.412922027888698,0.15799745776620788,0.24173355792436468,False,False
2018-08-30,213.75,0.8133333333333334,0.7819224585750809,1.0128654970760234,1.1760353060103752,2.75,37.627546659717694,39.900000000000006,46.61407447957646,-8.986527819858765,0.21807754142491909,0.1760353060103752,False,False
2018-08-31,216.5,0.8030023094688221,0.8275733152592933,1.0,1.2508045665198786,0.0,54.29918865155372,42.650000000000006,37.330377246362985,16.968811405190735,0.17242668474070666,0.2508045665198786,False,False
2018-09-03,212.2,0.8192742695570217,0.789154823261088,1.0089538171536288,1.2337896424568688,1.900000000000034,49.61016212934754,38.349999999999994,44.741346503997136,4.868815625350408,0.210845176738912,0.23378964245686884,False,False
2018-09-04,212.5,0.8181176470588235,0.8512694559063869,1.0075294117647058,1.2389739791372731,1.599999999999966,50.781970566670566,38.650000000000006,31.605240619892783,19.176729946777783,0.14873054409361308,0.23897397913727314,False,False
2018-09-05,209.35,0.8304275137329831,0.8155850836565814,1.0226892763315023,1.2030732300180105,4.75,42.5133807042705,35.5,38.607262736494675,3.9061179677758275,0.18441491634341856,0.20307323001801048,False,False
2018-09-06,211.85,0.820627802690583,0.7962208589101591,1.01062072220911,1.259391360983187,2.249999999999943,54.95205982428817,38.0,43.17061103988277,11.781448784405399,0.20377914108984085,0.25939136098318705,False,False
2018-09-07,210.4,0.8262832699619771,0.8417625344195381,1.0175855513307983,1.2510074807122276,3.69999999999996,52.8119739418527,36.55000000000001,33.2931627581292,19.5188111837235,0.15823746558046192,0.25100748071222756,False,False
2018-09-10,205.25,0.8470158343483556,0.8302587725037588,1.043118148599269,1.21076573623476,8.849999999999994,43.25966736218447,31.400000000000006,34.8393869436035,8.420280418580973,0.1697412274962412,0.21076573623475992,False,False
2018-09-11,201.4,0.8632075471698113,0.8457560733853049,1.0630585898709035,1.2702971531197775,12.69999999999996,54.43784663832321,27.55000000000001,31.06472682019958,23.373119818123627,0.1542439266146951,0.27029715311977753,False,False
2018-09-12,202.2,0.8597922848664689,0.8201229788066187,1.0588526211671612,1.2267853496600192,11.899999999999977,45.85599770125589,28.349999999999994,36.371133685301714,9.484864015954173,0.17987702119338134,0.22678534966001918,False,False
2018-09-14,200.55,0.8668661181750186,0.8089096941834986,1.0675641984542508,1.2323912448417549,13.549999999999983,46.60606415301393,26.700000000000017,38.323160831499365,8.282903321514567,0.19109030581650144,0.23239124484175488,False,False
2018-09-17,203.5,0.8542997542997542,0.8065882764216323,1.052088452088452,1.223148679888464,10.599999999999966,45.41075635730243,29.650000000000006,39.359285748197834,6.051470609104598,0.19341172357836767,0.2231486798884641,False,False
2018-09-18,214.1,0.8120037365716954,0.7826544002113651,1.0,1.244130155675886,0.0,52.26826633020718,40.25,46.53369291474672,5.73457341546046,0.21734559978863488,0.24413015567588592,False,False
2018-09-19,204.75,0.8490842490842491,0.8156308018176794,1.0442002442002445,1.2698094896813943,9.050000000000068,55.2434930122655,30.900000000000006,37.74959332783013,17.493899684435377,0.18436919818232056,0.2698094896813943,False,False
2018-09-21,199.45,0.8716470293306593,0.7998132448182323,1.0719478566056655,1.2545886210097101,14.349999999999994,50.77770046038668,25.599999999999994,39.92724832100356,10.850452139383123,0.20018675518176765,0.25458862100971014,False,False
2018-09-24,196.35,0.8854087089381207,0.7871205404984523,1.0888719124013242,1.248998133336789,17.450000000000017,48.89078348067852,22.5,41.79888187312889,7.09190160754963,0.21287945950154774,0.248998133336789,False,False
2018-09-25,197.95,0.8782520838595606,0.8193600692942842,1.080070724930538,1.2345544793905434,15.849999999999966,46.43005919535807,24.099999999999994,35.75767428319645,10.672384912161618,0.18063993070571582,0.2345544793905434,False,False
2018-09-26,200.85,0.8655713218820015,0.39279389867959524,1.0644759770973364,1.3205628883491538,12.950000000000017,64.38505612492756,27.0,121.95734545020329,-57.57228932527573,0.6072061013204048,0.3205628883491538,False,False
2018-09-27,201.45,0.8629932985852569,0.8479491442502097,1.061305534872177,1.254757061221719,12.350000000000051,51.32080998311528,27.599999999999994,30.630644890795253,20.69016509232003,0.15205085574979027,0.25475706122171893,False,False
2018-09-28,195.65,0.8885765397393304,0.8290851326841165,1.0927676974188605,1.2140221919839813,18.150000000000063,41.87344186166595,21.80000000000001,33.4394937903526,8.433948071313353,0.17091486731588346,0.2140221919839813,False,False
2018-10-01,187.1,0.929182255478354,0.794016024082957,1.1427044361304115,1.2493108039965335,26.69999999999999,46.646051427751416,13.249999999999972,38.53960189407874,8.106449533672674,0.20598397591704298,0.2493108039965335,False,False
2018-10-03,193.4,0.8989141675284384,0.8328852853368253,1.1054808686659772,1.1752945314392966,20.399999999999977,33.901962380359976,19.55000000000001,32.31998581585799,1.5819765645019856,0.16711471466317473,0.17529453143929663,False,False
2018-10-04,196.05,0.8867635807192042,0.8136195555250236,1.0905381280285642,1.2505083879272547,17.75,49.11216945313828,22.200000000000017,36.53988613931912,12.572283313819156,0.18638044447497637,0.2505083879272547,False,False
2018-10-05,194.45,0.8940601697094369,0.8442630205759528,1.0995114425302135,1.214254265510132,19.350000000000023,41.66174192844517,20.599999999999994,30.283055649005973,11.378686279439194,0.15573697942404718,0.21425426551013205,False,False
2018-10-08,189.8,0.9159641728134876,0.8487293475830819,1.1264488935721813,1.2027134371228523,24.0,38.47501036591737,15.950000000000045,28.711169828731045,9.763840537186326,0.15127065241691806,0.20271343712285228,False,False
2018-10-09,187.2,0.9286858974358976,0.826502859585473,1.1420940170940173,1.186020882634764,26.600000000000023,34.82310922922781,13.349999999999966,32.478664685599455,2.344444543628356,0.17349714041452702,0.18602088263476402,False,False
2018-10-10,191.05,0.9099712117246792,0.8572500935320831,1.1190787751897409,1.1960065299189524,22.75,37.44704754101585,17.200000000000045,27.272369630695522,10.174677910320327,0.14274990646791685,0.1960065299189524,False,False
2018-10-11,189.1,0.9193548387096774,0.8134174652188555,1.130618720253834,1.2324291167751307,24.700000000000017,43.95234598217721,15.25,35.28275732711444,8.669588655062768,0.1865825347811445,0.23242911677513067,False,False
2018-10-12,208.65,0.833213515456506,0.8304462278782583,1.0246824826264078,1.2040875451249131,5.150000000000006,42.58286629031312,34.80000000000001,35.37739455320141,7.205471737111708,0.16955377212174172,0.20408754512491312,False,False
2018-10-15,197.35,0.8809222194071447,0.812671625052394,1.0833544464149991,1.2408658997186746,16.450000000000074,47.534885309480416,23.5,36.96925479591005,10.565630513570369,0.187328374947606,0.24086589971867456,False,False
2018-10-16,195.0,0.8915384615384615,0.6606458984303301,1.0964102564102565,1.2192667021488084,18.80000000000001,42.75700691901764,21.150000000000006,66.17404980608563,-23.417042887067993,0.33935410156966994,0.2192667021488084,False,False
2018-10-17,190.95,0.91044776119403,0.688511118439813,1.1196648337261064,1.2148293426710801,22.850000000000023,41.021662983042745,17.099999999999966,59.47880193391771,-18.457138950874963,0.31148888156018695,0.21482934267108011,False,False
2018-10-19,184.0,0.944836956521739,0.6829073150472027,1.1619565217391306,1.1953081343179475,29.80000000000001,35.93669671450235,10.150000000000006,58.3450540313147,-22.408357316812356,0.3170926849527973,0.19530813431794747,False,False
2018-10-22,183.25,0.9487039563437926,0.8441601352670971,1.166712141882674,1.1856882526157007,30.55000000000001,34.027372291827135,9.400000000000006,28.557655212304468,5.469717079522667,0.1558398647329029,0.18568825261570066,False,False
2018-10-23,178.75,0.9725874125874124,0.8355839329860882,1.196083916083916,1.2334014675950056,35.04999999999998,41.72051233260726,4.900000000000034,29.389371978736733,12.331140353870524,0.16441606701391176,0.23340146759500557,False,False
2018-10-24,184.8,0.9407467532467532,0.8746316157497068,1.156926406926407,1.212444553362272,29.0,39.259753461347884,10.950000000000017,23.168077409454185,16.0916760518937,0.12536838425029317,0.21244455336227208,False,False
2018-10-25,179.65,0.9677150013915948,0.8486184234792733,1.1900918452546618,1.2258895694829695,34.150000000000006,40.581061157615466,5.799999999999983,27.195700221948556,13.38536093566691,0.1513815765207267,0.22588956948296945,False,False
2018-10-26,179.45,0.9687935358038452,0.8511677344646988,1.1914182223460574,1.2215077042539422,34.349999999999994,39.749557528369934,5.599999999999966,26.70795005030979,13.041607478060143,0.14883226553530116,0.22150770425394217,False,False
2018-10-29,180.3,0.9642262895174708,0.8411939226919934,1.1858014420410428,1.1940931208745982,33.5,34.99498969369006,6.450000000000017,28.632735738633585,6.362253955056474,0.15880607730800655,0.19409312087459818,False,False
2018-10-30,185.35,0.9379552198543296,0.8369749012108315,1.153493390882115,1.168535834381899,28.450000000000017,31.238116902684993,11.5,30.216702060572374,1.0214148421126197,0.1630250987891685,0.168535834381899,False,False
2018-10-31,189.35,0.9181410087140216,0.8572192843856505,1.1291259572220755,1.2045265241544667,24.44999999999999,38.72709734864827,15.5,27.035528501577062,11.69156884707121,0.14278071561434946,0.2045265241544667,False,False
2018-11-01,192.4,0.9035862785862784,0.8091988331163414,1.1112266112266111,1.1886744540632692,21.399999999999977,36.30096496177299,18.55000000000004,36.71014450841591,-0.40917954664291756,0.19080116688365856,0.18867445406326921,False,False
2018-11-02,192.3,0.9040561622464898,0.8496148875170644,1.1118044721788871,1.1869724540196442,21.5,35.95480290797758,18.450000000000017,28.91905713046853,7.0357457775090495,0.15038511248293562,0.18697245401964424,False,False
2018-11-05,189.65,0.9166886369628262,0.8457779138637339,1.1273398365409966,1.2253829331478445,24.150000000000006,42.743873271488724,15.800000000000011,29.24821863574286,13.495654635745865,0.1542220861362661,0.22538293314784452,False,False
2018-11-06,191.4,0.908307210031348,0.8508252692650307,1.117032392894462,1.1736091994242412,22.400000000000034,33.22880076979976,17.55000000000001,28.55204346267314,4.676757307126621,0.14917473073496934,0.17360919942424125,False,False
2018-11-07,193.35,0.8991466252909232,0.8436214798395204,1.1057667442461858,1.1920389667025955,20.450000000000017,37.130734211946844,19.5,30.23578687302873,6.894947338918115,0.1563785201604796,0.19203896670259546,False,False
2018-11-09,191.35,0.8481839561013851,0.8259437462938539,1.1173242748889471,1.1761161469072967,22.450000000000045,33.699824710711226,29.049999999999955,33.30566414667106,0.3941605640401633,0.17405625370614608,0.1761161469072967,False,False
2018-11-12,188.2,0.8283740701381509,0.8540235015509807,1.1360255047821468,1.209736702767315,25.600000000000023,39.47244746080867,32.30000000000001,27.472777008105425,11.999670452703242,0.14597649844901928,0.20973670276731493,False,False
2018-11-13,185.25,0.8415654520917679,0.8625901495605575,1.1541160593792172,1.2037084009468697,28.549999999999983,37.7369812754076,29.349999999999994,25.455174793906735,12.281806481500865,0.13740985043944254,0.2037084009468697,False,False
2018-11-14,186.85,0.8027829810008028,0.8451503879346203,1.1442333422531443,1.1653923420602466,26.950000000000017,30.903559113957073,36.849999999999994,28.9336500144162,1.969909099540871,0.15484961206537973,0.16539234206024656,False,False
2018-11-15,186.65,0.7950709884811143,0.8296027708145918,1.1454594160192877,1.175324152620087,27.150000000000034,32.72425308653925,38.25,31.804642827456433,0.9196102590828161,0.17039722918540823,0.17532415262008705,False,False
2018-11-16,185.35,0.7949824656056109,0.8006557065429049,1.153493390882115,1.1623391657782824,28.450000000000017,30.08956437700465,38.00000000000003,36.948464792272574,-6.858900415267925,0.19934429345709515,0.16233916577828245,False,False
2018-11-19,187.1,0.7822020309994655,0.8210497580333859,1.1427044361304115,1.1890140073062743,26.69999999999999,35.36452076700391,40.75,33.48159027195351,1.8829304950504024,0.17895024196661413,0.18901400730627427,False,False
2018-11-20,186.65,0.7840878649879452,0.8769766661722134,1.1454594160192877,1.1953012322912169,27.150000000000034,36.45297500715563,40.30000000000001,22.962305258956377,13.490669748199252,0.12302333382778663,0.19530123229121688,False,False
2018-11-21,185.6,0.7885237068965517,0.8580336176298412,1.151939655172414,1.2119083031840094,28.200000000000017,39.330181070952165,39.25,26.348960567901457,12.981220503050707,0.1419663823701588,0.21190830318400944,False,False
2018-11-22,183.0,0.7997267759562842,0.8510748813206127,1.1683060109289618,1.182995817645425,30.80000000000001,33.48823462911275,36.650000000000006,27.253296718327874,6.234937910784879,0.1489251186793873,0.18299581764542494,False,False
2018-11-26,192.95,0.7584866545737238,0.8610344535767014,1.1080590826639027,1.2191307030268854,20.850000000000023,42.28126914903754,46.599999999999994,26.813402182375455,15.467866966662086,0.1389655464232986,0.21913070302688542,False,False
2018-11-27,185.0,0.7910810810810811,0.7901210182633758,1.1556756756756756,1.2204716355757927,28.799999999999983,40.78725258152167,38.650000000000006,38.82761162127548,1.9596409602461904,0.20987898173662423,0.22047163557579275,False,False
2018-11-28,185.05,0.7908673331532018,0.8468270816729448,1.155363415293164,1.2179226944202108,28.75,40.326594602460005,38.70000000000002,28.344648536421545,11.98194606603846,0.15317291832705515,0.21792269442021084,False,False
2018-11-29,187.65,0.7799094058086863,0.8282276453795118,1.1393551825206505,1.156991896674514,26.150000000000063,29.45952941097258,41.30000000000001,32.23308234453461,-2.77355293356203,0.17177235462048823,0.15699189667451408,False,False
2018-11-30,186.0,0.7868279569892472,0.8368208999139025,1.1494623655913978,1.183458542338777,27.799999999999983,34.12328887501249,39.650000000000006,30.351312616014127,3.7719762589983645,0.16317910008609748,0.1834585423387769,False,False
2018-12-03,186.65,0.7840878649879452,0.8238450495954533,1.1454594160192877,1.1875585808089293,27.150000000000034,35.007809107986645,40.30000000000001,32.87932149300863,2.128487614978013,0.17615495040454665,0.1875585808089293,False,False
2018-12-04,188.75,0.775364238410596,0.8268572354956203,1.1327152317880795,1.1890064790340158,25.05000000000001,35.67497291767049,42.400000000000006,32.68069680020167,2.9942761174688144,0.1731427645043797,0.1890064790340158,False,False
2018-12-05,187.35,0.7811582599412864,0.8186789231453009,1.1411796103549507,1.2053459077968656,26.450000000000017,38.47155582574277,41.0,33.97050374872788,4.50105207701489,0.18132107685469911,0.20534590779686557,False,False
2018-12-06,183.45,0.7977650585990733,0.7649954379550263,1.165440174434451,1.1693473415682212,30.350000000000023,31.066769810690175,37.099999999999994,43.11158690715041,-12.044817096460235,0.23500456204497366,0.16934734156822118,False,False
2018-12-07,182.15,0.8034586878945923,0.8388579448138953,1.1737578918473786,1.1908693645161204,31.650000000000006,34.76685474661133,35.80000000000001,29.352025352148985,5.414829394462345,0.1611420551861047,0.19086936451612035,False,False
2018-12-10,182.0,0.804120879120879,0.8328878095833474,1.1747252747252748,1.1885688883261458,31.80000000000001,34.31953767535853,35.650000000000006,30.414418655830787,3.9051190195277456,0.1671121904166526,0.18856888832614582,False,False
2018-12-11,183.2,0.798853711790393,0.8245974386139532,1.1670305676855897,1.2150212532893174,30.600000000000023,39.39189360260295,36.849999999999994,32.13374924592378,7.258144356679168,0.17540256138604682,0.21502125328931743,False,False
2018-12-12,193.85,0.7549651792623162,0.8495937570198228,1.1029146247098274,1.166238527507278,19.950000000000045,32.22533855728582,47.5,29.156250201707365,3.069088355578458,0.15040624298017724,0.16623852750727797,False,False
2018-12-13,193.95,0.7545759216292859,0.8557371293752684,1.1023459654550145,1.0356136089583958,19.85000000000005,6.907259457480876,47.599999999999994,27.979783757666695,-21.07252430018582,0.14426287062473164,0.035613608958395826,False,False
2018-12-14,190.0,0.7702631578947368,0.8314229714359611,1.1252631578947372,1.177835500077817,23.800000000000068,33.788745014785206,43.650000000000006,32.02963542716739,1.7591095876178144,0.1685770285640389,0.1778355000778169,False,False
2018-12-17,190.25,0.7692509855453351,0.8563577927364882,1.123784494086728,1.194589398172252,23.55000000000001,37.02063300227093,43.900000000000006,27.32792993188312,9.692703070387807,0.14364220726351185,0.19458939817225196,False,False
2018-12-19,200.8,0.7288346613545816,0.8591179157378096,1.0647410358565736,1.219819753435874,13.0,44.13980648992347,54.45000000000002,28.289122519847837,15.850683970075636,0.1408820842621904,0.2198197534358739,False,False
2018-12-20,200.5,0.7299251870324189,0.8617079306477214,1.0663341645885287,1.1860291256532614,13.300000000000011,37.2988396934789,54.150000000000006,27.72755990513184,9.571279788347056,0.13829206935227856,0.18602912565326135,False,False
2018-12-21,199.7,0.7328492739108663,0.8735721626817117,1.070605908863295,1.215964011732008,14.100000000000023,43.128013142882,53.349999999999994,25.247639112462167,17.88037403041983,0.12642783731828833,0.21596401173200808,False,False
2018-12-24,199.25,0.7345043914680051,0.8535130851134851,1.0730238393977416,1.203393125094558,14.550000000000011,40.52608017509067,52.900000000000006,29.187517791138077,11.338562383952592,0.14648691488651489,0.20339312509455798,False,False
2018-12-26,198.7,0.7365374937091093,0.8991673304283608,1.0759939607448417,1.2285602219727707,15.100000000000051,45.41491610598953,52.349999999999994,20.03545144388471,25.379464662104823,0.10083266957163917,0.2285602219727707,False,False
2018-12-27,200.65,0.7293795165711437,0.8776786772774494,1.0655370047346124,1.20858305678188,13.149999999999977,41.852190343284235,54.30000000000001,24.54377340427976,17.308416939004474,0.12232132272255059,0.20858305678188005,False,False
2018-12-28,208.95,0.7004067958841829,0.8417061099438692,1.0232112945680791,1.1820254068259037,4.850000000000136,38.03420875627259,62.599999999999994,33.07550832722853,4.9587004290440575,0.15829389005613081,0.18202540682590373,False,False
2018-12-31,213.8,0.6845182413470533,0.8607799921068002,1.0,1.1842198370309596,0.0,39.38620115721915,67.45000000000002,29.7652376875661,9.620963469653049,0.13922000789319977,0.18421983703095957,False,False
2019-01-01,211.6,0.6916351606805293,0.8713430508695977,1.0,1.2248535491313117,0.0,47.57901099618559,65.25,27.22381043599313,20.355200560192458,0.12865694913040226,0.22485354913131173,False,False
2019-01-02,204.7,0.7149487054225696,0.8485208566799582,1.0026868588177822,1.2048248205979875,0.5500000000000114,41.927640776408026,58.349999999999994,31.00778063761254,10.919860138795485,0.15147914332004175,0.20482482059798746,False,False
2019-01-03,201.55,0.7261225502356735,0.8764386594792846,1.0183577276110145,1.2001099739470868,3.69999999999996,40.33216524903537,55.20000000000002,24.903788181950205,15.428377067085165,0.12356134052071543,0.20010997394708685,False,False
2019-01-04,203.9,0.7177538008827856,0.8869343651220878,1.006620892594409,1.2291536179154667,1.349999999999966,46.72442269296366,57.55000000000001,23.05408295160629,23.670339741357367,0.11306563487791221,0.22915361791546673,False,False
2019-01-07,205.25,0.7130328867235078,0.8626645357671193,1.0,1.232933286729738,0.0,47.80955710127873,58.900000000000006,28.188104033798766,19.621453067479962,0.13733546423288068,0.232933286729738,False,False
2019-01-08,204.05,0.7172261700563587,0.8776378528093289,1.0,1.2545700398019937,0.0,51.94501662159681,57.70000000000002,24.967996134256424,26.977020487340383,0.12236214719067107,0.25457003980199366,False,False
2019-01-09,203.85,0.7179298503801815,0.8931419165972929,1.0,1.2079746115947587,0.0,42.39562457359156,57.5,21.78302030164184,20.61260427194972,0.10685808340270708,0.20797461159475872,False,False
2019-01-10,202.15,0.7239673509769973,0.8928191172620588,1.0,1.2383765795024044,0.0,48.18782554641106,55.80000000000001,21.666615445474832,26.52121010093623,0.10718088273794124,0.23837657950240443,False,False
2019-01-11,199.35,0.7341359418108854,0.8980036654651669,1.0,1.2340550240880417,0.0,46.658869051951115,53.0,20.332969289518985,26.32589976243213,0.10199633453483314,0.23405502408804169,False,False
2019-01-14,197.85,0.7397017942886025,0.8994510504565527,1.0,1.209993968118756,0.0,41.547306592295854,51.5,19.893609667171035,21.65369692512482,0.10054894954344729,0.20999396811875592,False,False
2019-01-15,197.65,0.7404502909182898,0.8837699294469452,1.0,1.2437074408623874,0.0,48.16877568645086,51.30000000000001,22.972873444811285,25.195902241639573,0.11623007055305479,0.24370744086238738,False,False
2019-01-16,196.95,0.7430820005077431,0.8863599480131217,1.0,1.212490234082444,0.0,41.849951602537345,50.599999999999994,22.38140823881568,19.468543363721665,0.11364005198687832,0.21249023408244394,False,False
2019-01-17,196.45,0.7449732756426571,0.8828053339016366,1.001272588444897,1.2558530020031973,0.25,50.262322243528104,50.099999999999994,23.02289215502347,27.239430088504633,0.11719466609836338,0.25585300200319727,False,False
2019-01-18,196.7,0.7440264361972547,0.8555844517882181,1.0,1.2003660268869114,0.0,39.41199748865546,50.349999999999994,28.406538333257515,11.005459155397944,0.14441554821178193,0.2003660268869114,False,False
2019-01-21,196.6,0.7444048830111902,0.8285848135238625,1.0,1.1544983980248342,0.0,30.374385051682395,50.25,33.700225661208634,-3.3258406095262387,0.17141518647613752,0.15449839802483423,False,False
2019-01-22,193.6,0.7559400826446281,0.9192383714399281,1.005681818181818,1.2447160160491488,1.0999999999999375,47.37702070711521,47.25,15.635451289229906,31.7415694178853,0.08076162856007185,0.24471601604914883,False,False
2019-01-23,192.75,0.7592736705577172,0.8989315019322874,1.0101167315175097,1.280437635756147,1.9499999999999886,54.054354291997356,46.400000000000006,19.480953002551587,34.57340128944577,0.10106849806771256,0.2804376357561471,False,False
2019-01-24,180.0,0.8130555555555555,0.7881434499316387,1.0816666666666666,1.256567796688343,14.699999999999989,46.18220340390175,33.650000000000006,38.134179012305054,8.048024391596698,0.21185655006836135,0.25656779668834306,False,False
2019-01-25,178.95,0.8178262084381113,0.8880511395243347,1.0880134115674769,1.2085823600884333,15.75,37.32581333782514,32.599999999999994,20.033248582120308,17.29256475570483,0.11194886047566532,0.20858236008843334,False,False
2019-01-28,175.55,0.8336656223298204,0.8725339845030964,1.1090857305610935,1.2427778791837387,19.149999999999977,42.61965669070534,29.200000000000017,22.37665902048144,20.2429976702239,0.12746601549690362,0.24277787918373872,False,False
2019-01-29,180.2,0.8121531631520533,0.8953660641470726,1.0804661487236404,1.2340587417781725,14.5,42.17738526842669,33.849999999999994,18.855035240697504,23.322350027729186,0.10463393585292735,0.23405874177817254,False,False
2019-01-30,184.35,0.7938703553024139,0.8867931134492046,1.0561432058584217,1.2139787734251972,10.350000000000051,39.4469868809351,38.0,20.86968953563911,18.57729734529599,0.11320688655079536,0.21397877342519722,False,False
2019-01-31,184.7,0.792365998917163,0.8920194599554518,1.0541418516513266,1.2039001461407113,10.000000000000028,37.66035699218938,38.349999999999994,19.944005746228044,17.716351245961334,0.10798054004454816,0.20390014614071128,False,False
2019-02-01,185.0,0.7910810810810811,0.8619839295997284,1.0524324324324323,1.1869009972027913,9.699999999999989,34.576684482516384,38.650000000000006,25.53297302405025,9.043711458466134,0.13801607040027164,0.1869009972027913,False,False
2019-02-05,184.35,0.7938703553024139,0.8437293197864328,1.0561432058584217,1.2032921518258162,10.350000000000051,37.476908189089215,38.0,28.808499897371092,8.668408291718123,0.15627068021356716,0.20329215182581617,False,False
2019-02-06,178.2,0.8212682379349047,0.8609088695490084,1.0925925925925926,1.1715353714706418,16.5,30.567603196068376,31.849999999999994,24.786039446366715,5.781563749701661,0.13909113045099164,0.1715353714706418,False,False
2019-02-07,176.45,0.8294134315670162,0.8853359785969643,1.1034287333522244,1.2434680984032216,18.25,42.95994596324846,30.099999999999994,20.232466576565628,22.72747938668283,0.11466402140303567,0.2434680984032216,False,False
2019-02-08,180.8,0.8094579646017698,0.8531766863095257,1.0768805309734513,1.2415691801030568,13.899999999999977,43.67570776263267,34.45000000000002,26.545655115237764,17.130052647394905,0.1468233136904743,0.24156918010305684,False,False
2019-02-11,179.85,0.8137336669446761,0.8506195916239393,1.0825688073394495,1.219198474005782,14.849999999999994,39.42284554993989,33.5,26.86606644643453,12.556779103505363,0.1493804083760607,0.21919847400578196,False,False
2019-02-12,181.35,0.8070030328094844,0.8895703616475927,1.0736145574855251,1.1916669076609314,13.349999999999994,34.75879370430991,35.0,20.026414915209045,14.732378789100864,0.11042963835240727,0.19166690766093142,False,False
2019-02-13,182.85,0.8003828274541974,0.9169199315987107,1.0648072190319935,1.2346253823258921,11.850000000000023,42.90125115828937,36.5,15.191190507175747,27.710060651113622,0.08308006840128934,0.23462538232589214,False,False
2019-02-14,179.05,0.8173694498743367,0.8881256175910218,1.0874057525830771,1.2374668999379737,15.649999999999977,42.51844843389418,32.70000000000002,20.031108170327542,22.487340263566637,0.11187438240897818,0.23746689993797365,False,False
2019-02-15,177.1,0.826369282891022,0.8761512568508203,1.0993788819875776,1.2532483297842327,17.599999999999994,44.850279204787626,30.75,21.933612411719736,22.91666679306789,0.12384874314917971,0.25324832978423273,False,False
2019-02-18,173.85,0.8418176589013517,0.8969460739092012,1.1199309749784296,1.2403099559357502,20.849999999999994,41.77788583943018,27.5,17.915925050885363,23.86196078854482,0.10305392609079878,0.24030995593575022,False,False
2019-02-19,174.2,0.8401262916188289,0.9097379720452681,1.1176808266360505,1.2164967789688976,20.5,37.713738896381955,27.849999999999994,15.723645269714297,21.990093626667658,0.09026202795473193,0.21649677896889763,False,False
2019-02-20,180.0,0.8130555555555555,0.8573622821234491,1.0816666666666666,1.2532276720593785,14.699999999999989,45.58098097068813,33.650000000000006,25.674789217779164,19.906191752908967,0.14263771787655088,0.25322767205937846,False,False
2019-02-21,180.3,0.8117027176927343,0.897599740101794,1.0798668885191347,1.2502003707584128,14.399999999999977,45.11112684774184,33.95000000000002,18.462766859646536,26.648359988095308,0.102400259898206,0.25020037075841284,False,False
2019-02-22,180.15,0.8123785734110462,0.8475039564400104,1.0807660283097418,1.2684761407258576,14.549999999999983,48.36597675176324,33.80000000000001,27.472162247332136,20.893814504431106,0.15249604355998958,0.26847614072585757,False,False
2019-02-25,180.55,0.8103018554417059,0.8744464969242352,1.0783716422043754,1.243120516838425,14.149999999999977,43.89540931517763,34.25,22.668684980329346,21.226724334848285,0.12555350307576485,0.24312051683842495,False,False
2019-02-26,178.3,0.8205272013460458,0.8252242181937707,1.0919798093101514,1.2007079267715552,16.399999999999977,35.786223343368306,32.00000000000003,31.16252189605069,4.623701447317615,0.17477578180622932,0.20070792677155525,False,False
2019-02-27,177.95,0.8221410508569824,0.807581904906828,1.09412756392245,1.2162251310341883,16.74999999999997,38.477262067533815,31.649999999999977,34.240800021829955,4.23646204570386,0.19241809509317198,0.21622513103418828,False,False
2019-02-28,179.85,0.8134556574923548,0.9110750898193394,1.0825688073394495,1.216906013770433,14.849999999999994,39.0105465766124,33.54999999999998,15.99314509599182,23.017401480620578,0.08892491018066062,0.21690601377043306,False,False
2019-03-01,179.75,0.8139082058414465,0.8851939148732304,1.0831710709318498,1.1743688251112063,14.950000000000017,31.342796313739342,33.44999999999999,20.636393801536826,10.706402512202516,0.1148060851267696,0.17436882511120633,False,False
2019-03-05,184.9,0.7706868577609518,0.9209299002937921,1.0530016224986478,1.2475997106834513,9.799999999999983,45.78118650537016,42.400000000000006,14.620061435677854,31.161125069692304,0.07907009970620793,0.24759971068345132,False,False
2019-03-06,190.3,0.7488176563321072,0.8992670732417359,1.0231213872832372,1.2138877127996386,4.400000000000034,40.70283174577122,47.80000000000001,19.169475962097664,21.533355783673557,0.10073292675826406,0.21388771279963859,False,False
2019-03-07,187.15,0.7472615549024846,0.880094811987931,1.04034197168047,1.189788657691069,7.549999999999983,35.51894728688356,47.30000000000001,22.440255936458698,13.078691350424862,0.11990518801206895,0.189788657691069,False,False
2019-03-08,186.65,0.7492633270827752,0.8875569094386786,1.043128850790249,1.1770589604593822,8.049999999999983,33.048054969743674,46.80000000000001,20.987502853270627,12.060552116473048,0.1124430905613214,0.1770589604593822,False,False
2019-03-11,188.15,0.7432899282487376,0.8787358762527073,1.0348126494817964,1.1969680292997555,6.549999999999983,37.05953471274901,48.30000000000001,22.81584488305313,14.243689829695882,0.12126412374729267,0.19696802929975554,False,False
2019-03-12,189.65,0.7374110203005536,0.9212049120055856,1.0266279989454257,1.2246563159649702,5.049999999999983,42.60607032275658,49.80000000000001,14.94348843814069,27.66258188461589,0.07879508799441437,0.22465631596497015,False,False
2019-03-13,186.1,0.7514777001612036,0.8729865557133506,1.0462117141321872,1.1844398209185212,8.600000000000023,34.324250672936785,46.25,23.63720198174545,10.687048691191336,0.1270134442866494,0.18443982091852118,False,False
2019-03-14,187.3,0.7466631073144687,0.886770249960029,1.0395088093966898,1.188956836270639,7.400000000000006,35.3916154334907,47.45000000000002,21.207932182486587,14.183683251004112,0.11322975003997104,0.18895683627063908,False,False
2019-03-15,184.9,0.7563547863710113,0.8873695140090767,1.0530016224986478,1.227894985044625,9.799999999999983,42.13778273475117,45.05000000000001,20.82537685972173,21.31240587502944,0.11263048599092329,0.22789498504462502,False,False
2019-03-18,186.95,0.7480609788713559,0.8847924706009427,1.0414549344744584,1.2006064118527355,7.75,37.503368695868915,47.099999999999994,21.538047621153765,15.965321074715149,0.11520752939905732,0.20060641185273553,False,False
2019-03-19,185.0,0.7559459459459459,0.8635642280316927,1.0524324324324323,1.211677298610069,9.699999999999989,39.160300242862775,45.150000000000006,25.24061781413684,13.919682428725935,0.13643577196830725,0.211677298610069,False,False
2019-03-20,186.85,0.7484613326197485,0.8499668476764973,1.042012309339042,1.2308630550513613,7.850000000000023,43.136761836346864,47.0,28.033694511646473,15.10306732470039,0.15003315232350267,0.2308630550513613,False,False
2019-03-22,184.6,0.7575839653304441,0.8578419431264037,1.0547128927410618,1.2045796925836776,10.100000000000023,37.76541125094687,44.75,26.242377298865875,11.523033952080993,0.14215805687359628,0.20457969258367759,False,False
2019-03-25,184.6,0.7575839653304441,0.926971315674349,1.0547128927410618,1.2319573228318648,10.100000000000023,42.81932179476223,44.75,13.481095126515186,29.338226668247046,0.07302868432565102,0.23195732283186477,False,False
2019-03-26,184.2,0.759229098805646,0.9057929285032779,1.0570032573289905,1.2080327057264098,10.500000000000057,38.31962439480466,44.349999999999994,17.35294256969621,20.966681825108452,0.09420707149672214,0.20803270572640975,False,False
2019-03-27,183.6,0.7617102396514162,0.899798303234799,1.0604575163398693,1.2163683454957714,11.099999999999994,39.72522823302364,43.75,18.3970315260909,21.328196706932744,0.10020169676520096,0.21636834549577144,False,False
2019-03-28,184.0,0.7600543478260869,0.9191090559383418,1.0581521739130435,1.2066302142545626,10.700000000000017,38.01995942283952,44.150000000000006,14.883933707345108,23.136025715494412,0.0808909440616582,0.20663021425456263,False,False
2019-03-29,182.5,0.7663013698630137,0.9147642993549481,1.0668493150684928,1.220382131220913,12.199999999999932,40.21973894781664,42.650000000000006,15.555515367721966,24.66422358009467,0.08523570064505193,0.2203821312209131,False,False
2019-04-01,184.6,0.7575839653304441,0.9380744844418352,1.0547128927410618,1.207642832505881,10.100000000000023,38.33086688058563,44.75,11.431450172037216,26.899416708548415,0.061925515558164834,0.207642832505881,False,False
2019-04-02,183.0,0.7642076502732241,0.9199339295586133,1.0639344262295078,1.1521540200270375,11.699999999999932,27.844185664947872,43.14999999999998,14.652090890773763,13.192094774174109,0.0800660704413867,0.15215402002703748,False,False
2019-04-03,182.15,0.7677738127916551,0.90300996645481,1.0688992588525938,1.1745725837947665,12.549999999999983,31.798396138216702,42.30000000000001,17.666734610256356,14.131661527960347,0.09699003354518998,0.17457258379476648,False,False
2019-04-04,183.1,0.7637902785363191,0.8878923410200339,1.0633533588203168,1.1843318903752673,11.599999999999994,33.75116912771145,43.24999999999997,20.5269123592318,13.224256768479648,0.11210765897996611,0.18433189037526732,False,False
2019-04-05,194.7,0.7182845403184387,0.9376621198109653,1.0,1.1519146613498334,0.0,29.57778456481256,54.849999999999994,12.137185272805056,17.440599292007505,0.062337880189034744,0.15191466134983345,False,False
2019-04-08,193.7,0.7219927723283428,0.9139591246060275,1.0,1.2048731732983495,0.0,39.6839336678903,53.849999999999994,16.66611756381249,23.01781610407781,0.08604087539397254,0.20487317329834953,False,False
2019-04-09,189.6,0.7376054852320675,0.8841123082284639,1.0139767932489452,1.1743117626890394,2.6500000000000057,33.04951020584187,49.75,21.972306359883248,11.077203845958621,0.11588769177153613,0.17431176268903936,False,False
2019-04-10,186.8,0.748661670235546,0.8583974157346881,1.0291755888650962,1.1801790645021928,5.44999999999996,33.6574492490096,46.95000000000002,26.45136274076026,7.206086508249342,0.14160258426531191,0.1801790645021928,False,False
2019-04-11,185.9,0.7522861753630984,0.8787377772035572,1.034158149542765,1.1972638259039632,6.349999999999994,36.67134523554677,46.05000000000001,22.54264721785873,14.128698017688038,0.12126222279644283,0.19726382590396319,False,False
2019-04-12,192.25,0.7274382314694408,0.830440992280469,1.0,1.1840440474585037,0.0,35.382468123897326,52.400000000000006,32.59771923407985,2.784748889817479,0.16955900771953103,0.18404404745850367,False,False
2019-04-15,191.85,0.7289549126922075,0.9328776816026222,1.0,1.1856892625433506,0.0,35.62448501894181,52.0,12.877416784536933,22.74706823440488,0.06712231839737781,0.1856892625433506,False,False
2019-04-16,186.4,0.7502682403433476,0.9036874277756736,1.0,1.17800670925921,0.0,33.18045060591672,46.55000000000001,17.952663462614453,15.227787143302265,0.09631257222432643,0.17800670925920992,False,False
2019-04-18,184.1,0.7596414991852254,0.9305306719441728,1.0,1.1965168371082902,0.0,36.178749711636215,44.25,12.789303295077787,23.389446416558428,0.06946932805582717,0.19651683710829015,False,False
2019-04-22,182.75,0.7652530779753761,0.9033283715262445,1.0,1.1866134242328743,0.0,34.103603278557785,42.900000000000006,17.66674010357883,16.436863174978953,0.09667162847375554,0.1866134242328743,False,False
2019-04-23,180.55,0.7745776793132095,0.9358737324984288,1.0005538631957906,1.1927946306991593,0.09999999999999432,34.80907057273322,40.70000000000002,11.577997597408682,23.231072975324537,0.06412626750157124,0.19279463069915925,False,False
2019-04-24,180.65,0.7741489067257127,0.9392590443610191,1.0,1.2169986693087027,0.0,39.20080961061714,40.80000000000001,10.972853636181895,28.227955974435247,0.060740955638980854,0.2169986693087027,False,False
2019-04-25,180.15,0.7762975298362476,0.9015932783017525,1.0,1.177671563265959,0.0,32.007532122362505,40.30000000000001,17.727970913939288,14.279561208423218,0.09840672169824749,0.1776715632659589,False,False
2019-04-26,178.7,0.7825965304980415,0.8728427322218806,1.0072747621712368,1.1620308688244214,1.3000000000000114,28.9549162589241,38.849999999999994,22.723003751949932,6.231912506974169,0.12715726777811942,0.16203086882442141,False,False
2019-04-30,179.5,0.779108635097493,0.9306887956676015,1.0027855153203342,1.2035656294253936,0.5,36.54003048185814,39.650000000000006,12.441361177665527,24.09866930419261,0.06931120433239846,0.20356562942539358,False,False
2019-05-02,180.0,0.7769444444444444,0.915174791148426,1.0,1.23035409036568,0.0,41.463736265822405,40.150000000000006,15.268537593283327,26.195198672539078,0.08482520885157396,0.23035409036568,False,False
2019-05-06,178.15,0.7850126298063429,0.9392252860440566,1.005613247263542,1.221696946971168,1.0,39.495311102913575,38.30000000000001,10.827015291251314,28.66829581166226,0.06077471395594336,0.22169694697116804,False,False
2019-05-07,169.4,0.8255608028335301,0.8836766739194994,1.057556080283353,1.250654324950217,9.75,42.46084264656673,29.55000000000001,19.705171438036786,22.755671208529947,0.11632332608050056,0.2506543249502169,False,False
2019-05-08,162.3,0.8616759088108441,0.8582632015936814,1.1038200862600125,1.2549248317050337,16.850000000000023,41.37430018572695,22.450000000000017,23.003882381345505,18.370417804381447,0.1417367984063186,0.25492483170503366,False,False
2019-05-09,159.85,0.8748827025336253,0.8321017689758181,1.1207381920550517,1.2459543775701865,19.30000000000001,39.31580725459429,20.0,26.838532229215474,12.477275025378816,0.1678982310241819,0.24595437757018646,False,False
2019-05-10,155.9,0.8970493906350224,0.8350125391708672,1.1491340602950608,1.1777658098430872,23.24999999999997,27.713689754537285,16.05000000000001,25.721545143261807,1.992144611275478,0.16498746082913285,0.1777658098430872,False,False
2019-05-13,150.0,0.9323333333333332,0.8348691726564093,1.1943333333333337,1.211404364000493,29.150000000000063,31.71065460007395,10.150000000000006,24.76962410153861,6.941030498535341,0.16513082734359075,0.211404364000493,False,False
2019-05-14,148.4,0.9423854447439352,0.8320896812183047,1.2072102425876008,1.2101491144466976,30.74999999999997,31.18612858388991,8.550000000000011,24.917891307203575,6.268237276686335,0.16791031878169527,0.2101491144466976,False,False
2019-05-15,147.35,0.9491007804546996,0.899176926242904,1.2158126908720734,1.281123191001319,31.80000000000001,41.423502194044346,7.500000000000028,14.8562799181081,26.567222275936246,0.10082307375709598,0.281123191001319,False,False
2019-05-16,146.35,0.9555859241544244,0.9084708964965937,1.2241202596515204,1.2347456564816268,32.80000000000001,34.35502682608609,6.499999999999972,13.395284297723492,20.959742528362597,0.09152910350340626,0.23474565648162682,False,False
2019-05-17,148.7,0.9404841963685272,0.9069299108977409,1.2047747141896437,1.2366728432958067,30.450000000000017,35.193251798086465,8.849999999999994,13.839522249505933,21.35372954858053,0.09307008910225911,0.23667284329580673,False,False
2019-05-20,154.55,0.9048851504367518,0.8664123031292047,1.1591717890650275,1.2135118774515221,24.599999999999994,32.99826066013276,14.700000000000017,20.645978551381404,12.352282108751353,0.1335876968707953,0.21351187745152211,False,False
2019-05-21,163.85,0.8535245651510528,0.8581236218161756,1.0933780897162042,1.233747768100865,15.300000000000068,38.29957180332673,24.0,23.24644456541961,15.05312723790712,0.14187637818382437,0.23374776810086506,False,False
2019-05-22,162.65,0.8598217030433445,0.8749268841933073,1.1211189671072854,1.1684026914377943,19.69999999999999,27.390697762357235,22.80000000000001,20.34314228595855,7.047555476398685,0.12507311580669267,0.1684026914377943,False,False
2019-05-23,164.75,0.8488619119878603,0.8777279831491083,1.1068285280728376,1.179065476523724,17.599999999999994,29.501037257283542,24.900000000000006,20.144314776184416,9.356722481099126,0.12227201685089173,0.17906547652372407,False,False
2019-05-24,168.8,0.8284952606635071,0.8711136363128801,1.0802725118483412,1.1765138278356149,13.549999999999983,29.79553413865179,28.950000000000017,21.756018190385845,8.039515948265944,0.12888636368711992,0.17651382783561487,False,False
2019-05-27,167.25,0.8361733931240657,0.8656221012703367,1.0902840059790733,1.1815699508121063,15.099999999999994,30.367574273324777,27.400000000000006,22.474703562536178,7.8928707107886,0.13437789872966333,0.18156995081210625,False,False
2019-05-28,173.95,0.8039666570853694,0.8472239966508506,1.0482897384305836,1.1746710213324218,8.400000000000006,30.38402416077477,34.099999999999994,26.575385782584533,3.8086383781902384,0.15277600334914943,0.17467102133242185,False,False
2019-05-29,171.1,0.8173582700175336,0.8471450010435343,1.065751022793688,1.1749449554674956,11.25,29.933081880488487,31.25,26.153490321451272,3.7795915590372147,0.1528549989564657,0.17494495546749556,False,False
2019-05-30,171.2,0.8168808411214954,0.8978082012926345,1.065128504672897,1.1856937118637523,11.149999999999977,31.7907634710744,31.349999999999994,17.495235938700972,14.295527532373427,0.1021917987073655,0.18569371186375228,False,False
2019-05-31,170.9,0.8183148039789351,0.8749721491774716,1.066998244587478,1.17349461315461,11.449999999999989,29.650229388122852,31.049999999999983,21.36725970557012,8.282969682552732,0.12502785082252843,0.17349461315461,False,False
2019-06-03,169.7,0.8241013553329405,0.8999795197251468,1.0745433117265764,1.1878141170784067,12.650000000000006,31.872055668205604,29.849999999999994,16.9734755026426,14.898580165563004,0.10002048027485322,0.18781411707840667,False,False
2019-06-04,170.8,0.8187939110070257,0.8727618417708116,1.067622950819672,1.1952134959227685,11.549999999999983,33.34246510360887,30.950000000000017,21.73227742554539,11.610187678063483,0.12723815822918838,0.1952134959227685,False,False
2019-06-06,172.5,0.8107246376811594,0.8606163024796492,1.0571014492753623,1.2122040851494738,9.849999999999994,36.60520468828423,32.650000000000006,24.043687822260523,12.561516866023709,0.13938369752035085,0.21220408514947375,False,False
2019-06-07,172.8,0.8093171296296295,0.8413497086770152,1.0552662037037035,1.2271981259953557,9.549999999999955,39.25983617199748,32.95000000000002,27.414770340611767,11.84506583138571,0.1586502913229848,0.22719812599535572,False,False
2019-06-10,169.05,0.8272700384501626,0.8039900889787712,1.0786749482401656,1.2394202561984935,13.300000000000011,40.47399431035532,29.200000000000017,33.13547545813873,7.338518852216595,0.19600991102122878,0.2394202561984935,False,False
2019-06-11,173.7,0.8051237766263674,0.8721616254947782,1.0497985031663788,1.1565873580182708,8.650000000000006,27.199224087773644,33.849999999999994,22.205525651557025,4.993698436216619,0.12783837450522184,0.15658735801827084,False,False
2019-06-12,172.2,0.8121370499419279,0.880133749048007,1.0589430894308944,1.177475051023555,10.150000000000034,30.561203786256158,32.35000000000002,20.640968413933194,9.920235372322963,0.11986625095199299,0.17747505102355499,False,False
2019-06-13,169.15,0.8267809636417378,0.8848920511721303,1.0780372450487732,1.1906310363355381,13.199999999999989,32.245239796156284,29.30000000000004,19.470509544234147,12.774730251922136,0.11510794882786968,0.19063103633553813,False,False
2019-06-14,165.75,0.8437405731523379,0.8512146214629759,1.100150829562594,1.2048367287659039,16.599999999999937,33.951687792948576,25.900000000000006,24.661176492511743,9.290511300436833,0.14878537853702412,0.20483672876590386,False,False
2019-06-17,164.95,0.8478326765686572,0.8711298045731409,1.105486511063959,1.2124771985459575,17.400000000000006,35.04811390015567,25.099999999999994,21.25713873566039,13.79097516449528,0.12887019542685907,0.21247719854595748,False,False
2019-06-18,159.15,0.8787307571473452,0.8866074324784172,1.1457744266415328,1.20603135081326,23.19999999999996,32.789889481930345,19.30000000000001,18.046427121059907,14.743462360870438,0.11339256752158278,0.20603135081326007,False,False
2019-06-19,160.1,0.8735165521549032,0.8717620074132226,1.1389756402248594,1.206933899984048,22.25,33.13011738744609,20.25,20.53090261314307,12.599214774303022,0.12823799258677737,0.206933899984048,False,False
2019-06-20,155.55,0.8990678238508517,0.8312098131532302,1.172291867566699,1.0581774732839542,26.80000000000001,9.049505969319085,15.700000000000017,26.25531356401504,-17.205807594695955,0.16879018684676983,0.05817747328395417,False,False
2019-06-21,156.1,0.8959000640614991,0.8616790984544219,1.1681614349775784,1.1833872112087842,26.25,28.626743669691223,16.24999999999997,21.59189273126475,7.034850938426473,0.13832090154557808,0.1833872112087842,False,False
2019-06-24,162.05,0.8630052452946619,0.8657302548483289,1.1252699784017277,1.1878856078287312,20.299999999999983,30.446862748645884,22.200000000000045,21.758412201828293,8.688450546817592,0.13426974515167112,0.1878856078287312,False,False
2019-06-25,159.5,0.8768025078369905,0.8747361995834537,1.1432601880877742,1.1839268748896763,22.849999999999994,29.33633654490336,19.650000000000006,19.97957616643913,9.35676037846423,0.12526380041654628,0.1839268748896763,False,False
2019-06-26,155.25,0.900805152979066,0.8541676654324497,1.1745571658615137,1.2024942150022806,27.099999999999994,31.43722687910406,15.400000000000006,22.640469941612196,8.796756937491864,0.1458323345675503,0.2024942150022806,False,False
2019-06-27,157.1,0.8901973265436028,0.8531432590087902,1.1607256524506684,1.1688830490694135,25.25,26.531527008804858,17.25,23.07119400971905,3.460332999085807,0.14685674099120982,0.16888304906941354,False,False
2019-06-28,158.95,0.8798364265492293,0.8397304025158743,1.1472161056936143,1.1870395144520818,23.400000000000006,29.729930822158394,19.099999999999994,25.47485252010179,4.255078302056603,0.16026959748412573,0.18703951445208178,False,False
2019-07-01,160.3,0.8724266999376169,0.8437463984665334,1.1375545851528384,1.2613258015910116,22.049999999999983,41.890525995039155,20.450000000000017,25.047452325814703,16.843073669224452,0.15625360153346657,0.2613258015910116,False,False
2019-07-02,161.55,0.8656762612194366,0.8454664969828058,1.1287527081398947,1.2479059847109342,20.799999999999983,40.049211830051405,21.700000000000017,24.964887412427714,15.08432441762369,0.15453350301719415,0.24790598471093417,False,False
2019-07-04,161.05,0.8683638621546103,0.8624732739538854,1.1322570630239055,1.2636836531229507,21.299999999999983,42.46625233545123,21.200000000000017,22.148679229726753,20.317573105724478,0.1375267260461146,0.2636836531229507,False,False
2019-07-05,162.25,0.8619414483821263,0.8388441777091047,1.123882896764253,1.2398246933881163,20.100000000000023,38.911556502221856,22.400000000000006,26.147532166697772,12.764024335524084,0.1611558222908953,0.2398246933881163,False,False
2019-07-08,163.6,0.8548288508557457,0.8549202850593358,1.1146088019559903,1.2610056720452978,18.75000000000003,42.70052794661072,23.75,23.73504136429267,18.96548658231805,0.14507971494066418,0.2610056720452978,False,False
2019-07-09,164.0,0.8527439024390243,0.8361896048970912,1.111890243902439,1.2402868230830868,18.349999999999994,39.40703898562623,24.150000000000006,26.864904796877056,12.542134188749174,0.16381039510290885,0.2402868230830868,False,False
2019-07-10,163.95,0.8530039646233608,0.8122108366392158,1.1122293382128698,1.2704367235001561,18.400000000000006,44.3381008178506,24.099999999999994,30.788033333000584,13.550067484850018,0.18778916336078422,0.27043672350015613,False,False
2019-07-11,163.45,0.8556133374120526,0.8851678600240186,1.1156316916488225,1.2295053576727781,18.900000000000034,37.51265071161558,23.599999999999994,18.76931327907417,18.74333743254141,0.1148321399759814,0.22950535767277813,False,False
2019-07-12,162.15,0.8624730188097439,0.8715210914137947,1.1245760098674067,1.2709153966399538,20.19999999999999,43.92893156516851,22.30000000000001,20.832855027253174,23.096076537915337,0.12847890858620525,0.2709153966399538,False,False
2019-07-15,161.85,0.8640716713005869,0.862946413146126,1.1266604881062712,1.2679186133520999,20.5,43.362627571037365,22.0,22.1821230322995,21.180504538737864,0.13705358685387403,0.2679186133520999,False,False
2019-07-16,161.95,0.8635381290521766,0.9041560080532995,1.125964803951837,1.295445471339202,20.400000000000006,47.84739408338376,22.099999999999994,15.521934495768136,32.325459587615626,0.09584399194670046,0.29544547133920207,False,False
2019-07-17,163.15,0.857186638063132,0.8837250489306734,1.1176831136990502,1.3204699071522232,19.200000000000045,52.284665351885224,23.30000000000001,18.970258266960627,33.314407084924596,0.11627495106932662,0.32046990715222323,False,False
2019-07-18,160.1,0.8735165521549032,0.8171212041648872,1.1389756402248594,1.2987339391627215,22.25,47.827303659951724,20.25,29.278895213201565,18.54840844675016,0.1828787958351128,0.2987339391627215,False,False
2019-07-19,158.35,0.883170192611304,0.8646058368401357,1.1515629933691192,1.2691251779786101,24.00000000000003,42.61597193291291,18.5,21.439665736364503,21.17630619654841,0.1353941631598643,0.26912517797861013,False,False
2019-07-22,157.15,0.8899140948138721,0.8240695242121523,1.1603563474387526,1.2511804196276803,25.19999999999996,39.47300294448996,17.30000000000001,27.647474270060258,11.825528674429705,0.1759304757878477,0.25118041962768034,False,False
2019-07-23,161.35,0.8667493027579796,0.9090838753193993,1.130151843817787,1.2830303526665636,20.999999999999943,45.666947402750026,21.5,14.66931671721494,30.997630685535086,0.09091612468060073,0.2830303526665636,False,False
2019-07-24,161.25,0.8672868217054264,0.9166149222520628,1.1308527131782946,1.2532079809174579,21.099999999999994,40.82978692294009,21.400000000000006,13.44584378685488,27.383943136085207,0.08338507774793724,0.2532079809174579,False,False
2019-07-25,155.6,0.8987789203084833,0.8382290016926255,1.1719151670951158,1.2576697447195262,26.75000000000003,40.09341227835827,15.75,25.171567336627476,14.921844941730797,0.16177099830737451,0.2576697447195262,False,False
2019-07-26,159.0,0.8795597484276729,0.8689364281552459,1.1468553459119497,1.2583084074267215,23.349999999999994,41.071036780848715,19.150000000000006,20.839107923315908,20.231928857532807,0.13106357184475415,0.25830840742672145,False,False
2019-07-29,157.3,0.8890654799745707,0.837323186101293,1.1592498410680228,1.2505455365857299,25.049999999999983,39.41081290493531,17.450000000000017,25.589062826266627,13.821750078668686,0.16267681389870703,0.25054553658572987,False,False
2019-07-30,152.3,0.9182534471437952,0.8281296215044505,1.1973079448456991,1.2506781266871676,30.049999999999983,38.17827869445563,12.449999999999989,26.175858644872193,12.002420049583435,0.17187037849554954,0.2506781266871676,False,False
2019-07-31,153.25,0.9125611745513866,0.8221494584357565,1.1898858075040784,1.2333029155524835,29.099999999999994,35.75367180841809,13.400000000000006,27.255595494720325,8.498076313697766,0.17785054156424351,0.2333029155524835,False,False
2019-08-01,152.85,0.9149492966961073,0.8356752545937106,1.1929996728819103,1.247333576133875,29.5,37.80493711206282,13.0,25.117037335351327,12.68789977671149,0.16432474540628939,0.24733357613387508,False,False
2019-08-02,156.45,0.8938958133589007,0.8572352159017125,1.1655480984340043,1.243953670689499,25.899999999999977,38.1665517793721,16.599999999999994,22.33555047217709,15.83100130719501,0.14276478409828752,0.2439536706894989,False,False
2019-08-05,155.25,0.900805152979066,0.8899452912379011,1.1745571658615137,1.2789575711024863,27.099999999999994,43.30816291366099,15.400000000000006,17.08599353531585,26.222169378345143,0.11005470876209889,0.2789575711024863,False,False
2019-08-06,157.1,0.8901973265436028,0.8547302227186651,1.1607256524506684,1.2458673802022742,25.25,38.62576542977726,17.25,22.821882010897724,15.803883418879536,0.14526977728133494,0.24586738020227417,False,False
2019-08-07,155.75,0.8979133226324237,0.8439151982891036,1.1707865168539326,1.2321227022217482,26.600000000000023,36.153110871037285,15.900000000000006,24.310207866472126,11.842903004565159,0.15608480171089645,0.23212270222174824,False,False
2019-08-08,158.15,0.8842870692380651,0.8294371311473413,1.1530192854884602,1.2143899864533805,24.19999999999999,33.90577635760212,18.30000000000001,26.974517709047973,6.931258648554149,0.1705628688526587,0.21438998645338048,False,False
2019-08-09,158.25,0.8837282780410742,0.8850634124157135,1.1522906793048973,1.2634186866644457,24.099999999999994,41.686007164648515,18.400000000000006,18.188714985213323,23.497292179435192,0.11493658758428649,0.2634186866644457,False,False
2019-08-13,152.5,0.9170491803278688,0.830957565719455,1.1957377049180329,1.285851814666761,29.850000000000023,43.59240173668107,12.650000000000006,25.778971227783117,17.81343050889795,0.169042434280545,0.285851814666761,False,False
2019-08-14,153.3,0.9122635355512068,0.8176723257525984,1.1894977168949772,1.2482358713142387,29.05000000000001,38.05455907247281,13.450000000000017,27.95083246212667,10.103726610346143,0.1823276742474016,0.24823587131423874,False,False
2019-08-16,153.95,0.9084118220201364,0.8437340212957181,1.1844754790516403,1.2559537839450685,28.400000000000034,39.40408503834328,14.099999999999994,24.057147421524206,15.346937616819076,0.15626597870428194,0.2559537839450685,False,False
2019-08-19,151.95,0.8904244817374137,0.7968969668292709,1.2000658111220797,1.2001086074840746,30.400000000000006,30.406502907205123,16.649999999999977,30.86150589029228,-0.45500298308715514,0.20310303317072909,0.20010860748407455,False,False
2019-08-20,152.5,0.8872131147540985,0.8610533548588593,1.1957377049180329,1.274215767074002,29.850000000000023,41.817904478785294,17.19999999999999,21.189363384023977,20.628541094761317,0.13894664514114075,0.27421576707400197,False,False
2019-08-21,150.65,0.8596083637570527,0.8674539195772922,1.2104215068038502,1.2835349571509225,31.700000000000045,42.71454129478647,21.150000000000006,19.96806701568093,22.74647427910554,0.13254608042270777,0.2835349571509225,False,False
2019-08-22,150.1,0.8627581612258495,0.8389760644454778,1.2148567621585609,1.2288407884529362,32.24999999999997,34.34900234678571,20.599999999999994,24.169692726733786,10.179309620051924,0.1610239355545222,0.2288407884529362,False,False
2019-08-23,146.3,0.8851674641148325,0.8082904099384238,1.2464114832535884,1.1135568968078646,36.04999999999998,16.613374002990582,16.80000000000001,28.047113026008603,-11.43373902301802,0.19170959006157617,0.11355689680786463,False,False
2019-08-26,148.5,0.8720538720538721,0.8395032114342008,1.227946127946128,1.267405782028834,33.849999999999994,39.70975863128186,19.0,23.833773102021183,15.875985529260674,0.1604967885657992,0.267405782028834,False,False
2019-08-27,147.25,0.8794567062818336,0.8677438019771647,1.2383701188455007,1.3239358322382744,35.099999999999994,47.69955129708589,17.75,19.474725158862498,28.224826138223392,0.13225619802283528,0.3239358322382744,False,False
2019-08-28,146.7,0.8827539195637356,0.8385936419757718,1.2430129516019086,1.2696968869938088,35.64999999999998,39.564533321991746,17.19999999999999,23.678312722154274,15.886220599837472,0.1614063580242282,0.2696968869938088,False,False
2019-08-29,143.9,0.8999305072967339,0.8201769656611411,1.2671994440583738,1.3114381035636473,38.44999999999999,44.81594310280886,14.400000000000006,25.8765346413618,18.93940846144706,0.17982303433885893,0.3114381035636473,False,False
2019-08-30,142.5,0.9087719298245616,0.8599113188328413,1.2796491228070177,1.2903387034920568,39.85000000000002,41.37326524761809,12.999999999999972,19.962637066320113,21.41062818129798,0.14008868116715867,0.2903387034920568,False,False
2019-09-03,139.85,0.8813013943510905,0.8789294118805036,1.3038970325348591,1.2847894486932931,42.50000000000006,39.82780439975704,16.599999999999994,16.931721748511578,22.896082651245464,0.12107058811949645,0.28478944869329315,False,False
2019-09-04,141.6,0.8573446327683617,0.8832876408668972,1.2877824858757063,1.3424962612073574,40.75,48.49747058696181,20.19999999999999,16.526470053247365,31.971000533714445,0.11671235913310285,0.34249626120735743,False,False
2019-09-05,140.3,0.8652886671418389,0.8605234187652461,1.2997148966500356,1.3092073303068643,42.04999999999998,43.38178844205308,18.89999999999999,19.568564347235977,23.8132240948171,0.13947658123475393,0.3092073303068643,False,False
2019-09-06,144.35,0.8410114305507448,0.8378906954145906,1.2632490474541047,1.2918377578275133,38.0,42.12678034240153,22.94999999999999,23.40047811690384,18.72630222549769,0.1621093045854094,0.2918377578275133,False,False
2019-09-09,145.5,0.8343642611683849,0.8199059043840897,1.2532646048109966,1.229265591553463,36.849999999999994,33.35814357102885,24.099999999999994,26.20369091211495,7.154452658913897,0.18009409561591028,0.22926559155346293,False,False
2019-09-11,147.1,0.8252889191026513,0.8639202330077433,1.2396329027872195,1.252385107531509,35.25,37.125849317884956,25.69999999999999,20.017333724560956,17.108515593324,0.13607976699225666,0.2523851075315089,False,False
2019-09-12,147.35,0.823888700373261,0.8584092114869383,1.2375296912114009,1.2914731287591616,34.999999999999915,42.94856552266248,25.94999999999999,20.863402687399642,22.085162835262835,0.14159078851306173,0.29147312875916165,False,False
2019-09-13,148.55,0.8172332547963649,0.8301079678484566,1.2275328172332547,1.2661599230664504,33.79999999999998,39.538056571521224,27.150000000000006,25.237461376111767,14.300595195409457,0.16989203215154336,0.2661599230664504,False,False
2019-09-16,158.9,0.7067337948395217,0.7918028806925343,1.1475770925110131,1.2034960711530645,23.44999999999999,32.335525706221944,46.60000000000001,33.0825222579563,-0.7469965517343553,0.20819711930746565,0.20349607115306445,False,False
2019-09-17,159.8,0.7027534418022527,0.8661340970852898,1.141113892365457,1.2634208390367891,22.55000000000001,42.0946500780789,47.500000000000014,21.391771285770687,20.702878792308212,0.13386590291471023,0.26342083903678915,False,False
2019-09-18,162.25,0.6582434514637904,0.8228679868907149,1.123882896764253,1.2265788710978418,20.100000000000023,36.76242183562482,55.45000000000002,28.73966912698151,8.02275270864331,0.17713201310928506,0.2265788710978418,False,False
2019-09-19,156.95,0.6431984708505895,0.8253002222696677,1.1618349792927685,1.238295815783918,25.400000000000006,37.40052828728591,55.999999999999986,27.41913011477564,9.981398172510268,0.1746997777303323,0.2382958157839179,False,False
2019-09-20,162.05,0.6047516198704104,0.8268601180398296,1.1252699784017277,1.2297193591994868,20.299999999999983,37.226022158276834,64.05,28.05731787164561,9.168704286631225,0.17313988196017038,0.22971935919948683,False,False
2019-09-23,168.1,0.5571088637715645,0.8156330921748111,1.0847709696609158,1.2201700157433528,14.249999999999943,37.010579646457614,74.45,30.99207720541426,6.018502441043353,0.18436690782518894,0.22017001574335282,False,False
2019-09-24,168.5,0.555786350148368,0.8425603480123326,1.0821958456973293,1.2159231197011653,13.849999999999994,36.38304566964635,74.85,26.528581359921958,9.854464309724392,0.1574396519876674,0.2159231197011653,False,False
2019-09-25,164.8,0.5391383495145631,0.8427105851929529,1.1064927184466018,1.258785220139997,17.549999999999983,42.647804279071494,75.95000000000002,25.921295560201344,16.72650871887015,0.15728941480704706,0.25878522013999694,False,False
2019-09-26,165.3,0.5375075620084694,0.8393645593556606,1.1031457955232908,1.251271063305718,17.049999999999983,41.5351067644352,76.45000000000002,26.55303833850931,14.982068425925888,0.16063544064433943,0.251271063305718,False,False
2019-09-27,165.7,0.536210018105009,0.854036445648193,1.1004828002414002,1.2441985900355863,16.650000000000006,40.46370636889665,76.85000000000001,24.186160956094426,16.277545412802226,0.14596355435180697,0.2441985900355863,False,False
2019-09-30,169.55,0.5240342081981716,0.8307216790075774,1.075493954585668,1.2075832260865145,12.80000000000004,35.19573598296853,80.70000000000002,28.701139324265256,6.494596658703273,0.16927832099242257,0.20758322608651447,False,False
2019-10-01,168.45,0.5274562184624517,0.8486340616175359,1.0825170673790443,1.1652466187940917,13.900000000000006,27.83579293586476,79.60000000000001,25.49759232052608,2.3382006153386783,0.15136593838246415,0.16524661879409175,False,False
2019-10-03,164.55,0.5399574597386811,0.8585152771957238,1.108173807353388,1.1606241172521095,17.799999999999983,26.430698493834626,75.70000000000002,23.28131113744365,3.1493873563909744,0.14148472280427615,0.16062411725210946,False,False
2019-10-04,165.4,0.5371825876662636,0.8690732417148179,1.102478839177751,1.1774692090783547,16.94999999999999,29.353407181559874,76.55000000000001,21.65528582036913,7.6981213611907435,0.13092675828518208,0.17746920907835473,False,False
2019-10-07,160.8,0.552549751243781,0.807495454088567,1.1340174129353229,1.135151190024528,21.549999999999926,21.73231135594409,71.95000000000002,30.95473098255843,-9.22241962661434,0.19250454591143296,0.1351511900245279,False,False
2019-10-09,159.35,0.5575776592406652,0.8136186817917528,1.1443363664888608,1.1396715605705756,22.99999999999997,22.256663176921222,70.5,29.69986305648419,-7.443199879562968,0.18638131820824722,0.13967156057057561,False,False
2019-10-10,158.25,0.5614533965244866,0.8113219203445583,1.1522906793048973,1.1518412300219185,24.099999999999994,24.028874650968618,69.4,29.858306105473645,-5.829431454505027,0.1886780796554417,0.15184123002191852,False,False
2019-10-11,158.1,0.5619860847564833,0.8639553430496537,1.1533839342188488,1.1628805770849426,24.25,25.751419237129426,69.25,21.508660263849748,4.2427589732796775,0.1360446569503463,0.16288057708494263,False,False
2019-10-14,159.55,0.5568787214039486,0.8726157698450375,1.1429019116264492,1.1910857323939699,22.799999999999955,30.487728603457896,70.70000000000002,20.32415392122425,10.163574682233644,0.12738423015496247,0.19108573239396986,False,False
2019-10-15,158.85,0.5593327038086244,0.8771893135053116,1.1479383065785331,1.1728256510551214,23.5,27.453354670106023,70.0,19.50847754968126,7.9448771204247635,0.1228106864946884,0.17282565105512138,False,False
2019-10-16,159.25,0.557927786499215,0.8624256856056122,1.145054945054945,1.1610776949021013,23.099999999999994,25.651622913159628,70.4,21.90870956730626,3.742913345853367,0.13757431439438783,0.16107769490210133,False,False
2019-10-17,162.35,0.5472744071450569,0.8898445382188702,1.1231906375115492,1.1667108432040851,20.00000000000003,27.06550539418322,73.5,17.883739220166433,9.181766174016786,0.11015546178112978,0.16671084320408514,False,False
2019-10-18,171.25,0.5188321167883211,0.8209059032647836,1.0648175182481752,1.1884289575791378,11.099999999999994,32.268458985427344,82.40000000000002,30.669864065905813,1.5985949195215312,0.17909409673521637,0.1884289575791378,False,False
2019-10-22,179.15,0.4959531119173876,0.8643678587867346,1.0178621267094612,1.1696079057303854,3.19999999999996,30.38525631159854,90.30000000000001,24.298498098356504,6.086758213242035,0.1356321412132654,0.16960790573038542,False,False
2019-10-23,175.65,0.5058354682607458,0.8847819970770956,1.0381440364360943,1.1682303497994209,6.69999999999996,29.549660942268275,86.80000000000001,20.238042213408164,9.311618728860111,0.1152180029229044,0.16823034979942086,False,False
2019-10-24,173.35,0.5125468704932218,0.8596932167867253,1.0519180847995384,1.177802473813904,8.999999999999972,30.822058835640235,84.5,24.322180870021185,6.499877965619049,0.14030678321327472,0.1778024738139039,False,False
2019-10-25,171.65,0.5176230702009903,0.8383294689343661,1.0623361491406933,1.1877069324756213,10.700000000000017,32.21989495944041,82.80000000000001,27.750746657416045,4.469148302024365,0.1616705310656339,0.1877069324756213,False,False
2019-10-27,173.65,0.5116613878491217,0.9235814343726876,1.0501007774258566,1.2004383085791168,8.699999999999989,34.80611228476363,84.80000000000001,13.270083921182788,21.53602836358084,0.07641856562731242,0.20043830857911682,False,False
2019-10-29,175.35,0.5067008839463929,0.9025860915777651,1.0399201596806391,1.1648387958944604,7.000000000000057,28.904482860093623,86.5,17.08152884183889,11.822954018254734,0.09741390842223485,0.16483879589446038,False,False
2019-10-30,175.3,0.506845407872219,0.9256312791211679,1.040216771249287,1.2090312617414023,7.049999999999983,36.643180183267816,86.45000000000002,13.036836770059267,23.60634341320855,0.07436872087883206,0.2090312617414023,False,False
2019-10-31,175.15,0.5072794747359406,0.8983434659375239,1.041107622038253,1.1565752824098738,7.199999999999989,27.424160714089396,86.30000000000001,17.805141941042677,9.619018773046719,0.1016565340624761,0.15657528240987384,False,False
2019-11-01,173.35,0.5125468704932218,0.8959475926226814,1.0519180847995384,1.1645646820408504,8.999999999999972,28.527287631781405,84.5,18.03748481885816,10.489802812923244,0.10405240737731858,0.1645646820408504,False,False
2019-11-04,175.9,0.5051165434906196,0.9298236436085654,1.0366685616827742,1.2184134049791526,6.449999999999989,38.41891793583295,87.05000000000001,12.344021089253346,26.074896846579605,0.0701763563914346,0.21841340497915263,False,False
2019-11-05,176.5,0.503399433427762,0.9194572400923311,1.0331444759206798,1.178010073817905,5.849999999999994,31.418778028860203,87.64999999999999,14.215797123703567,17.202980905156636,0.0805427599076689,0.1780100738179049,False,False
2019-11-07,170.85,0.5200468247000293,0.8733874273586497,1.0673105062920691,1.1635043554490743,11.5,27.93471912847434,82.0,21.63175803577471,6.302961092699633,0.12661257264135028,0.16350435544907427,False,False
2019-11-08,170.05,0.5224933842987356,0.8333610081429292,1.0723316671567185,1.1667510992155994,12.299999999999983,28.356024421612688,81.20000000000002,28.336960565294874,0.019063856317814043,0.16663899185707076,0.16675109921559939,False,False
2019-11-11,175.2,0.507134703196347,0.8467673295434847,1.0408105022831051,1.1376123466003154,7.150000000000006,24.109683124375266,86.35,26.84636386398148,-2.7366807396062143,0.15323267045651534,0.1376123466003154,False,False
2019-11-13,176.65,0.5029719784885366,0.8933652596613404,1.032267195018398,1.1510647645282082,5.699999999999989,26.68559065390798,87.80000000000001,18.837026880824226,7.848563773083754,0.1066347403386596,0.15106476452820816,False,False
2019-11-14,176.5,0.503399433427762,0.9004482227112571,1.0331444759206798,1.190495458752444,5.849999999999994,33.62244846980636,87.64999999999999,17.570888691463125,16.051559778343233,0.09955177728874287,0.1904954587524439,False,False
2019-11-15,175.75,0.505547652916074,0.8067894872909138,1.0375533428165007,1.0811249722780727,6.599999999999994,14.257713877871282,86.9,33.956747608621896,-19.699033730750614,0.19321051270908618,0.0811249722780727,False,False
2019-11-18,182.35,0.4872497943515217,0.9051941366088424,1.0,1.2124547024641534,0.0,38.741114994338375,93.50000000000001,17.287849189377596,21.45326580496078,0.0948058633911576,0.21245470246415343,False,False
2019-11-19,178.85,0.4967850153760134,0.8389728034717567,1.0075482247693597,1.144936984887201,1.349999999999966,25.92197974707591,90.0,28.79971409907631,-2.8777343520004024,0.16102719652824327,0.14493698488720108,False,False
2019-11-20,179.9,0.4938854919399666,0.9162416494067089,1.0016675931072818,1.2420745147113283,0.30000000000001137,43.54920519656798,91.05000000000001,15.068127271733061,28.48107792483492,0.08375835059329106,0.24207451471132835,False,False
2019-11-21,177.35,0.5009867493656611,0.8795032065156212,1.0160699182407669,1.1537157661191633,2.8499999999999943,27.261491121233604,88.5,21.370106324454582,5.891384796779022,0.1204967934843788,0.15371576611916327,False,False
2019-11-22,180.2,0.4930632630410654,0.8866753556693877,1.0,1.1635479222457887,0.0,29.47133558869112,91.35000000000001,20.42110090837633,9.050234680314787,0.11332464433061229,0.16354792224578873,False,False
2019-11-25,178.0,0.4991573033707865,0.9083579043057801,1.010112359550562,1.175126774650442,1.8000000000000114,31.17256588777866,89.15,16.312293033571137,14.860272854207523,0.09164209569421988,0.1751267746504419,False,False
2019-11-26,179.8,0.4941601779755283,0.8926852378787411,1.0,1.1711228987309534,0.0,30.767897191825426,90.95000000000002,19.29519422940234,11.472702962423085,0.1073147621212589,0.17112289873095343,False,False
2019-11-28,178.65,0.4973411698852504,0.912350588713609,1.000279876854184,1.2607853807312022,0.04999999999998295,46.589308267629264,89.80000000000003,15.658567326313772,30.93074094131549,0.08764941128639103,0.26078538073120217,False,False
2019-11-29,178.7,0.4972020145495243,0.9228271379108869,1.0,1.229449329482735,0.0,41.002595178564775,89.85000000000001,13.790790455324526,27.21180472324025,0.07717286208911311,0.2294493294827351,False,False
2019-12-02,173.0,0.5135838150289017,0.8828767281907484,1.0,1.2891347945597533,0.0,50.02031945883732,84.15,20.262326023000526,29.757993435836795,0.11712327180925164,0.2891347945597533,False,False
2019-12-03,164.8,0.5391383495145631,0.873066789586668,1.0054611650485437,1.3164009710664009,0.9000000000000057,52.14288003174286,75.95000000000002,20.918593076117133,31.22428695562573,0.12693321041333205,0.31640097106640086,False,False
2019-12-04,164.8,0.5391383495145631,0.8823961949304706,1.0054611650485437,1.311200202353012,0.9000000000000057,51.28579334777638,75.95000000000002,19.38110707545843,31.904686272317946,0.11760380506952939,0.31120020235301205,False,False
2019-12-05,165.7,0.536210018105009,0.8732721617895625,1.0,1.169076902931225,0.0,28.01604281570397,76.85000000000001,20.9988027914695,7.017240024234468,0.12672783821043754,0.1690769029312249,False,False
2019-12-06,164.15,0.5412732257081937,0.8720292462028589,1.0,1.1982478655616957,0.0,32.54238713195235,75.30000000000001,21.0063992358007,11.535987896151653,0.12797075379714107,0.1982478655616957,False,False
2019-12-09,157.85,0.5628761482420019,0.8728829535648295,1.0278745644599303,1.1820344267150524,4.400000000000006,28.734134256971032,68.99999999999999,20.065425779791667,8.668708477179365,0.12711704643517052,0.18203442671505243,False,False
2019-12-10,152.95,0.5809087937234391,0.8761074737582168,1.0608041843739786,1.187502623720487,9.30000000000004,28.678526298048496,64.1,18.949361888680727,9.729164409367769,0.12389252624178315,0.1875026237204871,False,False
2019-12-11,151.4,0.5868560105680316,0.8811210636268338,1.0716644649933948,1.21420958753985,10.849999999999994,32.43133155353328,62.55000000000001,17.998270966897365,14.433060586635918,0.11887893637316616,0.21420958753984998,False,False
2019-12-12,150.05,0.5921359546817727,0.8710150765911786,1.0813062312562478,1.2326111994220725,12.199999999999989,34.90331047328198,61.2,19.354187757493662,15.549122715788315,0.1289849234088214,0.23261119942207253,False,False
2019-12-13,149.75,0.593322203672788,0.8531577805959486,1.0834724540901504,1.1922219019819236,12.500000000000028,28.785229821793052,60.900000000000006,21.989622355756694,6.795607466036358,0.1468422194040514,0.19222190198192357,False,False
2019-12-16,148.75,0.5973109243697479,0.92151532084335,1.0907563025210083,1.2235171661009356,13.499999999999972,33.24817845751417,59.900000000000006,11.674596024551704,21.573582432962468,0.07848467915665003,0.22351716610093564,False,False
2019-12-17,148.4,0.5987196765498651,0.9108164533629292,1.0933288409703503,1.226612940451998,13.849999999999994,33.62936036307653,59.55000000000001,13.234838320941321,20.394522042135208,0.08918354663707084,0.2266129404519981,False,False
2019-12-18,152.5,0.5826229508196721,0.8895597649017817,1.0639344262295083,1.192379316168762,9.75,29.337845715736194,63.650000000000006,16.842135852478293,12.4957098632579,0.11044023509821832,0.19237931616876192,False,False
2019-12-19,150.4,0.5907579787234042,0.9102609117502196,1.0787898936170213,1.220255714313218,11.849999999999994,33.126459432707975,61.55000000000001,13.496758872766975,19.629700559941,0.08973908824978039,0.220255714313218,False,False
2019-12-20,149.65,0.5937186769127965,0.8886702103740345,1.0841964584029402,1.186510519512679,12.599999999999994,27.911299245072428,60.80000000000001,16.66050301752574,11.250796227546687,0.11132978962596551,0.18651051951267905,False,False
2019-12-23,147.95,0.6005407232173031,0.911095803506799,1.0966542750929371,1.2030997292237253,14.30000000000004,30.048604938650158,59.099999999999994,13.15337587116909,16.89522906748107,0.08890419649320103,0.20309972922372532,False,False
2019-12-24,148.35,0.5989214694978092,0.9058109013958413,1.0936973373778227,1.2146693898592265,13.900000000000006,31.846203985616256,59.5,13.972952777926935,17.87325120768932,0.0941890986041587,0.21466938985922646,False,False
2019-12-26,148.6,0.597913862718708,0.8969139203837644,1.09185733512786,1.205495964057338,13.650000000000006,30.536700258920405,59.75,15.318591430972617,15.218108827947788,0.10308607961623562,0.20549596405733794,False,False
2019-12-27,148.0,0.6003378378378378,0.907794321720496,1.0962837837837838,1.192039909968625,14.25,28.421906675356496,59.150000000000006,13.646440385366589,14.775466289989907,0.09220567827950399,0.19203990996862497,False,False
2019-12-30,149.15,0.5957090177673482,0.9109218088947149,1.0878310425745894,1.1921155980498215,13.100000000000023,28.654041449130887,60.300000000000026,13.286012203353266,15.36802924577762,0.08907819110528514,0.19211559804982148,False,False
2019-12-31,147.05,0.6042162529751784,0.8787842047143897,1.1033662019721182,1.186059105777073,15.199999999999989,27.359991504518604,58.20000000000002,17.824782696748997,9.535208807769607,0.12121579528561033,0.18605910577707307,False,False
2020-01-01,148.45,0.598518019535197,0.8566270492391994,1.092960592792186,1.239279393574096,13.800000000000011,35.521025976074554,59.599999999999994,21.28371454044084,14.237311435633714,0.1433729507608006,0.239279393574096,False,False
2020-01-02,151.35,0.5870498843739677,0.8896697087745025,1.07201850016518,1.2343756521319191,10.900000000000006,35.47275495016595,62.499999999999986,16.698489576979057,18.774265373186893,0.11033029122549753,0.23437565213191913,False,False
2020-01-03,150.6,0.5899734395750332,0.8729311886705635,1.0773572377158034,1.2664622064997006,11.649999999999977,40.129208298854905,61.75,19.136562986213136,20.99264531264177,0.12706881132943648,0.26646220649970065,False,False
2020-01-06,147.05,0.6042162529751784,0.8411889269942212,1.1033662019721182,1.2209355390563739,15.199999999999989,32.48857101823978,58.20000000000002,23.353168285499777,9.135402732740005,0.1588110730057788,0.22093553905637386,False,False
2020-01-07,148.25,0.5993254637436762,0.869217337701514,1.0944350758853287,1.2783973291077024,13.999999999999972,41.272404040216884,59.39999999999999,19.38852968575054,21.883874354466343,0.130782662298486,0.27839732910770243,False,False
2020-01-08,148.5,0.5983164983164982,0.8270939644592513,1.0925925925925926,1.2508047904594064,13.75,37.24451138322186,59.650000000000006,25.67654627780118,11.567965105420683,0.17290603554074868,0.2508047904594064,False,False
2020-01-09,148.95,0.5965088956025512,0.875146653518871,1.0892917086270562,1.3167373336065347,13.300000000000011,47.17802584069332,60.099999999999994,18.596905958364175,28.581119882329148,0.124853346481129,0.31673733360653467,False,False
2020-01-10,154.5,0.5750809061488673,0.8575908463525672,1.0501618122977343,1.227674817800088,7.749999999999943,35.175759350113594,65.65,22.002214238528353,13.173545111585241,0.14240915364743278,0.22767481780008803,False,False
2020-01-13,156.95,0.566103854730806,0.8798319366018058,1.0337687161516411,1.279779583400975,5.300000000000068,43.911405614783035,68.09999999999998,18.860377550346584,25.05102806443645,0.12016806339819419,0.2797795834009751,False,False
2020-01-14,156.8,0.5666454081632653,0.8839523007256352,1.0347576530612244,1.3014754307152505,5.449999999999989,47.271347536151296,67.95000000000002,18.1962792462204,29.075068289930897,0.11604769927436476,0.3014754307152505,False,False
2020-01-15,159.15,0.5582783537543198,0.8866771155202033,1.0194784794219292,1.2937487068993168,3.1000000000000227,46.75010670302626,70.30000000000001,18.035337064959634,28.714769638066628,0.11332288447979666,0.29374870689931676,False,False
2020-01-16,159.9,0.5556597873671044,0.87931718884391,1.0146966854283928,1.3524997323009782,2.3499999999999943,56.36470719492641,71.05000000000001,19.29718150385881,37.0675256910676,0.12068281115609003,0.3524997323009782,False,False
2020-01-20,154.7,0.5743374272786037,0.830481472334383,1.0488041370394312,1.314508688456782,7.550000000000011,48.65449410426419,65.85000000000001,26.224516229870943,22.429977874393245,0.16951852766561704,0.31450868845678204,False,False
2020-01-21,153.6,0.5784505208333334,0.8837464217021163,1.0563151041666667,1.246586557117584,8.650000000000006,37.87569517326091,64.74999999999999,17.856549626554937,20.01914554670597,0.11625357829788374,0.24658655711758404,False,False
2020-01-22,157.05,0.5657433938236229,0.8943736515914048,1.0331104743712194,1.2800940944061159,5.200000000000017,43.988777526480504,68.20000000000002,16.58861801756987,27.400159508910633,0.1056263484085952,0.2800940944061159,False,False
2020-01-23,158.4,0.5609217171717171,0.8730141891160718,1.0243055555555556,1.2713257969722263,3.8499999999999943,42.978006240400646,69.55000000000001,20.114552444014237,22.86345379638641,0.12698581088392824,0.27132579697222625,False,False
2020-01-24,162.25,0.5476117103235747,0.8420948909101379,1.0,1.2108491514884774,0.0,34.21027482900544,73.4,25.62010394983014,8.590170879175304,0.1579051090898621,0.21084915148847738,False,False
2020-01-27,159.9,0.5556597873671044,0.8577993061162725,1.0,1.259727653034357,0.0,41.530451720193696,71.05000000000001,22.73789095200803,18.792560768185666,0.14220069388372747,0.2597276530343571,False,False
2020-01-28,159.5,0.5570532915360501,0.8447609807596835,1.0,1.2781186441152796,0.0,44.35992373638712,70.65,24.760623568830482,19.599300167556635,0.15523901924031647,0.27811864411527965,False,False
2020-01-29,155.5,0.5713826366559485,0.8899532067405462,1.0054662379421222,1.2528494421385312,0.8499999999999943,39.3180882525416,66.65000000000002,17.112276351845054,22.205811900696546,0.11004679325945377,0.2528494421385312,False,False
2020-01-30,151.3,0.5872438863185723,0.8852031146629524,1.033377395902181,1.301752027988507,5.049999999999983,45.65508183466113,62.45000000000002,17.36876875149531,28.286313083165822,0.11479688533704757,0.3017520279885071,False,False
2020-01-31,156.35,0.5682763031659738,0.903559442422845,1.0,1.3266056260486834,0.0,51.06478963271164,67.5,15.078481177188166,35.98630845552347,0.09644055757715497,0.3266056260486834,False,False
2020-02-01,150.3,0.5911510312707917,0.8512467759981233,1.0169660678642714,1.2405120597228403,2.549999999999983,36.14896257634291,61.45,22.357609567482072,13.791353008860838,0.14875322400187674,0.2405120597228403,False,False
2020-02-03,150.8,0.5891909814323607,0.8829497089703184,1.0135941644562334,1.268893478459625,2.0500000000000114,40.549136551711456,61.95000000000002,17.651183887275977,22.89795266443548,0.11705029102968156,0.2688934784596251,False,False
2020-02-04,152.85,0.5812888452731436,0.8517684936679766,1.0,1.225125665028738,0.0,34.41045789964261,64.0,22.657185742849776,11.753272156792832,0.14823150633202342,0.2251256650287381,False,False
2020-02-05,144.7,0.6140290255701452,0.8104386188655497,1.0013821700069108,1.2139819219459598,0.19999999999998863,30.963184105580382,55.849999999999994,27.42953185015496,3.533652255425423,0.1895613811344503,0.21398192194595977,False,False
2020-02-06,143.9,0.6174426685198053,0.83275776930077,1.0069492703266156,1.261605482718942,1.0,37.645028963255754,55.05000000000001,24.066156997619203,13.578871965636552,0.16724223069923005,0.261605482718942,False,False
2020-02-07,144.9,0.6131815044858523,0.835898223417727,1.0,1.2932349023767906,0.0,42.489737354396965,56.05000000000001,23.77834742677136,18.711389927625603,0.16410177658227298,0.2932349023767906,False,False
2020-02-10,144.1,0.6165857043719639,0.8400471276404231,1.0,1.2434101589919155,0.0,35.07540391073502,55.25,23.04920890701503,12.026195003719991,0.1599528723595769,0.24341015899191554,False,False
2020-02-11,143.3,0.6200279134682484,0.8786809760606455,1.0,1.2790925629423369,0.0,39.99396426963688,54.45000000000002,17.3850161305095,22.608948139127378,0.12131902393935445,0.27909256294233686,False,False
2020-02-12,141.1,0.6296952515946137,0.8684730691161675,1.0046066619418852,1.306627716203047,0.6500000000000057,43.265170756249944,52.25,18.558449947708766,24.706720808541178,0.1315269308838325,0.3066277162030471,False,False
2020-02-13,135.95,0.6535490989334314,0.8405312150835784,1.0426627436557558,1.2595224320755245,5.800000000000011,35.28207464066756,47.099999999999994,21.679781309387508,13.602293331280052,0.15946878491642158,0.2595224320755245,False,False
2020-02-14,135.3,0.6566888396156688,0.8789782714269561,1.0476718403547671,1.278932518849941,6.449999999999989,37.73956980039702,46.45000000000002,16.374239875932844,21.365329924464177,0.12102172857304394,0.27893251884994097,False,False
2020-02-17,129.5,0.6861003861003859,0.860814515301137,1.0945945945945943,1.3075234561937297,12.249999999999972,39.824287577088,40.65000000000002,18.02452026850277,21.79976730858523,0.13918548469886305,0.30752345619372967,False,False
2020-02-18,130.4,0.6813650306748466,0.8482326162219067,1.0870398773006134,1.2967656629839865,11.349999999999994,38.698242453111845,41.55000000000001,19.79046684466337,18.907775608448475,0.1517673837780933,0.29676566298398654,False,False
2020-02-19,129.55,0.6858355847163257,0.8368847661277099,1.0941721343110766,1.3041581222821752,12.199999999999989,39.40368474165581,40.70000000000002,21.13157854815519,18.27210619350062,0.1631152338722901,0.3041581222821752,False,False
2020-02-20,135.35,0.6564462504617657,0.8327212812820922,1.0816401920945695,1.2350192865508103,11.049999999999983,31.809860434652165,46.5,22.64117457846882,9.168685856183345,0.16727871871790778,0.23501928655081028,False,False
2020-02-24,130.95,0.6785032455135548,0.8688417454888153,1.1588392516227568,1.2560524411257177,20.80000000000001,33.53006716541273,42.099999999999994,17.17517342823963,16.3548937371731,0.13115825451118468,0.2560524411257177,False,False
2020-02-25,131.9,0.6736163760424564,0.8678171911828686,1.1504927975739196,1.2631326798122477,19.849999999999994,34.70720046723548,43.05,17.434912482979627,17.272287984255854,0.1321828088171314,0.26313267981224775,False,False
2020-02-26,132.7,0.6695553880934438,0.8320365363018591,1.1435568952524493,1.2514431711528557,19.05000000000001,33.36650881198395,43.849999999999994,22.288751632743285,11.077757179240663,0.16796346369814086,0.25144317115285575,False,False
2020-02-27,128.4,0.6919781931464174,0.8362317071754982,1.1818535825545171,1.2633365953288636,23.349999999999994,33.81241884022609,39.55000000000001,21.027848798666028,12.784570041560059,0.16376829282450178,0.26333659532886355,False,False
2020-02-28,123.25,0.7208924949290061,0.8299750186983461,1.231237322515213,1.2571667796868036,28.5,31.695805596398543,34.400000000000006,20.95557894542884,10.740226650969703,0.1700249813016539,0.25716677968680357,False,False
2020-03-02,121.4,0.7318780889621086,0.8377950605623254,1.25,1.2663879689451725,30.349999999999994,32.33949942994394,32.55000000000001,19.691679647733693,12.647819782210249,0.16220493943767456,0.26638796894517247,False,False
2020-03-03,124.0,0.716532258064516,0.8659899413009802,1.2237903225806452,1.2872247843954847,27.75,35.61587326504011,35.150000000000006,16.617247278678462,18.998625986361645,0.13401005869901983,0.2872247843954847,False,False
2020-03-04,122.95,0.7226514843432289,0.842935043736952,1.2342415616104108,1.3136106704519988,28.799999999999997,38.55843193207325,34.10000000000001,19.31113637254174,19.24729555953151,0.15706495626304795,0.31361067045199875,False,False
2020-03-05,125.6,0.7074044585987261,0.8450308252364733,1.2082006369426752,1.3427644285434417,26.150000000000006,43.051212225056275,36.75,19.46412835029895,23.587083874757326,0.15496917476352667,0.3427644285434417,False,False
2020-03-06,125.2,0.7096645367412141,0.8600396363060427,1.2120607028753994,1.372368915095746,26.549999999999997,46.620588169987414,36.349999999999994,17.52303753448345,29.097550635503964,0.13996036369395726,0.3723689150957461,False,False
2020-03-09,123.1,0.7217709179528838,0.8410988245535119,1.2327376116978068,1.264693642468185,28.650000000000006,32.58378738783355,34.25,19.560734697462678,13.023052690370875,0.15890117544648807,0.26469364246818494,False,False
2020-03-11,124.55,0.7133681252509032,0.866034262881464,1.218386190285026,1.2795141952912934,27.199999999999974,34.8134930235306,35.7,16.68543255811366,18.128060465416937,0.133965737118536,0.2795141952912934,False,False
2020-03-12,112.3,0.7911843276936776,0.8006712666746508,1.3512911843276938,1.2795601226433624,39.45,31.394601772849583,23.450000000000003,22.384616752436713,9.00998502041287,0.19932873332534917,0.2795601226433624,False,False
2020-03-13,113.35,0.7838553153947949,0.8193886010376297,1.3387737097485664,1.3527812560052133,38.400000000000006,39.98775536819093,24.5,20.47230207238468,19.515453295806253,0.18061139896237033,0.35278125600521326,False,False
2020-03-16,106.8,0.8319288389513109,0.79238712039944,1.420880149812734,1.2597515150176413,44.949999999999974,27.741461803884093,17.950000000000003,22.173055541339806,5.568406262544286,0.20761287960055996,0.25975151501764127,False,False
2020-03-17,100.95,0.880138682516097,0.7993210876583106,1.5032194155522536,1.2942853376940973,50.8,29.70810484021912,12.100000000000009,20.258536200893545,9.449568639325577,0.20067891234168944,0.29428533769409726,False,False
2020-03-18,98.0,0.9066326530612244,0.8016382710661457,1.548469387755102,1.3041445462411407,53.75,29.80616553163179,9.150000000000006,19.439449435517716,10.366716096114075,0.1983617289338543,0.30414454624114073,False,False
2020-03-19,93.65,0.9487453283502402,0.7173219868268246,1.6497597437266416,1.4033661682830625,60.849999999999994,37.7752416597088,4.800000000000011,26.472795933667882,11.302445726040915,0.2826780131731754,0.4033661682830625,False,False
2020-03-20,98.35,0.9034062023385868,0.8002130716817765,1.5709201830198272,1.3087804396566751,56.150000000000006,30.368556240234,9.499999999999986,19.64904440009728,10.719511840136718,0.19978692831822353,0.3087804396566751,False,False
2020-03-23,88.85,1.0,0.7718877094529938,1.7388857625211032,1.3704038650936297,65.65,32.910383413568994,0.0,20.2677770151015,12.642606398467493,0.2281122905470062,0.37040386509362966,False,False
2020-03-24,89.6,1.0,0.8021592409409324,1.7243303571428572,1.361154330300705,64.9,32.35942799494316,0.0,17.726532011692456,14.632895983250705,0.19784075905906762,0.361154330300705,False,False
2020-03-25,90.9,1.0,0.7922057731299026,1.6996699669966997,1.3895043696013079,63.599999999999994,35.40594719675889,0.0,18.888495222491855,16.517451974267033,0.2077942268700974,0.38950436960130785,False,False
2020-03-27,99.7,0.940320962888666,0.8390805334803183,1.5496489468405217,1.3222749594636187,54.800000000000026,32.13081345852278,5.950000000000003,16.043670812012266,16.087142646510515,0.1609194665196817,0.3222749594636187,False,False
2020-03-30,94.4,0.9931144067796608,0.7988496153991483,1.6366525423728813,1.287194011267819,60.099999999999994,27.111114663682116,0.6500000000000199,18.988596306320403,8.122518357361713,0.20115038460085166,0.28719401126781907,False,False
2020-03-31,93.75,1.0,0.8370013666913838,1.648,1.3133533367444932,60.75,29.37687531979624,0.0,15.281121872682775,14.095753447113466,0.1629986333086162,0.31335333674449317,False,False
2020-04-01,94.0,1.0,0.8387285965715497,1.6436170212765957,1.272924214289427,60.5,25.65487614320614,0.0,15.15951192227432,10.495364220931819,0.16127140342845026,0.27292421428942704,False,False
2020-04-03,94.7,1.0,0.8348234536735737,1.631467793030623,1.2489807752072792,59.8,23.57847941212934,0.0,15.642218937112574,7.936260475016766,0.1651765463264263,0.24898077520727924,False,False
2020-04-07,96.1,1.0,0.8279223964628041,1.607700312174818,1.265220190428658,58.400000000000006,25.487660300194023,0.0,16.536657699924532,8.95100260026949,0.17207760353719592,0.26522019042865796,False,False
2020-04-08,100.35,1.0,0.8489137264721989,1.539611360239163,1.2936341735816062,54.150000000000006,29.46618931891419,0.0,15.161507548514848,14.304681770399341,0.15108627352780113,0.29363417358160615,False,False
2020-04-09,110.5,0.9108597285067874,0.8434729706833248,1.3981900452488687,1.298741059085839,44.0,33.01088702898522,9.849999999999994,17.296236739492613,15.71465028949261,0.15652702931667517,0.29874105908583903,False,False
2020-04-13,111.85,0.8998658918194011,0.8510248321701712,1.3813142601698705,1.34041209568298,42.650000000000006,38.07509290214131,11.199999999999989,16.662872521766346,21.41222038037496,0.14897516782982878,0.3404120956829799,False,False
2020-04-16,110.8,0.9083935018050542,0.8196823019499624,1.3944043321299642,1.2648435492071588,43.70000000000003,29.344665252153206,10.149999999999991,19.979200943944164,9.365464308209042,0.1803176980500376,0.2648435492071588,False,False
2020-04-17,113.05,0.8903140203449802,0.8437856557829646,1.3666519239274657,1.2257924602740886,41.45,25.525837633985716,12.399999999999991,17.660031613735853,7.865806020249863,0.1562143442170354,0.2257924602740886,False,False
2020-04-20,117.4,0.8573253833049403,0.8431221213258452,1.316013628620102,1.2054987869032334,37.099999999999994,24.125557582439598,16.75,18.417462956345773,5.708094626093825,0.1568778786741548,0.20549878690323342,False,False
2020-04-21,112.65,0.8934753661784288,0.858384961563406,1.3715046604527297,1.2752091301693498,41.849999999999994,31.002308513577248,12.0,15.952934079882311,15.049374433694936,0.14161503843659395,0.2752091301693498,False,False
2020-04-22,116.95,0.8606241983753741,0.8580528719618312,1.321077383497221,1.2313025210867186,37.55,27.050829841091726,16.299999999999997,16.600716624063836,10.45011321702789,0.14194712803816878,0.23130252108671856,False,False
2020-04-23,119.95,0.8390996248436849,0.8492694935571272,1.288036681950813,1.2122526716507074,34.55,25.459707964502357,19.299999999999997,18.080124247822596,7.379583716679761,0.15073050644287278,0.21225267165070738,False,False
2020-04-24,116.05,0.8672985781990522,0.8274871401605596,1.3313227057302888,1.215701779734285,38.45,25.032191538163787,15.399999999999991,20.020117384367055,5.012074153796732,0.17251285983944042,0.21570177973428506,False,False
2020-04-27,114.75,0.8771241830065359,0.8567183968039201,1.34640522875817,1.2308979753820937,39.75,26.495542675095237,14.099999999999994,16.441563966750167,10.05397870834507,0.14328160319607985,0.23089797538209367,False,False
2020-04-28,113.05,0.8903140203449802,0.8556211270694052,1.3666519239274657,1.2455184154515018,41.45,27.755856866792286,12.399999999999991,16.32203158480374,11.433825281988547,0.14437887293059481,0.24551841545150177,False,False
2020-04-29,114.1,0.8821209465381246,0.8703993050931782,1.3540753724802803,1.244263032412007,40.39999999999998,27.87041199820999,13.449999999999989,14.78743928886837,13.082972709341618,0.1296006949068218,0.24426303241200698,False,False
2020-04-30,116.05,0.8672985781990522,0.8455260399328309,1.3313227057302888,1.2385827917474463,38.45,27.68753298229116,15.399999999999991,17.926703065794968,9.760829916496192,0.15447396006716907,0.23858279174744634,False,False
2020-05-04,108.75,0.9255172413793104,0.8328351727283676,1.4206896551724135,1.264852030029209,45.74999999999997,28.802658265676484,8.099999999999994,18.179174965790025,10.623483299886459,0.1671648272716324,0.264852030029209,False,False
2020-05-05,107.25,0.9384615384615386,0.8280770763934862,1.4405594405594406,1.2205603185418463,47.25,23.65509416361303,6.599999999999994,18.43873355679861,5.216360606814419,0.17192292360651384,0.22056031854184632,False,False
2020-05-06,107.2,0.9388992537313432,0.8259882298035247,1.4412313432835822,1.250840973035504,47.3,26.89015230940602,6.550000000000011,18.654061765062153,8.236090544343867,0.1740117701964753,0.2508409730355039,False,False
2020-05-07,108.75,0.9255172413793104,0.8554641611793468,1.4206896551724135,1.28686900895399,45.74999999999997,31.197004723746403,8.099999999999994,15.718272471746033,15.47873225200037,0.14453583882065324,0.28686900895399003,False,False
2020-05-08,106.2,0.9477401129943503,0.8494293312615087,1.4548022598870056,1.228085602421318,48.3,24.222690977143984,5.549999999999997,15.990605020027786,8.232085957116198,0.15057066873849134,0.22808560242131803,False,False
2020-05-11,104.1,0.9668587896253604,0.8578973623864918,1.484149855907781,1.2694739563148785,50.400000000000006,28.05223885237885,3.4499999999999744,14.792884575566205,13.259354276812644,0.14210263761350816,0.26947395631487847,False,False
2020-05-12,103.8,0.9696531791907516,0.8458245734808354,1.4884393063583816,1.3112090495567459,50.7,32.303499343990225,3.1499999999999915,16.003409272689282,16.300090071300943,0.1541754265191646,0.3112090495567459,False,False
2020-05-13,103.7,0.9705882352941176,0.8575269276190691,1.4898746383799422,1.2458675578893197,50.8,25.49646575312245,3.049999999999997,14.774457605902526,10.722008147219924,0.14247307238093088,0.2458675578893197,False,False
2020-05-14,102.25,0.9843520782396088,0.8541572644480903,1.5110024449877748,1.261160139885306,52.24999999999997,26.703624303272534,1.5999999999999943,14.912419710182775,11.791204593089759,0.14584273555190974,0.26116013988530606,False,False
2020-05-15,103.35,0.9738751814223512,0.8773006881097916,1.4949201741654572,1.2925542115019335,51.150000000000006,30.235477758724812,2.700000000000003,12.680973883853042,17.55450387487177,0.12269931189020844,0.2925542115019335,False,False
2020-05-18,101.15,0.9950568462679188,0.8618924319256178,1.52743450321305,1.2652886465019748,53.35000000000002,26.833946593674753,0.5000000000000142,13.969580510723759,12.864366082950994,0.13810756807438218,0.2652886465019748,False,False
2020-05-19,102.0,0.986764705882353,0.8620739581742717,1.5147058823529411,1.2579274307217971,52.5,26.308597933623304,1.3499999999999943,14.068456266224288,12.240141667399016,0.13792604182572832,0.25792743072179714,False,False
2020-05-20,102.1,0.985798237022527,0.8479776175056772,1.5132223310479922,1.2318155716985522,52.400000000000006,23.66836987042217,1.4499999999999886,15.52148525267036,8.146884617751809,0.15202238249432276,0.23181557169855216,False,False
2020-05-21,102.25,0.9843520782396088,0.8294565387014816,1.5110024449877748,1.2443065272219829,52.24999999999997,24.980342408447754,1.5999999999999943,17.438068917773506,7.542273490674248,0.17054346129851838,0.24430652722198287,False,False
2020-05-22,100.9,0.9975222993062438,0.8486623635108529,1.531219028741328,1.2666632997114795,53.599999999999994,26.906326940888277,0.25,15.26996752175495,11.636359419133328,0.1513376364891471,0.2666632997114795,False,False
2020-05-26,100.65,1.0,0.8546145081966596,1.5350223546944857,1.2939564075254444,53.849999999999994,29.58671241743599,0.0,14.633049750006208,14.953662667429782,0.14538549180334037,0.2939564075254444,False,False
2020-05-27,101.7,1.0,0.8450166479690178,1.5191740412979349,1.2860047271220516,52.79999999999997,29.086680748312645,0.0,15.761806901550898,13.324873846761747,0.15498335203098224,0.2860047271220516,False,False
2020-05-28,101.9,1.0,0.8242666644888687,1.5161923454367026,1.3194930374826086,52.599999999999994,32.55634051947783,0.0,17.90722688858429,14.649113630893538,0.17573333551113135,0.3194930374826086,False,False
2020-05-29,105.9,1.0,0.8344765728995484,1.4589235127478752,1.270250504520314,48.599999999999994,28.619528428701273,0.0,17.52893092993783,11.090597498763444,0.16552342710045165,0.27025050452031407,False,False
2020-06-01,108.1,1.0,0.8430115045472247,1.4292321924144311,1.2708769849773986,46.400000000000006,29.281802076056806,0.0,16.970456358445006,12.3113457176118,0.15698849545277527,0.27087698497739865,False,False
2020-06-02,109.35,0.9917695473251028,0.8391918943699023,1.4128943758573391,1.2019153143827848,45.150000000000034,22.079439627757523,0.9000000000000057,17.58436635065118,4.495073277106343,0.16080810563009773,0.20191531438278476,False,False
2020-06-03,108.45,1.0,0.8233620980729324,1.4246196403872753,1.2156111826254576,46.05,23.383032755730895,0.0,19.156380463990487,4.2266522917404075,0.17663790192706763,0.21561118262545764,False,False
2020-06-04,109.95,1.0,0.8732957208866979,1.4051841746248297,1.2599260990833336,44.550000000000026,28.578874594212536,0.0,13.931135488507564,14.647739105704972,0.12670427911330207,0.25992609908333364,False,False
2020-06-08,116.6,0.9729845626072042,0.8768331144832364,1.3250428816466553,1.229111821905923,37.900000000000006,26.7144384342306,3.1499999999999915,14.361258851254632,12.353179582975969,0.12316688551676358,0.22911182190592294,False,False
2020-06-09,116.85,0.9709028669234058,0.8638787692533122,1.3222079589216946,1.2200257807235455,37.650000000000006,25.710012477546286,3.400000000000034,15.905765812750474,9.804246664795812,0.1361212307466878,0.2200257807235455,False,False
2020-06-10,117.2,0.9680034129692832,0.8394674231671657,1.3182593856655291,1.2124348031002303,37.300000000000026,24.897358923347,3.750000000000014,18.814418004808175,6.082940918538824,0.16053257683283428,0.21243480310023033,False,False
2020-06-11,115.9,0.9788610871440896,0.8355727134876365,1.3330457290767903,1.220758793913458,38.599999999999994,25.585944214569793,2.450000000000017,19.05712250678293,6.528821707786861,0.1644272865123635,0.2207587939134581,False,False
2020-06-12,116.2,0.9763339070567988,0.8766527409589492,1.32960413080895,1.2415370106260148,38.29999999999997,28.066600634742926,2.749999999999986,14.332951500570104,13.733649134172822,0.12334725904105082,0.24153701062601485,False,False
2020-06-15,116.65,0.9725675096442348,0.8636826114575755,1.3244749249892842,1.2851834682391774,37.849999999999994,33.26665157010004,3.200000000000017,15.901423373473818,17.36522819662622,0.13631738854242448,0.2851834682391774,False,False
2020-06-16,115.8,0.979706390328152,0.8483639240308312,1.33419689119171,1.2669551234529959,38.7,30.913403295856924,2.3499999999999943,17.559457597229752,13.353945698627172,0.15163607596916884,0.2669551234529959,False,False
2020-06-17,116.6,0.9729845626072042,0.8559320006242321,1.3250428816466553,1.2157776471419033,37.900000000000006,25.159673656745923,3.1499999999999915,16.79832872721454,8.361344929531384,0.14406799937576786,0.21577764714190328,False,False
2020-06-18,116.5,0.9738197424892704,0.8929368230317687,1.3261802575107295,1.2495212241069529,38.0,29.069222608460024,3.049999999999997,12.472860116798941,16.596362491661083,0.10706317696823131,0.24952122410695288,False,False
2020-06-19,113.45,1.0,0.8373589499988694,1.361833406787131,1.2033587048196825,41.05,23.071045061792987,0.0,18.451627122628267,4.61941793916472,0.1626410500011306,0.20335870481968255,False,False
2020-06-22,115.0,0.9943478260869564,0.8592338703889114,1.3434782608695652,1.2293898420644032,39.5,26.379831837406357,0.6500000000000199,16.188104905275182,10.191726932131175,0.1407661296110886,0.22938984206440316,False,False
2020-06-23,124.95,0.9151660664265706,0.806559264229452,1.2364945978391355,1.1475878093103806,29.54999999999997,18.441096773332063,10.600000000000009,24.170419934529974,-5.729323161197911,0.193440735770548,0.14758780931038062,False,False
2020-06-24,119.25,0.958909853249476,0.8330918815764591,1.2955974842767295,1.2241695625395599,35.25,26.73222033284253,4.8999999999999915,19.903793122007258,6.828427210835272,0.16690811842354092,0.22416956253955989,False,False
2020-06-25,120.7,0.9473902236951118,0.8268840953507143,1.28003314001657,1.2064762175581247,33.8,24.92167945926566,6.3500000000000085,20.895089691168792,4.026589768096869,0.17311590464928572,0.20647621755812473,False,False
2020-06-26,123.35,0.9270368869071748,0.8709758108326248,1.2525334414268343,1.2425331826067834,31.150000000000006,29.916468074546714,8.999999999999986,15.915133733795741,14.001334340750972,0.12902418916737524,0.24253318260678336,False,False
2020-06-29,119.6,0.956103678929766,0.859393454219552,1.2918060200668895,1.235774725241364,34.89999999999998,28.198657138867134,5.249999999999986,16.816542875341568,11.382114263525565,0.14060654578044796,0.235774725241364,False,False
2020-06-30,117.45,0.9736057896977436,0.8457900219820373,1.3154533844189016,1.2153382797828187,37.05,25.291480960492052,3.1000000000000227,18.111961918209715,7.179519042282337,0.15420997801796266,0.21533827978281872,False,False
2020-07-01,116.65,0.9802828975567938,0.8699768981255801,1.3244749249892842,1.2355953016803332,37.849999999999994,27.482191941010853,2.3000000000000114,15.167194833651081,12.314997107359773,0.1300231018744199,0.23559530168033316,False,False
2020-07-02,118.05,0.9686573485811096,0.8726941447021824,1.3087674714104194,1.2520022003952698,36.45,29.748859756661588,3.700000000000003,15.028456217907362,14.720403538754226,0.12730585529781757,0.25200220039526977,False,False
2020-07-03,122.0,0.9372950819672132,0.8513752867962747,1.2663934426229508,1.192066164404422,32.5,23.432072057339468,7.6499999999999915,18.13221501085448,5.299857046484988,0.14862471320372528,0.19206616440442192,False,False
2020-07-06,125.1,0.9140687450039968,0.8643529756804722,1.235011990407674,1.2180416463182584,29.400000000000006,27.277009954414126,10.75,16.969442742372934,10.307567212041192,0.1356470243195278,0.2180416463182584,False,False
2020-07-07,124.2,0.9206924315619968,0.8629441918114029,1.2439613526570048,1.2021653349549593,30.299999999999997,25.10893460140595,9.850000000000009,17.02233137702376,8.086603224382188,0.13705580818859708,0.20216533495495925,False,False
2020-07-08,120.7,0.9473902236951118,0.8544690151277328,1.28003314001657,1.2285942819099782,33.8,27.591329826534363,6.3500000000000085,17.56558987408266,10.025739952451701,0.14553098487226723,0.22859428190997821,False,False
2020-07-09,119.8,0.954507512520868,0.8607464339443758,1.289649415692821,1.2535190195623258,34.699999999999974,30.371578543566628,5.450000000000017,16.682577213463787,13.68900133010284,0.13925356605562422,0.2535190195623258,False,False
2020-07-10,117.8,0.9707130730050934,0.8513286468334966,1.3115449915110358,1.2215550217114572,36.7,26.09918155760967,3.450000000000003,17.5134854030141,8.585696154595567,0.14867135316650337,0.22155502171145725,False,False
2020-07-13,117.3,0.9748508098891728,0.8682120353420725,1.3171355498721231,1.2533421652588899,37.20000000000003,29.717035984867792,2.9500000000000313,15.458728254374904,14.258307730492888,0.13178796465792753,0.25334216525888986,False,False
2020-07-14,114.55,0.9982540375381928,0.8596850815291148,1.3487560017459626,1.2423047162974297,39.95,27.756005251870576,0.20000000000001705,16.073073910839895,11.682931341030681,0.14031491847088517,0.24230471629742967,False,False
2020-07-15,114.35,1.0,0.8751617581779896,1.3511149978137298,1.2756290914492083,40.150000000000006,31.51818660721696,0.0,14.27525295234689,17.242933654870072,0.12483824182201042,0.27562909144920833,False,False
2020-07-16,119.9,1.0,0.9027037339652603,1.2885738115095913,1.269166864352704,34.599999999999994,32.27310703588921,0.0,11.665822297565299,20.607284738323912,0.09729626603473973,0.2691668643527041,False,False
2020-07-17,120.9,0.9921422663358148,0.8727875032863928,1.3163771712158807,1.2441393997771686,38.24999999999997,29.516453433059695,0.9499999999999886,15.379990852675121,14.136462580384574,0.12721249671360724,0.2441393997771686,False,False
2020-07-20,125.6,0.955015923566879,0.8325121410971725,1.2890127388535029,1.2591902711135556,36.299999999999955,32.55429805186259,5.6499999999999915,21.036475078195124,11.517822973667464,0.16748785890282747,0.25919027111355564,False,False
2020-07-21,124.1,0.9665592264302982,0.8862425742231596,1.3045930701047543,1.2432164396423564,37.80000000000001,30.18316015961642,4.1499999999999915,14.117296538905904,16.065863620710516,0.11375742577684045,0.2432164396423564,False,False
2020-07-22,122.25,0.9811860940695296,0.8925910603070268,1.3243353783231084,1.222511596392199,39.650000000000006,27.20204265894634,2.3000000000000114,13.130742877465963,14.071299781480377,0.10740893969297316,0.22251159639219908,False,False
2020-07-23,123.45,0.9716484406642364,0.901548744778001,1.311462130417173,1.2507331772850192,38.45,30.953010735835633,3.500000000000014,12.153807457155779,18.799203278679855,0.09845125522199905,0.2507331772850192,False,False
2020-07-24,123.5,0.971255060728745,0.8660966613608315,1.3109311740890688,1.225760470613726,38.400000000000006,27.88141812079516,3.549999999999997,16.537062321937313,11.344355798857848,0.13390333863916848,0.22576047061372595,False,False
2020-07-27,121.5,0.9872427983539096,0.8748093039010014,1.3325102880658437,1.257276551053033,40.400000000000006,31.259100952943527,1.549999999999983,15.210669576028323,16.048431376915204,0.12519069609899858,0.25727655105303304,False,False
2020-07-28,120.95,0.9917321207110376,0.8862489080181073,1.3385696568830094,1.2010504506545094,40.95,24.317052006662905,1.0000000000000142,13.758194575209927,10.558857431452978,0.1137510919818927,0.20105045065450944,False,False
2020-07-29,120.45,0.9958488999584888,0.889942129894002,1.344126193441262,1.2346090560776586,41.45,28.25866080455397,0.5000000000000284,13.256470454267458,15.002190350286511,0.11005787010599799,0.23460905607765858,False,False
2020-07-30,119.95,1.0,0.8941998113428,1.3497290537724052,1.2562539679903069,41.95,30.737663460437304,0.0,12.690732629431139,18.046930831006165,0.10580018865719998,0.25625396799030686,False,False
2020-07-31,123.35,1.0,0.8949129709284068,1.3125253344142684,1.2737526356558444,38.55000000000001,33.7673876081484,0.0,12.962485035981018,20.80490257216738,0.10508702907159317,0.2737526356558444,False,False
2020-08-03,124.9,1.0,0.8907731687289451,1.2974379503602882,1.1882910392824928,37.150000000000006,23.517550806383355,0.0,13.642431225754763,9.875119580628592,0.10922683127105492,0.1882910392824928,False,False
2020-08-04,131.0,0.9961832061068704,0.8942279683808928,1.2370229007633589,1.1941674484809064,31.05000000000001,25.435935750998738,0.4999999999999716,13.85613614210304,11.579799608895698,0.1057720316191072,0.1941674484809064,False,False
2020-08-05,140.4,0.9294871794871794,0.8974646999865332,1.1574074074074074,1.2203016176377985,22.099999999999994,30.930347116346923,9.900000000000006,14.395956121890734,16.53439099445619,0.10253530001346678,0.22030161763779854,False,False
2020-08-06,139.75,0.9338103756708408,0.9033242264668384,1.162790697674419,1.2035755227369869,22.75000000000003,28.449679302493905,9.25,13.510439351259336,14.939239951234569,0.09667577353316159,0.20357552273698687,False,False
2020-08-07,141.75,0.9206349206349206,0.896483961691697,1.1463844797178129,1.2013163720003643,20.74999999999997,28.536595731051648,11.25,14.673398430201956,13.863197300849691,0.10351603830830303,0.20131637200036434,False,False
2020-08-10,140.9,0.9261887863733144,0.8912560649431102,1.1533002129169625,1.1824957872838415,21.600000000000023,25.713656428293262,10.400000000000006,15.322020449515776,10.391635978777487,0.10874393505688984,0.18249578728384153,False,False
2020-08-11,139.4,0.936154949784792,0.8858374611464341,1.16571018651363,1.184721417311058,23.100000000000023,25.750165573161496,8.900000000000006,15.914257916187083,9.835907656974413,0.11416253885356586,0.18472141731105807,False,False
2020-08-12,139.55,0.9351486922250088,0.8904396496429194,1.1644571838050877,1.2118180336767965,22.94999999999999,29.559206599596962,9.050000000000011,15.289146892330592,14.27005970726637,0.10956035035708056,0.21181803367679652,False,False
2020-08-13,139.15,0.9378368666906216,0.8839634838313255,1.167804527488322,1.1859872256889625,23.349999999999994,25.88012245461914,8.650000000000006,16.146481224871053,9.733641229748088,0.1160365161686745,0.18598722568896253,False,False
2020-08-14,141.05,0.9252038284296348,0.8572558802836661,1.152073732718894,1.141638158783557,21.44999999999999,19.97806229642069,10.550000000000011,20.134058085988897,-0.15599578956820892,0.14274411971633394,0.1416381587835569,False,False
2020-08-17,141.6,0.9216101694915254,0.9123853380696101,1.1475988700564972,1.1936511001228698,20.900000000000006,27.42099577739836,11.099999999999994,12.406236129343199,15.014759648055161,0.08761466193038991,0.1936511001228698,False,False
2020-08-18,146.4,0.8913934426229508,0.8914894603323619,1.1099726775956285,1.2093021720356065,16.099999999999994,30.641837986012803,15.900000000000006,15.885943007342235,14.755894978670568,0.10851053966763813,0.20930217203560653,False,False
2020-08-19,147.7,0.8835477318889642,0.8924076253814448,1.100203114421124,1.2323812569726285,14.800000000000011,34.322711654857216,17.19999999999999,15.891393731160605,18.43131792369661,0.1075923746185552,0.23238125697262846,False,False
2020-08-20,149.45,0.8732017397122784,0.8828563158569778,1.087320173971228,1.232792145771554,13.050000000000011,34.790786185558744,18.94999999999999,17.507123595174676,17.28366259038407,0.11714368414302223,0.23279214577155405,False,False
2020-08-21,151.75,0.8599670510708401,0.8958227150149005,1.0708401976935749,1.1890351879110495,10.749999999999972,28.686089765501748,21.25,15.808902996488854,12.877186769012894,0.10417728498509948,0.18903518791104945,False,False
2020-08-24,147.65,0.8838469353200135,0.8725501577857091,1.1005756857433118,1.1895182945478022,14.849999999999994,27.982376189983,17.150000000000006,18.81796920294005,9.164406987042952,0.1274498422142909,0.18951829454780222,False,False
2020-08-25,146.1,0.8932238193018481,0.8942467011159266,1.112251882272416,1.1916000947015168,16.39999999999995,27.992773835891597,15.599999999999994,15.45055696696312,12.542216868928477,0.10575329888407337,0.19160009470151684,False,False
2020-08-26,148.75,0.8773109243697479,0.8988742116000277,1.092436974789916,1.2218574054952909,13.750000000000028,33.00128906742452,18.25,15.042461024495879,17.958828042928644,0.10112578839997233,0.22185740549529087,False,False
2020-08-27,147.65,0.8838469353200135,0.8895839939513673,1.1005756857433118,1.2273200737336665,14.849999999999994,33.56380888677586,17.150000000000006,16.302923293080624,17.260885593695235,0.11041600604863266,0.22732007373366647,False,False
2020-08-28,147.0,0.8877551020408163,0.8913663051731855,1.1054421768707483,1.2373982495994782,15.5,34.897542691123306,16.5,15.969153139541731,18.928389551581574,0.10863369482681451,0.2373982495994782,False,False
2020-08-31,142.15,0.9180443193809356,0.8972773178290283,1.14315863524446,1.198539222847354,20.349999999999994,28.22235052775136,11.650000000000006,14.602029270603623,13.620321257147737,0.10272268217097169,0.19853922284735392,False,False
2020-09-01,141.55,0.921935711762628,0.8873557270496838,1.1480042387848817,1.2154268708090175,20.94999999999999,30.493673563016415,11.050000000000011,15.944796836117263,14.548876726899152,0.1126442729503162,0.21542687080901746,False,False
2020-09-02,143.75,0.9078260869565218,0.9174735958486705,1.1304347826086956,1.2344170180396605,18.75,33.69744634320119,13.25,11.863170596753605,21.834275746447588,0.0825264041513295,0.23441701803966053,False,False
2020-09-03,141.05,0.9252038284296348,0.8931696604858217,1.152073732718894,1.1940174626510525,21.44999999999999,27.36616310693094,10.550000000000011,15.068419388474851,12.29774371845609,0.10683033951417831,0.19401746265105246,False,False
2020-09-04,139.45,0.9358192900681248,0.8879567563962494,1.1652922194334887,1.224588595485013,23.05000000000001,31.318879640385063,8.949999999999989,15.624430320543027,15.694449319842036,0.11204324360375062,0.2245885954850131,False,False
2020-09-07,139.7,0.9341445955619184,0.9022237344714059,1.1632068718682893,1.2472639741351417,22.80000000000001,34.5427771866793,9.199999999999989,13.659344294344592,20.88343289233471,0.09777626552859409,0.24726397413514167,False,False
2020-09-08,138.5,0.9422382671480144,0.8627542702058238,1.1732851985559567,1.2148282203312082,24.0,29.753708515872347,8.0,19.00853357649339,10.745174939378956,0.13724572979417615,0.2148282203312082,False,False
2020-09-09,142.0,0.9190140845070424,0.8845086523695813,1.1443661971830985,1.1811862194455882,20.5,25.728443161273532,11.499999999999972,16.39977136351945,9.328671797754083,0.11549134763041868,0.18118621944558821,False,False
2020-09-10,143.8,0.907510431154381,0.8960110943156947,1.1300417246175245,1.1805650959348633,18.700000000000017,25.965260795433323,13.300000000000011,14.953604637403117,11.011656158030206,0.1039889056843053,0.18056509593486325,False,False
2020-09-11,143.4,0.910041841004184,0.8986795254889053,1.1331938633193863,1.2197286659273654,19.099999999999994,31.509090693984206,12.900000000000034,14.529356044890989,16.979734649093217,0.10132047451109472,0.2197286659273654,False,False
2020-09-14,149.4,0.8734939759036144,0.9077294098916289,1.0876840696117804,1.1901618691119438,13.099999999999994,28.41018324532439,18.900000000000006,13.78522616219064,14.62495708313375,0.09227059010837113,0.19016186911194377,False,False
2020-09-15,154.5,0.8446601941747572,0.8880840544472439,1.051779935275081,1.1984894819480363,8.0,30.666624960971603,24.0,17.291013587900807,13.375611373070797,0.11191594555275608,0.19848948194803628,False,False
2020-09-16,152.25,0.8571428571428571,0.8865508700353157,1.0673234811165846,1.2219838545450827,10.25,33.79704185448884,21.75,17.27263003712318,16.52441181736566,0.11344912996468426,0.22198385454508274,False,False
2020-09-17,149.8,0.8711615487316421,0.8936126572576049,1.0847797062750333,1.1916057831504565,12.699999999999989,28.702546315938378,19.30000000000001,15.936823942810804,12.765722373127574,0.10638734274239514,0.1916057831504565,False,False
2020-09-18,153.4,0.8507170795306388,0.9009653641600353,1.0593220338983051,1.1941890196631493,9.100000000000023,29.788595616327086,22.900000000000006,15.191913137850605,14.596682478476481,0.09903463583996475,0.19418901966314928,False,False
2020-09-21,147.7,0.8835477318889642,0.8789713924042193,1.100203114421124,1.2089100939753472,14.800000000000011,30.85602088015878,17.19999999999999,17.875925341896817,12.980095538261963,0.12102860759578071,0.2089100939753472,False,False
2020-09-22,143.45,0.9097246427326596,0.8846819250441138,1.1327988846287906,1.23147527160722,19.05000000000001,33.205127712055685,12.949999999999989,16.54237785242188,16.662749859633806,0.1153180749558862,0.23147527160721992,False,False
2020-09-23,143.1,0.9119496855345912,0.8816279124680872,1.1355695317959469,1.237715105741793,19.400000000000006,34.01703163165058,12.599999999999994,16.93904572581671,17.07798590583387,0.11837208753191275,0.237715105741793,False,False
2020-09-24,139.75,0.9338103756708408,0.8962809829457117,1.162790697674419,1.2056329772615224,22.75000000000003,28.73720857229776,9.25,14.494732633336795,14.242475938960965,0.10371901705428832,0.2056329772615224,False,False
2020-09-25,143.15,0.9116311561299336,0.9055939533762375,1.1351728955640936,1.2068586811719493,19.349999999999994,29.611820209764545,12.650000000000006,13.514225574191613,16.097594635572932,0.09440604662376251,0.20685868117194928,False,False
2020-09-28,145.35,0.8978328173374613,0.8935466933077237,1.1179910560715516,1.2188799557067338,17.150000000000034,31.81420156197376,14.849999999999994,15.472988127722346,16.341213434251415,0.10645330669227626,0.2188799557067338,False,False
2020-09-29,146.65,0.8898738493010571,0.9000959143730733,1.1080804636890556,1.180858269031649,15.849999999999994,26.522865153491324,16.149999999999977,14.6509341571888,11.871930996302524,0.09990408562692665,0.18085826903164892,False,False
2020-09-30,146.75,0.889267461669506,0.8928713848140744,1.1073253833049403,1.1935391384807805,15.75,28.401868572054553,16.25,15.721124278534575,12.680744293519979,0.10712861518592565,0.19353913848078053,False,False
2020-10-01,147.7,0.8835477318889642,0.8450306601628504,1.100203114421124,1.252872359373135,14.800000000000011,37.34924747941204,17.19999999999999,22.888971493946983,14.46027598546506,0.15496933983714956,0.252872359373135,False,False
2020-10-05,147.8,0.8829499323410013,0.8658779208701219,1.0994587280108254,1.2727172467243053,14.699999999999989,40.30760906585232,17.30000000000001,19.823243295395983,20.484365770456336,0.13412207912987806,0.2727172467243053,False,False
2020-10-06,144.75,0.9015544041450776,0.836189012135842,1.1226252158894643,1.2769416102987998,17.749999999999943,40.08729809075126,14.250000000000028,23.711640493336873,16.37565759741439,0.16381098786415804,0.2769416102987998,False,False
2020-10-07,142.95,0.9129066107030432,0.8669292019335888,1.1367611052815672,1.2710876082533855,19.55000000000001,38.75197359982147,12.44999999999996,19.022470583593474,19.729503016227994,0.1330707980664112,0.2710876082533855,False,False
2020-10-08,143.05,0.9122684376092276,0.870508511719492,1.1359664452988465,1.2811892695485865,19.44999999999999,40.224125008925284,12.549999999999983,18.523757398526683,21.7003676103986,0.12949148828050805,0.2811892695485865,False,False
2020-10-09,144.85,0.9009319986192612,0.859336341711681,1.1218501898515707,1.2876078955545716,17.650000000000006,41.66000367107969,14.350000000000023,20.375130903062995,21.284872768016697,0.14066365828831895,0.28760789555457156,False,False
2020-10-12,142.4,0.9164325842696628,0.8499424737461918,1.1411516853932584,1.2666761743620671,20.099999999999994,37.97468722915835,11.900000000000006,21.368191738542293,16.606495490616055,0.1500575262538082,0.26667617436206714,False,False
2020-10-13,142.2,0.917721518987342,0.8561439467628857,1.1427566807313645,1.2841834471171008,20.30000000000004,40.41088618005173,11.69999999999996,20.45633077031765,19.954555409734084,0.14385605323711426,0.28418344711710075,False,False
2020-10-14,141.85,0.9199859005992246,0.8856604361712965,1.1455763130066972,1.282820671377292,20.649999999999977,40.118112234868875,11.349999999999994,16.21906712910159,23.899045105767286,0.11433956382870347,0.28282067137729205,False,False
2020-10-15,140.1,0.9314775160599572,0.8698845639698493,1.1598857958601,1.2879669212867757,22.400000000000034,40.344165672277285,9.599999999999994,18.229172587824124,22.11499308445316,0.13011543603015074,0.2879669212867757,False,False
2020-10-16,141.2,0.9242209631728046,0.8728750132007512,1.1508498583569406,1.291029384733938,21.30000000000001,41.09334912443205,10.699999999999989,17.950048136053923,23.14330098837813,0.12712498679924877,0.291029384733938,False,False
2020-10-19,141.6,0.9216101694915254,0.8741183389632932,1.1475988700564972,1.2991031142625908,20.900000000000006,42.35300097958287,11.099999999999994,17.82484320279768,24.528157776785193,0.12588166103670684,0.29910311426259084,False,False
2020-10-20,142.35,0.916754478398314,0.8584099949836916,1.1415525114155252,1.3010117829291135,20.150000000000006,42.84902729995929,11.849999999999994,20.155337214071494,22.693690085887795,0.14159000501630836,0.30101178292911346,False,False
2020-10-21,141.55,0.921935711762628,0.8677254347168116,1.1480042387848817,1.2728846210850935,20.94999999999999,38.62681811459498,11.050000000000011,18.72346471583532,19.903353398759663,0.13227456528318837,0.2728846210850935,False,False
2020-10-22,145.6,0.8962912087912088,0.8538294680840377,1.1160714285714286,1.2504139096724685,16.900000000000006,36.4602652483114,15.099999999999994,21.282429446964116,15.177835801347285,0.1461705319159623,0.25041390967246846,False,False
2020-10-23,142.75,0.914185639229422,0.8636898230146518,1.138353765323993,1.2966631053547009,19.75,42.348658289383536,12.25,19.45827776465846,22.890380524725074,0.1363101769853482,0.29666310535470086,False,False
2020-10-26,139.75,0.9338103756708408,0.8658107848101507,1.162790697674419,1.275487314251389,22.75000000000003,38.49935216663161,9.25,18.752942822781435,19.746409343850175,0.13418921518984928,0.27548731425138895,False,False
2020-10-27,139.3,0.936826992103374,0.864405226721224,1.1665470208183777,1.286353599668626,23.200000000000017,39.889056433839585,8.800000000000011,18.8883519177335,21.000704516106083,0.135594773278776,0.28635359966862595,False,False
2020-10-28,135.6,0.9623893805309734,0.8288175366352183,1.198377581120944,1.2438085479063221,26.900000000000006,33.06043909609727,5.099999999999994,23.212342032264402,9.848097063832867,0.1711824633647817,0.24380854790632212,False,False
2020-10-29,135.35,0.9641669745105284,0.8610348108674879,1.200591060214259,1.2969401194541685,27.149999999999977,40.19084516812171,4.849999999999994,18.80893834908551,21.381906819036203,0.1389651891325121,0.29694011945416854,False,False
2020-10-30,135.7,0.9616801768607224,0.8728725793971501,1.1974944731024322,1.3012172612471853,26.80000000000004,40.87518235124304,5.19999999999996,17.251190975806722,23.62399137543632,0.12712742060284987,0.3012172612471853,False,False
2020-11-02,133.4,0.9782608695652172,0.8527961508039904,1.2181409295352323,1.3021956171010591,29.099999999999994,40.3128953212813,2.900000000000034,19.636993482747684,20.67590183853362,0.1472038491960096,0.30219561710105913,False,False
2020-11-03,130.5,1.0,0.8423256453842394,1.2452107279693487,1.3190547915800177,32.0,41.636650301192304,0.0,20.576503277356764,21.06014702383554,0.15767435461576063,0.3190547915800177,False,False
2020-11-04,132.6,1.0,0.865986780766168,1.2254901960784317,1.281076410773446,29.900000000000034,37.27073206855894,0.0,17.770152870406122,19.50057919815282,0.13401321923383203,0.28107641077344603,False,False
2020-11-05,136.15,0.9768637532133676,0.8630902845321985,1.1935365405802425,1.2754051418562173,26.350000000000023,37.496410063724,3.1500000000000057,18.640257760941182,18.856152302782817,0.1369097154678015,0.27540514185621734,False,False
2020-11-06,134.5,0.9888475836431226,0.8629580482437486,1.20817843866171,1.2764489137285826,28.0,37.182378896494356,1.5,18.432142511215815,18.75023638527854,0.13704195175625145,0.2764489137285826,False,False
2020-11-09,135.0,0.9851851851851852,0.8757176783587655,1.2037037037037035,1.2832865501286563,27.49999999999997,38.24368426736859,2.0,16.77811342156666,21.465570845801935,0.12428232164123454,0.28328655012865633,False,False
2020-11-10,133.0,1.0,0.85564381211281,1.2218045112781954,1.2694367300685128,29.5,35.835085099112206,0.0,19.19937298899626,16.635712110115946,0.14435618788718996,0.26943673006851276,False,False
2020-11-11,133.9,1.0,0.8710445648128148,1.2135922330097086,1.2822456131024564,28.599999999999994,37.79268759441891,0.0,17.267132771564107,20.5255548228548,0.12895543518718522,0.28224561310245644,False,False
2020-11-12,135.6,0.9922566371681416,0.8540547642627072,1.198377581120944,1.2627232669077788,26.900000000000006,35.62527499269481,1.0500000000000114,19.790173965976905,15.835101026717908,0.1459452357372928,0.2627232669077788,False,False
2020-11-13,134.6,0.99962852897474,0.8575320531646218,1.2072808320950967,1.2716882587918545,27.900000000000006,36.56923963338363,0.05000000000001137,19.176185644041908,17.393053989341723,0.14246794683537822,0.27168825879185454,False,False
2020-11-14,136.25,0.9875229357798166,0.8769968216732709,1.1926605504587156,1.285374706664805,26.25,38.882303783079664,1.6999999999999886,16.759183047016847,22.123120736062816,0.12300317832672913,0.2853747066648049,False,False
2020-11-17,134.55,1.0,0.8442923237057957,1.2077294685990336,1.2519791258973625,27.94999999999999,33.903791389490124,0.0,20.95046784538519,12.953323544104933,0.15570767629420434,0.2519791258973625,False,False
2020-11-18,134.75,1.0,0.8667915931388546,1.2059369202226344,1.2818267960562488,27.75,37.97616076857952,0.0,17.949832824539342,20.026327944040176,0.13320840686114543,0.28182679605624883,False,False
2020-11-19,138.55,0.9877300613496932,0.8283668310581849,1.1728617827499097,1.2240554939624744,23.94999999999999,31.042888688500824,1.700000000000017,23.77977555688848,7.263113131612343,0.17163316894181513,0.22405549396247437,False,False
2020-11-20,139.4,0.9817073170731706,0.8650627925295923,1.16571018651363,1.3033374828853441,23.100000000000023,42.28524511421696,2.5500000000000114,18.81024672137484,23.474998392842124,0.13493720747040772,0.3033374828853441,False,False
2020-11-23,139.7,0.9795991410164638,0.8642571524600529,1.1632068718682893,1.2757196114559834,22.80000000000001,38.518029720400875,2.8499999999999943,18.96327580133061,19.554753919070265,0.13574284753994714,0.27571961145598345,False,False
2020-11-24,142.25,0.9620386643233744,0.8520320834000389,1.1423550087873462,1.2606276244640648,20.25,37.07427958001321,5.400000000000006,21.048436136344463,16.025843443668748,0.1479679165999611,0.26062762446406484,False,False
2020-11-25,139.85,0.9785484447622452,0.8538676793880695,1.1619592420450484,1.3055768983131828,22.650000000000006,42.73492922909861,3.0,20.436605037578474,22.298324191520138,0.1461323206119305,0.3055768983131828,False,False
2020-11-26,140.65,0.9729825808745112,0.8734590931175583,1.1553501599715603,1.3135511287347872,21.849999999999966,44.10096625654782,3.8000000000000114,17.797978553015426,26.302987703532395,0.12654090688244168,0.3135511287347872,False,False
2020-11-27,140.85,0.9716009939652112,0.8629366051245682,1.1537096201632944,1.317926635998938,21.650000000000006,44.7799666804504,4.0,19.30537916820458,25.47458751224582,0.13706339487543184,0.3179266359989379,False,False
2020-12-01,143.3,0.9549895324494068,0.8650448003788498,1.1339846475924629,1.2561441299691691,19.199999999999932,36.70545382458195,6.450000000000017,19.33908010571082,17.36637371887113,0.1349551996211502,0.25614412996916913,False,False
2020-12-02,142.35,0.9613628380751668,0.8739942638532543,1.1415525114155252,1.3004846406877761,20.150000000000006,42.77398860190493,5.5,17.93691654048925,24.837072061415682,0.1260057361467457,0.30048464068777614,False,False
2020-12-03,144.3,0.9483714483714484,0.8869637212504953,1.126126126126126,1.2683497141163746,18.19999999999999,38.72286374699286,7.449999999999989,16.311135023553533,22.411728723439325,0.11303627874950473,0.26834971411637465,False,False
2020-12-04,145.75,0.9389365351629502,0.8831746777436393,1.1149228130360205,1.2687982385738383,16.74999999999997,39.17734327213694,8.900000000000006,17.027290718864577,22.15005255327236,0.11682532225636066,0.26879823857383833,False,False
2020-12-07,146.15,0.9363667464933288,0.8801726270003261,1.111871365035922,1.297035795760315,16.349999999999994,43.41178155037002,9.299999999999983,17.512770563902336,25.899010986467687,0.11982737299967394,0.2970357957603149,False,False
2020-12-08,141.65,0.9661136604306388,0.8439705284417398,1.1471937875044125,1.2924947027486502,20.850000000000023,41.431874644346294,4.800000000000011,22.10157464622756,19.330299998118733,0.1560294715582602,0.2924947027486502,False,False
2020-12-09,141.25,0.968849557522124,0.8794641690394818,1.1504424778761062,1.2716256686258849,21.25,38.36712569340625,4.399999999999977,17.0256861231732,21.34143957023305,0.12053583096051823,0.2716256686258849,False,False
2020-12-10,142.5,0.9603508771929824,0.8580545112456768,1.1403508771929824,1.2689777730477858,20.0,38.32933265930947,5.650000000000006,20.227232147491065,18.102100511818406,0.14194548875432322,0.2689777730477858,False,False
2020-12-11,141.25,0.968849557522124,0.868237819517974,1.1504424778761062,1.3110813827810215,21.25,43.94024531781929,4.399999999999977,18.611407993086175,25.328837324733115,0.13176218048202604,0.3110813827810215,False,False
2020-12-14,145.3,0.941844459738472,0.8555313870549297,1.1183757742601512,1.297844066942524,17.19999999999996,43.27674292674874,8.450000000000017,20.991289460918722,22.285453465830017,0.1444686129450703,0.29784406694252397,False,False
2020-12-15,142.55,0.9600140301648544,0.8851174239930741,1.1399508944230097,1.2716481380767817,19.950000000000017,38.723442082845224,5.699999999999989,16.37651120978728,22.346930873057943,0.11488257600692586,0.2716481380767817,False,False
2020-12-16,142.5,0.9603508771929824,0.8846357751321778,1.1403508771929824,1.2754070571618275,20.0,39.2455056455604,5.650000000000006,16.439402043664657,22.806103601895742,0.11536422486782216,0.27540705716182745,False,False
2020-12-17,144.7,0.9457498272287492,0.882061326280033,1.1230131306150657,1.2774948982005956,17.80000000000001,40.15351176962619,7.849999999999994,17.06572608727923,23.08778568234696,0.11793867371996702,0.2774948982005956,False,False
2020-12-18,143.05,0.9566585110101362,0.8849866766576266,1.1359664452988465,1.2693275216680315,19.44999999999999,38.5273019746119,6.200000000000017,16.452655904126516,22.074646070485386,0.11501332334237335,0.26932752166803153,False,False
2020-12-21,137.35,0.9963596650891882,0.8576878450262988,1.1831088460138333,1.271169995090947,25.150000000000006,37.24519882574157,0.5,19.546574485637862,17.698624340103706,0.1423121549737012,0.27116999509094697,False,False
2020-12-22,137.15,0.997812613926358,0.8667556084942175,1.1848341232227488,1.2796939342804996,25.349999999999994,38.36002308657052,0.30000000000001137,18.274468295018067,20.085554791552454,0.1332443915057825,0.2796939342804996,False,False
2020-12-23,144.9,0.9444444444444444,0.8979785759297266,1.1214630779848171,1.3025978576004271,17.599999999999994,43.84642956630188,8.050000000000011,14.782904347782619,29.06352521851926,0.10202142407027337,0.3025978576004271,False,False
2020-12-24,148.25,0.9231028667790894,0.8794065540362683,1.0961214165261384,1.2922484263665552,14.25,43.32582920884181,11.400000000000006,17.87797836412321,25.4478508447186,0.12059344596373167,0.29224842636655524,False,False
2020-12-28,150.75,0.9077943615257048,0.8808355426501613,1.077943615257048,1.2840004196183243,11.75,42.8130632574624,13.900000000000006,17.96404194548819,24.849021311974212,0.11916445734983871,0.28400041961832434,False,False
2020-12-29,147.9,0.9252873563218392,0.8641640970597492,1.0987153482082488,1.2745048799756373,14.599999999999994,40.599271748396774,11.049999999999983,20.090130044863102,20.509141703533672,0.13583590294025083,0.27450487997563733,False,False
2020-12-30,146.65,0.9331742243436754,0.8791446805655705,1.1080804636890556,1.2919159026375864,15.849999999999994,42.809467121802044,9.800000000000011,17.72343259505908,25.086034526742964,0.12085531943442951,0.2919159026375864,False,False
2020-12-31,146.35,0.9350871199180047,0.8799501742973331,1.110351896139392,1.3007761131747102,16.150000000000006,44.018584163118845,9.5,17.56929199158529,26.449292171533557,0.12004982570266687,0.3007761131747102,False,False
2021-01-01,146.9,0.931586113002042,0.9076971599267072,1.1061946902654871,1.2742482915187059,15.600000000000051,40.287074024097905,10.05000000000004,13.559287206766726,26.72778681733118,0.09230284007329281,0.2742482915187059,False,False
2021-01-04,147.45,0.9281112241437776,0.8930670753608836,1.102068497795863,1.2460831349947656,15.050000000000011,36.28495825497819,10.599999999999994,15.767259738037723,20.51769851694047,0.10693292463911641,0.24608313499476564,False,False
2021-01-05,149.75,0.9138564273789648,0.8896308852061103,1.0851419031719534,1.2466811340166877,12.750000000000028,36.94049981899897,12.900000000000034,16.527774940384973,20.412724878614,0.11036911479388967,0.24668113401668768,False,False
2021-01-06,147.6,0.9271680216802168,0.8874292497638167,1.1009485094850948,1.2594064200991135,14.900000000000006,38.28838760662916,10.75,16.615442734860665,21.672944871768493,0.11257075023618335,0.2594064200991135,False,False
2021-01-07,146.75,0.9325383304940374,0.8998819148008068,1.1073253833049403,1.261775770323894,15.75,38.41559429503147,9.900000000000006,14.692329002981609,23.72326529204986,0.10011808519919319,0.2617757703238941,False,False
2021-01-08,149.4,0.9159973226238286,0.9048124412829905,1.0876840696117804,1.2605431649374146,13.099999999999994,38.92514884164973,12.550000000000011,14.221021272321224,24.704127569328506,0.09518755871700946,0.2605431649374146,False,False
2021-01-11,149.4,0.9159973226238286,0.9026119042150933,1.0876840696117804,1.2525722672544968,13.099999999999994,37.73429672782183,12.550000000000011,14.549781510265063,23.184515217556765,0.0973880957849067,0.2525722672544968,False,False
2021-01-12,153.85,0.8895027624309392,0.9006842688136298,1.0562235944101397,1.2315929008916568,8.649999999999977,35.63056780218142,17.0,15.279725243023051,20.350842559158366,0.09931573118637016,0.23159290089165685,False,False
2021-01-13,159.15,0.8598806157712849,0.8996335406580678,1.0210493245366006,1.2466493814511808,3.3499999999999943,39.254249057955406,22.30000000000001,15.97332200426851,23.280927053686895,0.10036645934193222,0.24664938145118076,False,False
2021-01-14,161.9,0.8452748610253242,0.8942852903592243,1.0037059913526871,1.2440447392434815,0.6000000000000512,39.51084328351965,25.05000000000001,17.115211490841574,22.395631792678074,0.10571470964077567,0.24404473924348147,False,False
2021-01-15,159.85,0.8561151079136691,0.8833157154998348,1.0165780419142951,1.237620059388525,2.6500000000000625,37.98356649325572,23.0,18.6519828773514,19.33158361590432,0.11668428450016521,0.23762005938852493,False,False
2021-01-18,156.0,0.8772435897435897,0.8917565930031742,1.0416666666666667,1.2486500208793307,6.5,38.78940325717559,19.150000000000006,16.88597149150482,21.903431765670774,0.10824340699682578,0.24865002087933075,False,False
2021-01-19,156.6,0.873882503192848,0.8931527793031709,1.037675606641124,1.2579601906829134,5.900000000000006,40.396565860944236,19.75,16.73227476112342,23.664291099820815,0.10684722069682906,0.2579601906829134,False,False
2021-01-20,156.3,0.8755598208573255,0.8746537983255092,1.0396673064619322,1.2295473884208175,6.199999999999989,35.87825681017378,19.450000000000017,19.591611321722922,16.28664548845086,0.12534620167449084,0.22954738842081746,False,False
2021-01-21,158.25,0.8647709320695103,0.8984019643274364,1.0268562401263823,1.254865619298565,4.25,40.332484253997904,21.400000000000006,16.077889145183207,24.254595108814698,0.10159803567256365,0.254865619298565,False,False
2021-01-22,160.95,0.8502640571606089,0.8883860396702467,1.0096303199751475,1.2342292363361091,1.549999999999983,37.69919558829676,24.099999999999994,17.964266915073807,19.734928673222953,0.11161396032975335,0.23422923633610915,False,False
2021-01-25,157.65,0.8680621630193466,0.8870204839388205,1.0307643514113545,1.2461504913441908,4.850000000000023,38.80562496041168,20.80000000000001,17.811220707044953,20.994404253366724,0.11297951606117951,0.24615049134419076,False,False
2021-01-27,151.65,0.902406857896472,0.882712519898351,1.071546323771843,1.250938199065132,10.849999999999994,38.05477788822728,14.800000000000011,17.786646357415066,20.268131530812212,0.11728748010164902,0.25093819906513204,False,False
2021-01-28,157.55,0.8686131386861313,0.9010282447590328,1.0314185972707075,1.2482084088098877,4.94999999999996,39.10523480799782,20.700000000000017,15.593000038214399,23.51223476978342,0.09897175524096724,0.2482084088098877,False,False
2021-01-29,162.05,0.8444924406047515,0.9031482474423438,1.0027769207034865,1.246548711624675,0.44999999999998863,39.95321871877857,25.200000000000017,15.69482650196818,24.258392216810392,0.09685175255765621,0.24654871162467495,False,False
2021-02-01,162.5,0.8421538461538461,0.9212761043078079,1.0,1.2406450676693945,0.0,39.10482349627662,25.650000000000006,12.79263304998122,26.312190446295403,0.07872389569219207,0.24064506766939453,False,False
2021-02-02,160.35,0.8534455877767384,0.9047710807965392,1.0,1.2392940278430729,0.0,38.37079736463673,23.5,15.269957194274923,23.100840170361806,0.09522891920346077,0.23929402784307285,False,False
2021-02-03,155.7,0.8789338471419397,0.9050767633275929,1.0122029543994862,1.2537045000088436,1.9000000000000057,39.50179065137695,18.849999999999994,14.779547949893782,24.722242701483168,0.0949232366724071,0.2537045000088436,False,False
2021-02-04,157.6,0.8683375634517766,0.9149989256482619,1.0,1.2520885292265742,0.0,39.7291522061081,20.75,13.396169317833909,26.332982888274188,0.08500107435173809,0.2520885292265742,False,False
2021-02-05,155.15,0.8820496293909119,0.9033065713613043,1.0,1.2452972910353886,0.0,38.057874704140545,18.30000000000001,15.001985453293628,23.055889250846917,0.09669342863869568,0.24529729103538855,False,False
2021-02-08,154.65,0.8849013902360168,0.9075027175575664,1.0,1.2492535895282666,0.0,38.54706762054644,17.80000000000001,14.304704729722346,24.242362890824097,0.0924972824424336,0.2492535895282666,False,False
2021-02-09,153.25,0.8929853181076671,0.911199240534992,1.002610114192496,1.257427875744719,0.4000000000000057,39.45082195787819,16.400000000000006,13.608716388012482,25.84210556986571,0.08880075946500798,0.25742787574471904,False,False
2021-02-10,153.0,0.8944444444444444,0.9269576453304169,1.004248366013072,1.2712626597851509,0.6500000000000341,41.503186947128086,16.150000000000006,11.175480264446207,30.327706682681878,0.07304235466958309,0.27126265978515085,False,False
2021-02-11,153.65,0.8906605922551252,0.932186479885361,1.0,1.279615143694685,0.0,42.96286682868836,16.80000000000001,10.419547365614278,32.543319463074084,0.06781352011463904,0.279615143694685,False,False
2021-02-12,152.1,0.8997370151216305,0.9081689607875405,1.0,1.2454291677450304,0.0,37.329776414019136,15.25,13.9675010642151,23.362275349804037,0.0918310392124595,0.24542916774503043,False,False
2021-02-15,151.9,0.900921658986175,0.9215056479454493,1.0009874917709018,1.2584075246426467,0.14999999999997726,39.252102993218045,15.050000000000011,11.923292077086245,27.3288109161318,0.07849435205455069,0.2584075246426467,False,False
2021-02-16,152.05,0.9000328839197631,0.9331383083697686,1.0,1.262942669756142,0.0,39.98043293642138,15.200000000000017,10.16632021237669,29.81411272404469,0.06686169163023137,0.2629426697561419,False,False
2021-02-17,151.9,0.900921658986175,0.896388147479324,1.0006583278472678,1.226983921188786,0.09999999999999432,34.478857628576606,15.050000000000011,15.738640397890691,18.740217230685914,0.10361185252067595,0.22698392118878608,False,False
2021-02-18,152.0,0.9003289473684211,0.9277056129153929,1.0,1.2497906341880949,0.0,37.96817639659042,15.150000000000006,10.988746836860287,26.979429559730136,0.07229438708460711,0.24979063418809488,False,False
2021-02-22,147.6,0.9271680216802168,0.9043926667952793,1.027439024390244,1.2594801271798168,4.050000000000011,38.299266771740974,10.75,14.111642381016765,24.18762439072421,0.0956073332047207,0.25948012717981683,False,False
2021-02-23,146.4,0.9347677595628414,0.9138796091679755,1.035860655737705,1.2679390625478386,5.250000000000028,39.22627875700357,9.550000000000011,12.608025217808375,26.618253539195194,0.0861203908320245,0.2679390625478386,False,False
2021-02-24,148.45,0.9218592118558436,0.8936560392739876,1.0215560794880432,1.2330794502651488,3.200000000000017,34.60064439186132,11.600000000000023,15.786760969776537,18.813883422084785,0.10634396072601238,0.23307945026514876,False,False
2021-02-25,149.05,0.9181482723918148,0.9071385041732407,1.0174438108017445,1.24809665419751,2.6000000000000227,36.97880630813887,12.199999999999989,13.841005952978463,23.137800355160408,0.09286149582675929,0.24809665419751004,False,False
2021-02-26,148.8,0.9196908602150536,0.8875291183038485,1.0191532258064515,1.2232575718043965,2.8499999999999943,33.220726684494196,11.950000000000017,16.73566719638734,16.485059488106856,0.11247088169615149,0.22325757180439654,False,False
2021-03-01,147.85,0.9256002705444708,0.9164442431310951,1.0257017247210012,1.2603078194013073,3.8000000000000114,38.48651109848328,11.0,12.353718653067602,26.132792445415674,0.08355575686890493,0.2603078194013073,False,False
2021-03-02,151.65,0.902406857896472,0.9145208789061814,1.0,1.2580149964922394,0.0,39.12797421804811,14.800000000000011,12.962908713877596,26.165065504170514,0.08547912109381861,0.25801499649223936,False,False
2021-03-03,149.8,0.9135514018691588,0.9142144367510917,1.0083444592790387,1.2535693865871,1.25,37.9846941107476,12.950000000000017,12.850677374686455,25.13401673606114,0.08578556324890829,0.25356938658710004,False,False
2021-03-04,148.55,0.9212386401884888,0.9136444474176271,1.0168293503870751,1.257952439198069,2.5,38.318834842873144,11.699999999999989,12.82811733611149,25.490717506761655,0.08635555258237293,0.257952439198069,False,False
2021-03-05,148.1,0.924037812288994,0.9112474674652484,1.0199189736664418,1.2634995925231194,2.950000000000017,39.024289652673986,11.25,13.144250068396701,25.880039584277284,0.08875253253475157,0.2634995925231194,False,False
2021-03-08,147.45,0.9281112241437776,0.9229097536255664,1.02441505595117,1.275876962970146,3.6000000000000227,40.67805818994805,10.599999999999994,11.36695682791023,29.311101362037817,0.07709024637443362,0.2758769629701461,False,False
2021-03-09,147.4,0.9284260515603798,0.9244395488784338,1.0247625508819542,1.2800807619585322,3.6500000000000625,41.28390431268764,10.550000000000011,11.137610495318853,30.146293817368786,0.07556045112156617,0.28008076195853215,False,False
2021-03-10,148.4,0.9221698113207546,0.9347389670062279,1.0178571428571428,1.2901316610839926,2.6499999999999773,43.0555385048645,11.550000000000011,9.684737296275785,33.370801208588716,0.06526103299377206,0.2901316610839926,False,False
2021-03-12,148.9,0.9190732034922766,0.9257280114891091,1.01443922095366,1.2571897466686819,2.149999999999949,38.295553278966736,12.050000000000011,11.059099089271655,27.23645418969508,0.0742719885108909,0.2571897466686819,False,False
2021-03-15,147.1,0.9303195105370496,0.8872745118986245,1.0268524813052349,1.2384821446749072,3.9500000000000455,35.08072348167886,10.25,16.581919299712325,18.498804181966534,0.1127254881013755,0.23848214467490725,False,False
2021-03-16,146.85,0.9319033026898196,0.9285355326478415,1.0286006128702758,1.2619728622837658,4.200000000000017,38.47071482637102,10.0,10.494557030664481,27.97615779570654,0.0714644673521585,0.2619728622837658,False,False
2021-03-17,146.65,0.9331742243436754,0.9054649629298036,1.03000340947835,1.2512695705518608,4.400000000000006,36.84868252143039,9.800000000000011,13.863563186344294,22.985119335086097,0.09453503707019639,0.25126957055186083,False,False
2021-03-18,145.7,0.9392587508579272,0.9243248870924663,1.03671928620453,1.2742218618214565,5.350000000000023,39.95412526738622,8.849999999999994,11.025863950627667,28.92826131675855,0.0756751129075337,0.27422186182145647,False,False
2021-03-19,143.9,0.9510076441973592,0.9202630744971773,1.0496872828353023,1.293751639735187,7.150000000000006,42.270860957893404,7.050000000000011,11.47414357985619,30.796717378037215,0.07973692550282274,0.2937516397351869,False,False
2021-03-22,142.6,0.9596774193548387,0.9301611890618051,1.0592566619915849,1.301692592334496,8.449999999999989,43.021363666899134,5.75,9.959014439786586,33.06234922711255,0.06983881093819488,0.30169259233449597,False,False
2021-03-23,142.45,0.9606879606879608,0.933349715082009,1.0603720603720606,1.3093539050363456,8.600000000000023,44.06746377242743,5.599999999999994,9.49433308656782,34.57313068585961,0.06665028491799097,0.30935390503634563,False,False
2021-03-24,140.25,0.9757575757575756,0.9239920747456731,1.077005347593583,1.30586367900384,10.800000000000011,42.897380980288574,3.400000000000034,10.66011151691933,32.237269463369245,0.07600792525432687,0.30586367900384004,False,False
2021-03-25,138.25,0.9898734177215188,0.9315662181995608,1.092585895117541,1.3298984242868868,12.80000000000004,45.60845715766209,1.400000000000034,9.460970333910723,36.147486823751365,0.06843378180043924,0.32989842428688676,False,False
2021-03-26,137.6,0.9945494186046512,0.9393987869030802,1.097747093023256,1.3302862589675661,13.450000000000017,45.44738923393709,0.75,8.338726922136175,37.10866231180091,0.06060121309691979,0.33028625896756614,False,False
2021-03-30,137.0,0.9989051094890512,0.9430732983261061,1.1025547445255477,1.342509768127314,14.05000000000004,46.92383823344201,0.14999999999997726,7.798958129323466,39.124880104118546,0.05692670167389391,0.34250976812731393,False,False
2021-03-31,136.85,1.0,0.964368224243976,1.1037632444282062,1.3577615298448746,14.200000000000017,48.9596653592711,0.0,4.876208512211889,44.08345684705921,0.03563177575602405,0.35776152984487464,False,False
2021-04-01,143.85,0.967327076816128,0.9152960574867315,1.050052137643379,1.2835083126105102,7.2000000000000455,40.782670769021905,4.699999999999989,12.184662130533667,28.59800863848824,0.08470394251326852,0.28350831261051024,False,False
2021-04-05,143.0,0.9730769230769232,0.9108490002622429,1.0562937062937063,1.2586168632383747,8.050000000000011,36.98221144308758,3.8499999999999943,12.74859296249926,24.23361848058832,0.08915099973775709,0.25861686323837474,False,False
2021-04-06,142.2,0.978551336146273,0.9059227974150539,1.0622362869198314,1.2585505176756773,8.850000000000023,36.76588361348129,3.049999999999983,13.377778207579325,23.388105405901968,0.09407720258494612,0.25855051767567727,False,False
2021-04-07,142.6,0.9758064516129034,0.9214457184472977,1.0592566619915849,1.2768678270238054,8.449999999999989,39.48135213359464,3.4499999999999886,11.201840549415351,28.27951158417929,0.07855428155270228,0.2768678270238054,False,False
2021-04-08,145.35,0.95734434124527,0.8727322913295181,1.03921568627451,1.1926903721886133,5.7000000000000455,28.00754559761495,6.200000000000017,18.49836145525454,9.50918414236041,0.12726770867048187,0.1926903721886133,False,False
2021-04-09,146.5,0.9498293515358364,0.9111803682522672,1.0310580204778157,1.2566885456932984,4.550000000000011,37.60487194406821,7.349999999999966,13.01207605104284,24.592795893025368,0.08881963174773277,0.25668854569329835,False,False
2021-04-12,140.45,0.990744037023852,0.8700963502466548,1.0754716981132078,1.2400364378984803,10.600000000000023,33.713117702841544,1.299999999999983,18.244967607857333,15.46815009498421,0.12990364975334523,0.24003643789848028,False,False
2021-04-13,143.45,0.9700243987452076,0.902144685173881,1.0529801324503314,1.2530197870426105,7.600000000000051,36.295688451262464,4.2999999999999545,14.03734491180677,22.258343539455694,0.09785531482611898,0.2530197870426105,False,False
2021-04-15,140.75,0.988632326820604,0.8990578653278772,1.0731793960923623,1.2606658548285352,10.300000000000011,36.688719067116324,1.5999999999999943,14.207605455101273,22.48111361201505,0.10094213467212276,0.2606658548285352,False,False
2021-04-16,139.15,1.0,0.8962907193023819,1.0855192238591451,1.2674015051082432,11.900000000000034,37.20891943581205,0.0,14.431146409073563,22.777773026738487,0.10370928069761809,0.26740150510824323,False,False
2021-04-19,140.85,1.0,0.899743491387516,1.0724174653887115,1.2481581193629425,10.200000000000017,34.953071112270464,0.0,14.121129238068377,20.831941874202087,0.10025650861248403,0.24815811936294252,False,False
2021-04-20,142.1,0.9985925404644618,0.9027609978365008,1.0629838142153414,1.2573003590391363,8.950000000000017,36.56238101946127,0.19999999999998863,13.817662207433244,22.744718812028026,0.09723900216349923,0.2573003590391363,False,False
2021-04-22,142.0,0.9992957746478872,0.9075370551166322,1.0637323943661972,1.2601245571620767,9.049999999999983,36.93768711701489,0.10000000000002274,13.129738173438227,23.807948943576662,0.09246294488336781,0.2601245571620767,False,False
2021-04-23,149.55,0.9488465396188566,0.8629185987631479,1.0100300902708124,1.2148059273384686,1.5,32.12422643346798,7.650000000000006,20.500523554971238,11.623702878496744,0.13708140123685209,0.2148059273384686,False,False
2021-04-26,149.7,0.9478957915831664,0.9141150739078924,1.0090180360721444,1.2531835955056285,1.3500000000000227,37.901584247192574,7.799999999999983,12.856973435988522,25.044610811204052,0.08588492609210763,0.2531835955056285,False,False
2021-04-27,151.05,0.9394240317775572,0.9017200525738067,1.0,1.2055647910248097,0.0,31.05056168429752,9.149999999999977,14.845186058726483,16.205375625571037,0.09827994742619328,0.20556479102480973,False,False
2021-04-28,150.55,0.9425440053138492,0.9276934816064957,1.0,1.2080906178497768,0.0,31.328042517283905,8.650000000000006,10.885746344142063,20.44229617314184,0.07230651839350433,0.20809061784977678,False,False
2021-04-29,148.3,0.9568442346594742,0.9265777664008656,1.0,1.226224715374689,0.0,33.54912529006637,6.399999999999977,10.888517242751618,22.660608047314753,0.07342223359913436,0.22622471537468902,False,False
2021-04-30,146.15,0.9709202873759836,0.9250035820533876,1.0071843995894627,1.2299749599304788,1.049999999999983,33.61084039383948,4.25,10.9607264828974,22.650113910942082,0.07499641794661238,0.22997495993047878,False,False
2021-05-03,144.5,0.9820069204152252,0.9305839191311625,1.0186851211072665,1.2392422704244024,2.700000000000017,34.57050807632615,2.599999999999966,10.030623685547027,24.53988439077912,0.06941608086883755,0.23924227042440238,False,False
2021-05-04,142.1,0.9985925404644618,0.9362916383554956,1.0358902181562282,1.249234187533726,5.100000000000023,35.41617804854246,0.19999999999998863,9.052958189684091,26.363219858858372,0.06370836164450444,0.24923418753372606,False,False
2021-05-05,141.9,1.0,0.939522133120934,1.037350246652572,1.2613936783993098,5.2999999999999545,37.091762964862056,0.0,8.581809310139477,28.50995365472258,0.06047786687906598,0.2613936783993098,False,False
2021-05-06,143.0,1.0,0.9446062296736621,1.0293706293706293,1.2431738080149823,4.199999999999989,34.77385454614247,0.0,7.921309156666325,26.85254538947615,0.055393770326337854,0.24317380801498234,False,False
2021-05-10,144.75,1.0,0.9293585167986049,1.0162348877374785,1.3456486594055537,2.3500000000000227,50.032643448953905,0.0,10.225354693401925,39.80728875555198,0.07064148320139507,0.34564865940555367,False,False
2021-05-11,146.2,1.0,0.9414137187163827,1.006155950752394,1.3238074734808092,0.9000000000000057,47.34065262289431,0.0,8.565314323664865,38.775338299229446,0.058586281283617314,0.3238074734808092,False,False
2021-05-12,147.1,1.0,0.9231091069967454,1.0135961930659416,1.3246804308128297,2.0,47.76049137256726,0.0,11.310650360778737,36.44984101178852,0.07689089300325458,0.3246804308128297,False,False
2021-05-14,147.95,1.0,0.91042729287524,1.007772896248733,1.3118424779449491,1.150000000000034,46.137094611955206,0.0,13.252282019108236,32.88481259284697,0.08957270712475995,0.3118424779449491,False,False
2021-05-17,149.1,1.0,0.9358474556546257,1.010731052984574,1.3185078061214985,1.5999999999999943,47.48951389271542,0.0,9.565144361895307,37.924369530820115,0.06415254434537432,0.31850780612149854,False,False
2021-05-18,150.7,0.9581950895819508,0.9115011397826196,1.0,1.2722010372717312,0.0,41.02069631684989,6.300000000000011,13.336778234759237,27.683918082090656,0.0884988602173804,0.27220103727173117,False,False
2021-05-19,144.4,1.0,0.9149510856435168,1.0100415512465373,1.2685476489078964,1.4499999999999886,38.77828050230025,0.0,12.281063233076168,26.49721726922408,0.08504891435648321,0.2685476489078964,False,False
2021-05-20,145.85,1.0,0.9476760153881463,1.009256085018855,1.3191248642463895,1.3499999999999943,46.54436145033591,0.0,7.631453155638866,38.91290829469705,0.052323984611853724,0.31912486424638953,False,False
2021-05-21,147.2,0.9949048913043478,0.9284798045077343,1.0,1.323326717573404,0.0,47.59369282680507,0.75,10.527772776461518,37.06592005034355,0.07152019549226574,0.32332671757340403,False,False
2021-05-24,146.45,1.0,0.9367039630002714,1.0225332878115398,1.309506041850406,3.3000000000000114,45.32715982899197,0.0,9.269704618610263,36.057455210381704,0.06329603699972863,0.3095060418504061,False,False
2021-05-25,149.75,1.0,0.9272172939339185,1.047078464106845,1.2891905438605895,7.050000000000011,43.306283943123276,0.0,10.899210233395706,32.40707370972757,0.0727827060660815,0.2891905438605895,False,False
2021-05-26,156.8,1.0,0.9060406012251263,1.0031887755102042,1.351055140700909,0.5000000000000284,55.04544606190254,0.0,14.732833727900186,40.31261233400235,0.09395939877487369,0.35105514070090904,False,False
2021-05-27,157.3,1.0,0.9279115891396055,1.0066751430387793,1.3407918526850682,1.049999999999983,53.60655842736122,0.0,11.339507028340051,42.26705139902117,0.07208841086039453,0.3407918526850682,False,False
2021-05-28,158.35,0.9810546258288602,0.942499568249746,1.0,1.3065382067435223,0.0,48.54032503783674,3.0,9.105193367652731,39.435131670184006,0.05750043175025399,0.3065382067435223,False,False
2021-05-31,155.35,1.0,0.928288923888514,1.0032185387833925,1.2553292745895226,0.5000000000000284,39.66540280748234,0.0,11.140315673919332,28.525087133563005,0.07171107611148597,0.2553292745895226,False,False
2021-06-01,155.85,1.0,0.9519685128088776,1.0067372473532243,1.3063821748393072,1.0500000000000114,47.749661948706034,0.0,7.485707278736413,40.26395466996962,0.04803148719112238,0.3063821748393072,False,False
2021-06-02,156.9,1.0,0.9354242746027163,1.001593371574251,1.2844272040494287,0.25,44.62662831535536,0.0,10.131931314833821,34.49469700052154,0.06457572539728373,0.2844272040494287,False,False
2021-06-03,157.15,1.0,0.9498626335014746,1.0130448615972,1.2978605196972643,2.049999999999983,46.80878067042511,0.0,7.879087145243261,38.92969352518185,0.050137366498525404,0.29786051969726435,False,False
2021-06-04,159.2,1.0,0.9359579849873867,1.001570351758794,1.2853923249197043,0.25,45.43445812721694,0.0,10.195488790008028,35.238969337208914,0.06404201501261331,0.28539232491970434,False,False
2021-06-07,159.45,0.9849482596425212,0.9509420239964801,1.0,1.2981132428595152,0.0,47.5341565739497,2.4000000000000057,7.822294273761258,39.71186230018844,0.04905797600351991,0.29811324285951524,False,False
2021-06-08,157.05,0.9837631327602674,0.9433372650827172,1.0,1.265621220131275,0.0,41.71581262161675,2.5500000000000114,8.898882518759251,32.8169301028575,0.0566627349172828,0.2656212201312751,False,False
2021-06-09,154.5,1.0,0.9204584203935198,1.006472491909385,1.269221171701198,1.0,41.59467102783509,0.0,12.289174049201193,29.305496978633897,0.07954157960648023,0.2692211717011981,False,False
2021-06-10,155.5,0.9929260450160772,0.9561545216117477,1.0,1.2993243061728514,0.0,46.54492960987841,1.0999999999999943,6.81797188937324,39.72695772050517,0.04384547838825226,0.29932430617285144,False,False
2021-06-11,154.4,1.0,0.9319071465653368,1.0042098445595855,1.27601896648868,0.6500000000000057,42.61732842585221,0.0,10.513536570311999,32.10379185554021,0.0680928534346632,0.2760189664886801,False,False
2021-06-14,155.05,1.0,0.9503019718331032,1.018058690744921,1.2071768257498574,2.799999999999983,32.122766832515396,0.0,7.705679267277361,24.417087565238035,0.049698028166896835,0.2071768257498574,False,False
2021-06-15,157.85,0.9984162179284132,0.942914254333195,1.0,1.2274706456675484,0.0,35.9062414186225,0.24999999999997158,9.010984953505186,26.895256465117313,0.05708574566680502,0.22747064566754838,False,False
2021-06-16,157.6,0.9927030456852792,0.95288090068862,1.0,1.200031459999031,0.0,31.524958095847268,1.1500000000000057,7.4259700514734845,24.098988044373783,0.04711909931138003,0.20003145999903094,False,False
2021-06-17,156.45,0.9840204538191116,0.952831971146377,1.0,1.2065823701396856,0.0,32.31981180835382,2.4999999999999716,7.379438114149309,24.94037369420451,0.047168028853623034,0.2065823701396856,False,False
2021-06-18,153.95,0.99447872685937,0.9271623187070688,1.0,1.1931241820902152,0.0,29.73146783278864,0.8499999999999943,11.213361035046773,18.518106797741865,0.07283768129293122,0.1931241820902152,False,False
2021-06-21,153.1,1.0,0.9319969650444478,1.0088177661659046,1.1919520912684962,1.3499999999999943,29.387865173206762,0.0,10.411264651695035,18.976600521511727,0.06800303495555216,0.19195209126849622,False,False
2021-06-22,154.45,1.0,0.9456781009539723,1.005179669796051,1.2043188669981135,0.8000000000000682,31.557049007858637,0.0,8.39001730765898,23.167031700199658,0.05432189904602769,0.20431886699811352,False,False
2021-06-23,155.25,0.9935587761674718,0.9470005113635079,1.0,1.2115234936709893,0.0,32.8390223924211,1.0,8.228170610815397,24.610851781605703,0.052999488636492065,0.21152349367098933,False,False
2021-06-24,154.25,1.0,0.9426990764561902,1.0025931928687195,1.1957826630165658,0.39999999999997726,30.19947577030527,0.0,8.838667456632663,21.360808313672607,0.05730092354380978,0.19578266301656577,False,False
2021-06-25,154.65,1.0,0.9692701490261617,1.002909796314258,1.2099297100556885,0.44999999999998863,32.46562966011223,0.0,4.752371453104104,27.713258207008124,0.03072985097383829,0.2099297100556885,False,False
2021-06-28,155.1,0.983236621534494,0.9180614221912353,1.0,1.1607991194213891,0.0,24.939943422257443,2.5999999999999943,12.708673418139398,12.231270004118045,0.08193857780876468,0.16079911942138914,False,False
2021-06-29,152.5,1.0,0.9423411674918245,1.0147540983606558,1.180683699158097,2.25,27.554264121609776,0.0,8.792971957496775,18.761292164113,0.057658832508175495,0.1806836991580969,False,False
2021-06-30,154.75,1.0,0.9628092917564539,1.0290791599353797,1.2163474846616216,4.5,33.47977325138595,0.0,5.755262100688753,27.724511150697197,0.03719070824354609,0.21634748466162157,False,False
2021-07-01,159.25,1.0,0.9277131113062591,1.0543171114599683,1.230374141665422,8.649999999999949,36.687082060218444,0.0,11.511687024478249,25.175395035740195,0.07228688869374089,0.23037414166542192,False,False
2021-10-14,162.2,1.0,0.9077899719297253,1.0049321824907522,1.1862231946194115,0.8000000000000114,30.205402167268545,0.0,14.956466552998563,15.248935614269982,0.09221002807027467,0.1862231946194115,False,False
