date,close,actual lb,predicted lb,actual ub,predicted ub,actual ub close diff,predicted ub close diff,actual lb close diff,predicted lb close diff,predicted lb ub diff,predicted lb %,predicted ub %,invest,exit
2020-03-04,1616.9,0.736842105263158,0.7182435145162178,1.0044529655513637,1.1665720128055583,7.199999999999818,269.3302875053073,425.5,455.57206137872754,-186.24177387342024,0.2817564854837822,0.16657201280555833,False,False
2020-03-05,1624.1,0.7335755187488456,0.7100704829671256,1.0,1.1754276388230294,0.0,284.912028212482,432.6999999999998,470.87452861309134,-185.96250040060931,0.2899295170328744,0.17542763882302936,False,False
2020-03-06,1579.95,0.7540744960283554,0.7278670457674248,1.0,1.1759273375998753,0.0,277.9563970409231,388.54999999999995,429.9564610397572,-152.0000639988341,0.2721329542325752,0.17592733759987533,False,False
2020-03-09,1549.5,0.7688931913520491,0.7433162617262696,1.0187157147466923,1.1352025094023754,28.999999999999773,209.49628831898076,358.0999999999999,397.73145245514525,-188.23516413616449,0.25668373827373037,0.13520250940237544,False,False
2020-03-11,1540.65,0.7733099665725506,0.7428508672480385,1.0245675526563462,1.056823238914225,37.84999999999991,87.54472303320063,349.25,396.1768113743094,-308.6320883411088,0.2571491327519615,0.056823238914224916,False,False
2020-03-12,1535.85,0.7757267962366118,0.7421566588431103,1.0277696389621382,1.0973163238495545,42.65000000000009,149.46327598433822,344.4499999999998,396.008695515809,-246.54541953147077,0.25784334115688967,0.09731632384955446,False,False
2020-03-13,1578.5,0.7547671840354768,0.6643893050538019,1.0,0.8999617409259615,0.0,157.9103919483698,387.0999999999999,529.7614819725736,-371.8510900242038,0.3356106949461981,-0.10003825907403852,False,True
2020-03-16,1525.05,0.7812202878594146,0.6781781063682077,1.0,0.890453815648766,0.0,167.0634084448493,333.64999999999986,490.79447888316486,-323.73107043831556,0.32182189363179226,-0.10954618435123398,False,True
2020-03-17,1449.4,0.8219953084034773,0.7130540412382833,1.0486408168897474,0.8587942534845783,70.5,204.6636089994522,258.0,415.89947262923215,-211.23586362977994,0.2869459587617167,-0.14120574651542173,False,True
2020-03-18,1398.0,0.8522174535050072,0.7383243871337257,1.087195994277539,0.8406839571034674,121.89999999999964,222.72382796935244,206.5999999999999,365.82250678705145,-143.098678817699,0.2616756128662743,-0.15931604289653256,False,True
2020-03-19,1457.05,0.8176795580110499,0.6953282000026173,1.04313510174668,0.8130948289803599,62.84999999999991,272.33017943416667,265.64999999999986,443.92204618618644,-171.59186675201977,0.3046717999973827,-0.1869051710196401,False,True
2020-03-20,1358.05,0.8772872869187439,0.7013215810772147,1.1406428334744672,0.7254063659272846,191.0,372.9118847524512,166.64999999999986,405.62022681808867,-32.70834206563745,0.29867841892278535,-0.2745936340727154,False,False
2020-03-23,1295.0,0.92,0.840115241894468,1.1987258687258686,1.2134316333731896,257.3499999999999,276.3939652182805,103.59999999999991,207.05076174666397,69.34320347161656,0.15988475810553204,0.2134316333731896,False,False
2020-03-24,1191.4,1.0,0.8781981550932356,1.3029629007889876,1.1532052732860019,360.9499999999998,182.5287625929427,0.0,145.1147180219191,37.414044571023624,0.12180184490676438,0.15320527328600186,False,False
2020-03-25,1204.5,1.0,0.8915068041634275,1.2887920298879203,1.1436307503934044,347.8499999999999,173.00323884885574,0.0,130.6800543851516,42.32318446370414,0.10849319583657246,0.14363075039340445,False,False
2020-03-26,1210.25,1.0,0.8018560340784779,1.2826688700681677,1.1626868834620334,342.0999999999999,196.89180070992597,0.0,239.8037347565221,-42.911934046596116,0.19814396592152206,0.16268688346203342,False,False
2020-03-27,1322.2,0.9234608985024958,0.7765311099502636,1.1740659506882467,1.1258623837704467,230.14999999999986,166.41524382128455,101.20000000000005,295.4705664237615,-129.05532260247696,0.22346889004973636,0.12586238377044667,False,False
2020-03-30,1250.05,0.9767609295628176,0.7990164963536144,1.2418303267869284,1.136533195527014,302.2999999999997,170.67332106854383,29.049999999999955,251.23942873316435,-80.56610766462052,0.20098350364638562,0.13653319552701393,False,False
2020-03-31,1298.25,0.9404968226458694,0.7998977090080899,1.1957250144425189,1.117407416891112,254.10000000000014,152.42417897888595,77.25,259.7827992802472,-107.35862030136127,0.20010229099191013,0.1174074168911119,False,False
2020-04-01,1293.7,0.9438045914817964,0.7860389000662511,1.199930432093994,1.1251090219719506,258.6500000000001,161.85354172511256,72.70000000000005,276.80147498429096,-114.9479332591784,0.2139610999337489,0.12510902197195062,False,False
2020-04-03,1242.95,0.9823403998551832,0.7922584641757144,1.2489239309706746,1.1060580607950719,309.39999999999986,131.8248666652346,21.950000000000045,258.2123419527958,-126.38747528756119,0.20774153582428556,0.10605806079507185,False,False
2020-04-07,1250.0,0.9768,0.7953911614658726,1.24188,1.1117683312242792,302.35000000000014,139.71041403034906,29.0,255.76104816765917,-116.05063413731011,0.20460883853412737,0.1117683312242792,False,False
2020-04-08,1257.7,0.9708197503379185,0.7914067521749162,1.234276854575813,1.138825291352268,294.64999999999986,174.60056893374758,36.700000000000045,262.3477277896079,-87.74715885586033,0.20859324782508382,0.13882529135226807,False,False
2020-04-09,1236.1,0.9877841598576168,0.7939602494934899,1.255844996359518,1.1206752021551718,316.2500000000002,149.16661738400785,15.099999999999909,254.68573560109712,-105.51911821708927,0.20603975050651013,0.1206752021551718,False,False
2020-04-13,1221.0,1.0,0.8004513411923986,1.2713759213759213,1.08299890605227,331.3499999999999,101.34166428982167,0.0,243.64891240408133,-142.30724811425966,0.19954865880760142,0.08299890605227,False,False
2020-04-15,1240.25,0.9917355371900828,0.7912882777577464,1.2516428139488005,1.0156764450953166,312.0999999999999,19.44271102946641,10.249999999999773,258.8547135109551,-239.41200248148868,0.20871172224225365,0.015676445095316627,False,False
2020-04-17,1255.85,0.9794163315682606,0.7706783074817716,1.2360950750487718,0.9551588439156562,296.5,56.313765868523205,25.84999999999991,287.99364754901717,-231.67988168049396,0.22932169251822843,-0.0448411560843438,False,True
2020-04-20,1254.7,0.9803140192874792,0.7593971532047157,1.2372280226348926,0.9179263269049223,297.64999999999986,102.97783763239408,24.699999999999818,301.8843918740432,-198.90655424164913,0.24060284679528432,-0.08207367309507774,False,True
2020-04-21,1230.0,1.0,0.7538063736677783,1.2620731707317072,0.8863250991042775,322.3499999999999,139.82012810173865,0.0,302.8181603886328,-162.99803228689416,0.24619362633222175,-0.11367490089572252,False,True
2020-04-22,1301.15,0.9759059293701724,0.7243357030261748,1.1930599853975328,0.8196414416916178,251.19999999999982,234.67353814295143,31.350000000000136,358.68060000749267,-124.00706186454124,0.2756642969738252,-0.1803585583083822,False,True
2020-04-23,1301.15,0.9759059293701724,0.7204832059511044,1.1930599853975328,0.8113688902393357,251.19999999999982,245.4373684650884,31.350000000000136,363.69327657672056,-118.25590811163215,0.2795167940488956,-0.18863110976066433,False,True
2020-04-24,1283.15,0.9822312278377427,0.72362363977579,1.2097962046526125,0.7509750323412923,269.1999999999998,319.53638725127087,22.80000000000041,354.63232662169503,-35.09593937042416,0.27637636022420997,-0.24902496765870774,False,False
2020-04-27,1296.65,0.972004781552462,0.7077505603227483,1.197200478155246,0.8170873400132362,255.69999999999982,237.17370057183734,36.30000000000018,378.94523595750843,-141.7715353856711,0.2922494396772517,-0.18291265998676376,False,True
2020-04-28,1353.85,0.9309376961997268,0.688522098141493,1.1466189016508477,0.8324052468873937,198.50000000000023,226.89815650150194,93.5,421.6943574311397,-194.79620092963773,0.311477901858507,-0.1675947531126063,False,True
2020-04-29,1388.05,0.9080004322610856,0.6798542969607981,1.1183674939663557,0.7903321233985507,164.29999999999995,291.02949611664167,127.70000000000005,444.37824310356416,-153.3487469869225,0.32014570303920187,-0.20966787660144925,False,True
2020-04-30,1497.05,0.8418890484619752,0.7411150368212052,1.0369393139841692,1.1734495318336033,55.30000000000041,259.66262163149577,236.70000000000005,387.5637341268148,-127.90111249531901,0.25888496317879484,0.17344953183360334,False,False
2020-05-04,1413.75,0.8914942528735632,0.7744392125559694,1.0980371352785143,1.1607722788905128,138.59999999999968,227.29180928146252,153.4000000000001,318.8865632489983,-91.59475396753578,0.22556078744403063,0.16077227889051282,False,False
2020-05-05,1362.8,0.9248238919870854,0.7843713704368567,1.1390886410331669,1.1474100947408405,189.54999999999973,200.8904771128175,102.45000000000005,293.85869636865164,-92.96821925583413,0.21562862956314333,0.14741009474084055,False,False
2020-05-06,1362.0,0.9253671071953008,0.7851510880239376,1.1397577092511009,1.1389959287906093,190.34999999999945,189.31245501280978,101.65000000000032,292.6242181113969,-103.31176309858711,0.21484891197606237,0.1389959287906093,False,False
2020-05-07,1363.4,0.9188059263605692,0.7931621459738205,1.1385873551415575,1.160779245311485,188.9499999999996,219.20642305767865,110.69999999999982,282.00273017929317,-62.79630712161452,0.2068378540261795,0.1607792453114849,False,False
2020-05-08,1379.15,0.9083130913968748,0.7604896015944733,1.1255845992096578,1.1252495411751497,173.1999999999996,172.73790471170787,126.45000000000027,330.32076596098204,-157.58286124927417,0.23951039840552668,0.12524954117514975,False,False
2020-05-11,1390.0,0.9012230215827338,0.7584628700297364,1.1167985611510791,1.1128717301053035,162.3499999999999,156.8917048463718,137.29999999999995,335.73661065866645,-178.84490581229466,0.24153712997026355,0.11287173010530349,False,False
2020-05-13,1379.8,0.9078852007537324,0.7635580861588864,1.1250543557037251,1.1242555774156655,172.54999999999995,171.44784571813534,127.10000000000014,326.24255271796847,-154.79470699983312,0.23644191384111357,0.12425557741566551,False,False
2020-05-14,1376.15,0.9102932093158448,0.7588286597062297,1.1280383679104746,1.1191256476167486,176.1999999999996,163.93475996778852,123.45000000000027,331.8879399452719,-167.9531799774834,0.2411713402937703,0.1191256476167486,False,False
2020-05-15,1376.15,0.9102932093158448,0.7555656310642092,1.1280383679104746,1.099635273670791,176.1999999999996,137.11308186205906,123.45000000000027,336.37835681098863,-199.26527494892957,0.24443436893579085,0.09963527367079106,False,False
2020-05-18,1352.3,0.926347703911854,0.7635993193296402,1.1479331509280484,1.1025148637075817,200.04999999999973,138.63085019176265,99.59999999999991,319.6846404705275,-181.05379027876484,0.2364006806703598,0.10251486370758167,False,False
2020-05-19,1350.0,0.927925925925926,0.7791831037596781,1.1498888888888887,1.1299364296003183,202.3499999999999,175.4141799604297,97.29999999999995,298.1028099244345,-122.6886299640048,0.22081689624032186,0.12993642960031826,False,False
2020-05-21,1371.1,0.9136459776821528,0.77139623423173,1.1321931296039676,1.083809436537142,181.25,114.91111843607541,118.40000000000032,313.4386232448751,-198.52750480879968,0.22860376576827002,0.08380943653714201,False,False
2020-05-22,1399.8,0.8949135590798686,0.7589547955610287,1.108979854264895,1.1279592603471906,152.54999999999995,179.11737263399755,147.0999999999999,337.415077173672,-158.29770453967444,0.24104520443897126,0.12795926034719063,False,False
2020-05-26,1361.95,0.9197841330445318,0.7708785696382057,1.1397995521127793,1.1495383210726258,190.39999999999964,203.6637163848627,109.25,312.0519320812457,-108.38821569638299,0.22912143036179433,0.14953832107262577,False,False
2020-05-27,1378.75,0.9085766092475068,0.7627993842795358,1.1259111514052582,1.116817325066266,173.59999999999968,161.06188693511444,126.04999999999995,327.04034892459003,-165.9784619894756,0.23720061572046425,0.11681732506626608,False,False
2020-05-28,1390.8,0.9007046304285304,0.7657186351854679,1.1161561691113029,1.145397355288865,161.54999999999995,202.2186417357534,138.0999999999999,325.83852218405127,-123.61988044829786,0.2342813648145321,0.145397355288865,False,False
2020-05-29,1419.7,0.8823695146862013,0.7522730679144893,1.093435232795661,1.1492260284525642,132.64999999999986,211.85619259410532,167.0,351.69792548179953,-139.8417328876942,0.24772693208551066,0.14922602845256416,False,False
2020-06-01,1416.65,0.8842692266967846,0.7539230296451469,1.0957893622277908,1.1459998121376427,135.69999999999982,206.83063386479148,163.95000000000005,348.60494005320265,-141.77430618841117,0.2460769703548531,0.14599981213764268,False,False
2020-06-02,1404.85,0.8916966224152045,0.7551582810436115,1.1049934156671533,1.1330054890988388,147.50000000000023,186.8527613605038,152.14999999999986,343.96588887588246,-157.11312751537866,0.2448417189563885,0.1330054890988388,False,False
2020-06-03,1404.85,0.8916966224152045,0.7588671035403591,1.1049934156671533,1.1515379221405615,147.50000000000023,212.88804991916777,152.14999999999986,338.75554959132637,-125.8674996721586,0.24113289645964087,0.1515379221405615,False,False
2020-06-04,1390.0,0.9012230215827338,0.7613595461506115,1.1453597122302157,1.1456350240718047,202.04999999999973,202.4326834598087,137.29999999999995,331.7102308506501,-129.2775473908414,0.23864045384938848,0.14563502407180473,False,False
2020-06-08,1417.9,0.8834896678186049,0.7552122478386605,1.1653149023203329,1.1521786322538583,234.39999999999986,215.77408267274564,165.20000000000005,347.0845537895634,-131.31047111681778,0.24478775216133952,0.1521786322538583,False,False
2020-06-09,1394.95,0.8980250188178788,0.7636380769988007,1.1844868991720132,1.1441284490993415,257.3499999999999,201.05198007112654,142.25,329.71306449052304,-128.6610844193965,0.2363619230011993,0.14412844909934153,False,False
2020-06-10,1394.95,0.8980250188178788,0.7643100803193994,1.2036990573138822,1.136011605503603,284.14999999999986,189.729389097251,142.25,328.7756534584539,-139.04626436120293,0.2356899196806006,0.13601160550360292,False,False
2020-06-11,1377.0,0.9097312999273784,0.7707960134596186,1.2619099491648509,1.139586447014191,360.64999999999964,192.21053753854108,124.29999999999995,315.6138894661053,-123.40335192756424,0.22920398654038143,0.13958644701419098,False,False
2020-06-12,1410.0,0.8884397163120568,0.7550156953181042,1.2323758865248229,1.1362288669672682,327.6500000000003,192.0827024238481,157.29999999999995,345.42786960147305,-153.34516717762494,0.2449843046818958,0.13622886696726821,False,False
2020-06-15,1410.0,0.8884397163120568,0.7545377435489407,1.2323758865248229,1.1361701561336226,327.6500000000003,191.9999201484079,157.29999999999995,346.10178159599377,-154.10186144758586,0.24546225645105935,0.1361701561336226,False,False
2020-06-16,1405.3,0.8914110866007259,0.7578413058721858,1.2364975450081834,1.1396608951291458,332.35000000000014,196.2654559249886,152.5999999999999,340.3056128578173,-144.04015693282872,0.2421586941278142,0.1396608951291458,False,False
2020-06-17,1463.3,0.8560787261668831,0.7329266733297208,1.1874871864962755,1.133008216798355,274.3499999999999,194.63092364103295,210.5999999999999,390.8083989166196,-196.17747527558663,0.26707332667027917,0.13300821679835506,False,False
2020-06-18,1443.85,0.8676109014094263,0.7432965547720587,1.203483741385878,1.1340138345812873,293.8000000000002,193.4958750601918,191.14999999999986,370.64126939236303,-177.14539433217124,0.2567034452279413,0.13401383458128735,False,False
2020-06-19,1408.15,0.8896069310797855,0.7632412675594105,1.2339949579235168,1.1676443788895376,329.5000000000002,236.0684321333024,155.45000000000005,333.3918090862162,-97.3233769529138,0.23675873244058954,0.16764437888953765,False,False
2020-06-22,1441.55,0.8689951788005966,0.7466586558140746,1.2054039055183658,1.1347586230784947,296.10000000000036,194.26129309880412,188.8499999999999,365.20421471122063,-170.9429216124165,0.25334134418592535,0.13475862307849473,False,False
2020-06-23,1502.5,0.8337437603993345,0.7246248827883475,1.1565058236272878,1.1482935641966594,235.14999999999986,222.81108020548072,249.79999999999995,413.7511136105079,-190.94003340502718,0.27537511721165253,0.1482935641966594,False,False
2020-06-24,1464.5,0.8553772618641174,0.7416909873046771,1.1865141686582452,1.1762050663120283,273.1500000000001,258.05231961396544,211.79999999999995,378.2935490923005,-120.24122947833507,0.2583090126953229,0.17620506631202826,False,False
2020-06-25,1459.95,0.8580430836672489,0.744230383610132,1.1902119935614233,1.1424111187409451,277.6999999999998,207.91311280584296,207.25,373.4108514483878,-165.49773864254485,0.25576961638986795,0.14241111874094514,False,False
2020-06-26,1424.55,0.8793654136393949,0.7598493468727441,1.2197887052051526,1.16352860597862,313.10000000000014,232.95467564684327,171.8499999999999,342.1066129124324,-109.15193726558914,0.24015065312725592,0.16352860597862007,False,False
2020-06-29,1438.0,0.8711404728789987,0.7506100434229599,1.2083796940194715,1.1469928997061942,299.6500000000001,211.3757897775074,185.29999999999995,358.62275755778364,-147.24696778027624,0.2493899565770401,0.14699289970619422,False,False
2020-06-30,1461.25,0.8572797262617622,0.7376505253967496,1.1891531223267748,1.1147374882174588,276.39999999999964,167.66015465776172,208.54999999999995,383.35816976399974,-215.69801510623802,0.2623494746032504,0.11473748821745877,False,False
2020-07-01,1443.9,0.8675808574000969,0.7449193119544215,1.2034420666251124,1.154206098761251,293.7499999999998,222.65818600137027,191.20000000000005,368.31100546901075,-145.65281946764048,0.2550806880455785,0.15420609876125102,False,False
2020-07-02,1434.5,0.8732659463227606,0.7469630480086613,1.211327988846288,1.1345012414117324,303.1500000000001,192.94203080513012,181.79999999999995,362.98150763157537,-170.03947682644525,0.2530369519913387,0.13450124141173236,False,False
2020-07-03,1448.45,0.864855535227312,0.7403979711798174,1.1996617073423317,1.122749175811879,289.2000000000003,177.7960437047161,195.75,376.0205586445934,-198.22451493987728,0.2596020288201826,0.12274917581187905,False,False
2020-07-06,1448.85,0.8646167650205336,0.7325004167248448,1.2391206819201437,1.118664448820125,346.45000000000005,171.92698667303807,196.14999999999986,387.5667712282086,-215.63978455517054,0.2674995832751552,0.11866444882012495,False,False
2020-07-07,1450.1,0.8638714571408869,0.7366700745080577,1.2380525481001308,1.129304593992273,345.1999999999996,187.50459174819503,197.39999999999986,381.85472495586555,-194.35013320767052,0.26332992549194234,0.129304593992273,False,False
2020-07-08,1418.5,0.8831159675713782,0.7390624754243864,1.2912583715192103,1.2103671309875677,413.14999999999986,298.4057753058646,165.79999999999995,370.1398786105078,-71.73410330464321,0.2609375245756136,0.21036713098756765,False,False
2020-07-09,1417.1,0.8839884270693671,0.7517793196956111,1.3276409568837768,1.1411496266264887,464.3000000000002,200.02313589239702,164.39999999999986,351.7535260593495,-151.73039016695247,0.24822068030438893,0.14114962662648867,False,False
2020-07-10,1438.85,0.8706258470306149,0.7455218388026477,1.337561246829065,1.1298685382166544,485.70000000000005,186.86134621303313,186.14999999999986,366.1559022388103,-179.29455602577718,0.25447816119735234,0.12986853821665445,False,False
2020-07-13,1453.25,0.8619989678307243,0.7427692412658298,1.3539652503010495,1.16125323044146,514.4000000000003,234.34125713905178,200.54999999999995,373.8206001304329,-139.47934299138115,0.25723075873417023,0.16125323044146,False,False
2020-07-14,1433.95,0.8736008926392134,0.7448957591882444,1.3721887095086998,1.1415286354549221,533.7,202.94498681058553,181.25,365.80672611201703,-162.8617393014315,0.25510424081175564,0.1415286354549221,False,False
2020-07-15,1426.5,0.8781633368384157,0.7511846268418112,1.3798808271994392,1.1600211676148806,541.8999999999999,228.27019560262715,173.79999999999995,354.93512981015624,-126.66493420752909,0.2488153731581888,0.1600211676148806,False,False
2020-07-16,1445.0,0.8669204152249135,0.7490021107536475,1.3904152249134951,1.1434402362934728,564.1500000000005,207.27114144406823,192.29999999999995,362.6919499609794,-155.42080851691117,0.25099788924635247,0.1434402362934728,False,False
2020-07-17,1463.95,0.8556986235868711,0.7297973503230819,1.3724170907476347,1.100620041997916,545.1999999999998,147.30271048284908,211.25,395.5631689945242,-248.2604585116751,0.2702026496769181,0.10062004199791597,False,False
2020-07-20,1519.9,0.8241989604579248,0.7101191598668066,1.3218961773800908,1.093063968894341,489.25,141.44792632250915,267.20000000000005,440.5898889184407,-299.14196259593155,0.2898808401331934,0.0930639688943411,False,False
2020-07-21,1484.7,0.8437394759884151,0.7353603787947056,1.3532363440425677,1.1648355899295562,524.4500000000003,244.7314003684121,232.0,392.91044560350065,-148.17904523508855,0.2646396212052944,0.16483558992955616,False,False
2020-07-22,1492.35,0.8394143465004859,0.7350769031188371,1.346299460582303,1.1664122394002492,516.8,248.3453054689619,239.64999999999986,395.3579836306035,-147.0126781616416,0.2649230968811629,0.16641223940024918,False,False
2020-07-23,1469.95,0.8522058573420864,0.7431004754415969,1.3808973094322936,1.1679263473096484,559.9000000000001,246.84333422781765,217.25,377.62945612462477,-130.78612189680712,0.25689952455840315,0.1679263473096484,False,False
2020-07-24,1480.25,0.8462759668974835,0.736860133655389,1.4019929066036143,1.1603121920045916,595.0500000000002,237.30212221479678,227.54999999999995,389.51278715661033,-152.21066494181355,0.26313986634461095,0.16031219200459157,False,False
2020-07-27,1440.1,0.8698701479063955,0.7600950184505835,1.4492743559475036,1.1957081129766045,647.0,281.83925349760807,187.39999999999986,345.48716392931465,-63.64791043170658,0.23990498154941653,0.1957081129766045,False,False
2020-07-28,1435.75,0.8725056590632074,0.7619817681605101,1.4536653317081665,1.17087900650494,651.3499999999999,245.33953358946746,183.04999999999995,341.7346763635476,-96.39514277408011,0.2380182318394899,0.17087900650493992,False,False
2020-07-29,1356.55,0.92344550514172,0.7937237791205767,1.5385352548744975,1.1791783391617254,730.5499999999995,243.0643759898387,103.84999999999968,279.8240074339817,-36.759631444143,0.20627622087942332,0.17917833916172543,False,False
2020-07-30,1405.95,0.8909989686688716,0.7841836448831525,1.4844766883601834,1.185397785484934,681.1499999999999,260.66001650254293,153.25,303.4270044765317,-42.76698797398876,0.2158163551168475,0.18539778548493402,False,False
2020-07-31,1409.3,0.8888810047541333,0.7725423186306997,1.4809479883630168,1.1722219893920658,677.7999999999995,242.71244965023834,156.5999999999999,320.556110353755,-77.84366070351666,0.22745768136930034,0.1722219893920658,False,False
2020-08-03,1407.35,0.8901126230148863,0.7793319520622115,1.4829999644722351,1.1455886378100115,679.75,204.89416942191974,154.64999999999986,310.55717726524654,-105.6630078433268,0.2206680479377885,0.14558863781001152,False,False
2020-08-04,1398.65,0.8956493761841776,0.7506783025396115,1.4922246451935794,1.0684129298869667,688.4499999999998,95.68574438640599,145.95000000000005,348.71379215297225,-253.02804776656626,0.24932169746038846,0.06841292988696668,False,False
2020-08-05,1372.6,0.9126475302345912,0.7698735240487338,1.5205449511875273,1.1366525731305979,714.5,187.56932187905863,119.90000000000009,315.8716008907079,-128.30227901164926,0.23012647595126623,0.13665257313059787,False,False
2020-08-06,1401.8,0.8936367527464689,0.7587995561356669,1.4888714509915817,1.1373382342071252,685.299999999999,192.52073671154812,149.0999999999999,338.1147822090222,-145.5940454974741,0.24120044386433315,0.1373382342071252,False,False
2020-08-07,1420.35,0.8819657126764531,0.7521439223747104,1.4694265497940648,1.1284295535948172,666.75,182.41491644839857,167.64999999999986,352.04237985508007,-169.6274634066815,0.2478560776252896,0.12842955359481723,False,False
2020-08-10,1380.45,0.9074577130645805,0.7678207146398353,1.5118982940345538,1.1345937898810599,706.6499999999999,185.79999724130903,127.75,320.5118944754395,-134.71189723413045,0.23217928536016474,0.13459378988105986,False,False
2020-08-11,1352.4,0.926279207335108,0.7753756072301037,1.5432564330079857,1.142812532531178,734.6999999999998,193.13966899516504,99.69999999999982,303.7820287820077,-110.64235978684269,0.22462439276989632,0.14281253253117798,False,False
2020-08-12,1382.9,0.905850025309133,0.7598784442787154,1.5092197555860871,1.1152173695035108,704.1999999999998,159.33410028640515,130.20000000000005,332.0640994069645,-172.72999912055934,0.24012155572128457,0.1152173695035108,False,False
2020-08-13,1362.5,0.9194128440366972,0.7728483324193163,1.531816513761468,1.1566284549035504,724.6000000000004,213.4062698060875,109.79999999999995,309.49414707868164,-96.08787727259414,0.22715166758068372,0.15662845490355037,False,False
2020-08-14,1360.95,0.9204599728131084,0.7683638760866744,1.5335611153973323,1.1180222846719774,726.1499999999994,160.62242832432753,108.25,315.2451828398405,-154.62275451551295,0.23163612391332555,0.1180222846719774,False,False
2020-08-17,1377.05,0.9096982680367453,0.7701694465226212,1.51563124069569,1.112475542126625,710.05,154.88444528546893,124.34999999999991,316.48816366602455,-161.60371838055562,0.2298305534773788,0.11247554212662503,False,False
2020-08-18,1373.95,0.9117507915135196,0.7644916051305666,1.5190509116052258,1.1316372204886191,713.1499999999999,180.86295909033834,121.24999999999977,323.57675913085814,-142.7138000405198,0.23550839486943342,0.13163722048861914,False,False
2020-08-19,1370.4,0.9141126678342092,0.7610899915338991,1.5229859894921192,1.119627096126266,716.7000000000003,163.936972531435,117.69999999999982,327.40227560194467,-163.46530307050966,0.2389100084661009,0.11962709612626599,False,False
2020-08-20,1401.1,0.8940832203268861,0.7516929331366269,1.489615302262508,1.1305335098274747,686.0,182.8905006192747,148.39999999999986,347.90303138227205,-165.01253076299736,0.24830706686337312,0.1305335098274747,False,False
2020-08-21,1365.15,0.917628099476248,0.7699812470431928,1.5288429842874407,1.1446063380941802,721.9499999999998,197.40934244927007,112.45000000000005,314.01010059898545,-116.60075814971538,0.23001875295680718,0.14460633809418022,False,False
2020-08-24,1371.5,0.9133795114837768,0.7643166674970572,1.5217644914327375,1.1549625347854118,715.5999999999995,212.53111645819217,118.80000000000018,323.239690527786,-110.70857406959385,0.23568333250294282,0.15496253478541178,False,False
2020-08-25,1359.1,0.9217128982414834,0.7711949455706397,1.5356485909793245,1.166090816414475,728.0,225.7340285889129,106.39999999999986,310.96894947494343,-85.23492088603052,0.22880505442936028,0.16609081641447498,False,False
2020-08-26,1369.2,0.9149138182880514,0.7679918340107934,1.5243207712532865,1.165087419196441,717.8999999999999,226.03769436376706,116.5,317.66558087242174,-91.62788650865468,0.2320081659892066,0.1650874191964411,False,False
2020-08-27,1378.45,0.9087743479995648,0.7653220039162247,1.5140919148318763,1.167821179912748,708.6499999999999,231.33310545072754,125.75,323.4918837016801,-92.15877825095254,0.23467799608377526,0.16782117991274803,False,False
2020-08-28,1379.8,0.9078852007537324,0.7609829011425848,1.5126105232642413,1.1743507324679687,707.3,240.56914065930323,127.10000000000014,329.79579300346154,-89.22665234415831,0.23901709885741518,0.17435073246796873,False,False
2020-08-31,1375.2,0.9109220477021523,0.7744527105291477,1.5176701570680626,1.1974000384049306,711.8999999999999,271.46453281446065,122.5,310.1726324803162,-38.70809966585557,0.22554728947085234,0.1974000384049306,False,False
2020-09-01,1377.35,0.9095001270555778,0.7748609046525112,1.5153011217192436,1.1768314195883058,709.75,243.558755769953,124.64999999999986,310.0953329768636,-66.53657720691058,0.22513909534748877,0.17683141958830584,False,False
2020-09-02,1384.75,0.9046398266835172,0.7653679931791717,1.5072034663296623,1.1901906740071684,702.3499999999999,263.3665358314265,132.0499999999995,324.9066714451419,-61.54013561371539,0.2346320068208283,0.19019067400716838,False,False
2020-09-03,1427.2,0.8777326233183856,0.7522018383363978,1.4623738789237668,1.2107610617477138,659.8999999999999,300.79818732633726,174.5,353.6575363262932,-52.859348999955955,0.24779816166360225,0.2107610617477138,False,False
2020-09-04,1430.7,0.8755853777870972,0.755409157002878,1.4587963933738728,1.2183318676600066,656.3999999999999,312.36740306117144,178.0,349.93611907598233,-37.56871601481089,0.24459084299712197,0.21833186766000656,False,False
2020-09-07,1439.05,0.8705048469476391,0.740197920003538,1.450331816128696,1.187670356174378,648.05,270.0670260527386,186.3499999999999,373.8681832189086,-103.80115716617001,0.259802079996462,0.187670356174378,False,False
2020-09-08,1428.0,0.8772408963585434,0.7480586977919468,1.4615546218487394,1.2054765503594154,659.0999999999999,293.42051391324503,175.29999999999995,359.77217955309993,-66.3516656398549,0.2519413022080532,0.20547655035941537,False,False
2020-09-09,1412.8,0.8866789354473387,0.7449372152332039,1.4772791619479049,1.1730032497354839,674.3,244.4189912262916,160.0999999999999,360.3527023185295,-115.9337110922379,0.2550627847667961,0.17300324973548387,False,False
2020-09-10,1402.4,0.8932544209925841,0.7475350103519662,1.4882344552196234,1.198787773943711,684.6999999999998,278.77997417866027,149.70000000000005,354.0569014824025,-75.27692730374224,0.25246498964803377,0.19878777394371094,False,False
2020-09-11,1401.65,0.8937323868298077,0.7516648036486178,1.4893875075803515,1.2069182280328261,685.9499999999998,290.02693432221076,148.95000000000005,348.079027965915,-58.05209364370421,0.24833519635138224,0.2069182280328261,False,False
2020-09-14,1513.3,0.8277935637348841,0.6989617446886294,1.3805920835260692,1.16091853700505,575.9500000000005,243.51802204974229,260.5999999999999,455.56119176269726,-212.04316971295498,0.30103825531137063,0.1609185370050501,False,False
2020-09-15,1489.25,0.8411616585529629,0.7230808356930893,1.4028873594090985,1.213258850981178,600.0,317.5957438237192,236.54999999999995,412.40186544406674,-94.80612162034754,0.27691916430691066,0.21325885098117792,False,False
2020-09-16,1549.05,0.8086891966043704,0.7009966661591707,1.365675736741874,1.1883568756640506,566.4499999999996,291.7742182473976,296.3499999999999,463.17111428613657,-171.396896038739,0.29900333384082933,0.18835687566405057,False,False
2020-09-17,1552.35,0.8069700776242472,0.7041217479659754,1.3627725706187397,1.189645480095746,563.1500000000005,294.3961610266315,299.64999999999986,459.306604545018,-164.9104435183865,0.2958782520340246,0.1896454800957461,False,False
2020-09-18,1530.85,0.8183035568475031,0.7196470835574444,1.3819120096678317,1.205124825392259,584.6500000000001,314.01533895173975,278.14999999999986,429.17826213608623,-115.16292318434648,0.28035291644255556,0.20512482539225907,False,False
2020-09-21,1456.4,0.860134578412524,0.7427515113540717,1.4525542433397418,1.2068662556409864,659.0999999999999,301.2800147155326,203.70000000000005,374.65669886392993,-73.37668414839732,0.2572484886459283,0.20686625564098637,False,False
2020-09-22,1440.5,0.8696286011801458,0.7522815547640807,1.4685872960777508,1.2091507428463073,675.0,301.2816450701057,187.79999999999995,356.8384203623418,-55.556775292236125,0.24771844523591935,0.2091507428463073,False,False
2020-09-23,1395.05,0.8979606465718075,0.7671706937823473,1.5164331027561735,1.220663808320901,720.4499999999996,307.83704579807295,142.3499999999999,324.80852363893655,-16.9714778408636,0.23282930621765274,0.22066380832090093,False,False
2020-09-24,1335.85,0.9377549874611673,0.7880669487650229,1.5836358872627916,1.2245284688225317,779.6500000000001,299.93635507657905,83.14999999999964,283.110766492244,16.825588584335037,0.21193305123497708,0.22452846882253175,False,False
2020-09-25,1359.35,0.9215433847059256,0.7865379889402293,1.556258505903557,1.2168330966232657,756.1500000000001,294.75206989483627,106.65000000000009,290.1695847340993,4.582485160736951,0.2134620110597707,0.21683309662326566,False,False
2020-09-28,1349.8,0.9280634168024892,0.7582792831363516,1.5672692250703808,1.1977853803323086,765.7,266.97070637255024,97.10000000000014,326.27462362255255,-59.303917250002314,0.24172071686364838,0.19778538033230864,False,False
2020-09-29,1338.55,0.9358634343132496,0.7651961917978305,1.5804415225430504,1.1976224647603022,776.95,264.5275502049026,85.84999999999968,314.29663746901406,-49.76908726411148,0.2348038082021695,0.1976224647603022,False,False
2020-09-30,1328.3,0.9430851464277648,0.7660289279219288,1.592637205450576,1.1812943477423787,787.2,240.81328210620177,75.60000000000014,310.78377504130196,-69.9704929351002,0.23397107207807122,0.18129434774237874,False,False
2020-10-01,1336.4,0.9373690511822808,0.7673834213898876,1.5829841364860815,1.1781121822597747,779.0999999999995,238.0291203719628,83.70000000000005,310.86879565455433,-72.83967528259154,0.23261657861011242,0.17811218225977465,False,False
2020-10-05,1319.65,0.9492668510589928,0.7669326317465444,1.6030765733338384,1.1795001019237599,795.8499999999999,236.87730950368973,66.95000000000027,307.5673525156727,-70.690043011983,0.23306736825345564,0.17950010192375987,False,False
2020-10-06,1333.5,0.9394075740532434,0.7635109313314976,1.5864266966629172,1.1605356445906663,782.0,214.07428206165355,80.79999999999995,315.35817306944796,-101.28389100779441,0.2364890686685024,0.16053564459066627,False,False
2020-10-07,1327.55,0.9436179428270124,0.7657054708805031,1.5935369665925954,1.1711863477283115,787.95,227.25843592672004,74.84999999999968,311.03770213258804,-83.779266205868,0.23429452911949689,0.17118634772831154,False,False
2020-10-08,1332.0,0.9404654654654656,0.7645617635009172,1.5979729729729732,1.168613196309145,796.5000000000005,224.59277748378122,79.29999999999973,313.6037310167783,-89.01095353299706,0.2354382364990828,0.16861319630914506,False,False
2020-10-09,1321.95,0.9476152653277355,0.7654965510035117,1.6101214115511175,1.167387332034705,806.55,221.2776835832783,69.25,310.0018344009078,-88.72415081762949,0.23450344899648834,0.16738733203470502,False,False
2020-10-12,1309.75,0.956442069097156,0.7718412244384767,1.6251192975758733,1.1749965297372416,818.75,229.2017048233522,57.049999999999955,298.8309562917052,-69.629251468353,0.2281587755615233,0.17499652973724156,False,False
2020-10-13,1304.5,0.9602912993484094,0.7723593891995055,1.6316596397087006,1.1797988912517394,824.0,234.54765363789397,51.799999999999955,296.95717678924507,-62.409523151351095,0.22764061080049447,0.17979889125173942,False,False
2020-10-14,1304.05,0.9606226755109084,0.7762540569190202,1.6322226908477435,1.1824431504696649,824.45,237.91499036996652,51.34999999999991,291.7758970747517,-53.86090670478518,0.22374594308097984,0.18244315046966486,False,False
2020-10-15,1297.6,0.965397657213317,0.7744798902099534,1.6403360049321831,1.1788359428663235,830.9000000000005,232.05751946334135,44.899999999999864,292.63489446356436,-60.577375000223014,0.22552010979004655,0.17883594286632354,False,False
2020-10-16,1290.6,0.970633813730048,0.7788434491405265,1.6492329149232916,1.1720121261991716,837.9000000000001,221.99885007265084,37.90000000000009,285.4246445392365,-63.42579446658567,0.2211565508594735,0.1720121261991716,False,False
2020-10-19,1269.8,0.9865333123326508,0.7855742295866615,1.6762482280674122,1.211612556622334,858.7,268.7056243990396,17.09999999999991,272.27784327085726,-3.572218871817654,0.21442577041333855,0.2116125566223339,False,False
2020-10-20,1280.0,0.978671875,0.7846331375171014,1.662890625,1.210500506223058,848.5,269.44064796551424,27.299999999999955,275.66958397811027,-6.228936012596023,0.2153668624828986,0.21050050622305805,False,False
2020-10-21,1260.35,0.9939302574681635,0.7781953252430183,1.6888165985638912,1.2029763025320468,868.1500000000001,255.8211828962651,7.650000000000091,279.55152182996187,-23.73033893369677,0.22180467475698173,0.2029763025320468,False,False
2020-10-22,1272.05,0.9847883337919108,0.776718469292403,1.6732832828898236,1.1953264418908138,856.45,248.4650004072098,19.34999999999991,284.0252711365988,-35.560270729389,0.22328153070759704,0.19532644189081383,False,False
2020-10-23,1280.05,0.9786336471231594,0.7774218015731196,1.6628256708722315,1.2012234394945271,848.45,257.5760637249696,27.34999999999991,284.91122289632824,-27.33515917135867,0.22257819842688042,0.20122343949452715,False,False
2020-10-26,1264.05,0.9910209248051898,0.7800839405706737,1.683873264506942,1.20813335568469,864.45,263.0909682532324,11.349999999999909,277.9848949216399,-14.893926668407516,0.21991605942932635,0.20813335568469005,False,False
2020-10-27,1286.95,0.973386689459575,0.7769590213595565,1.653910408329772,1.2079165450379963,841.55,267.5781976366493,34.25,287.0425874613187,-19.46438982466941,0.22304097864044348,0.20791654503799628,False,False
2020-10-28,1275.15,0.982394228130024,0.7757036869108263,1.6692153864251262,1.1986918299416733,853.3499999999999,253.3618869501247,22.450000000000045,286.01144363565993,-32.64955668553523,0.22429631308917375,0.19869182994167334,False,False
2020-10-29,1301.6,0.9624308543331286,0.771665336266921,1.6352950215119857,1.2114665389451391,826.9000000000005,275.24484709099306,48.899999999999864,297.2003983149756,-21.955551223982525,0.22833466373307898,0.21146653894513912,False,False
2020-10-30,1310.0,0.9562595419847328,0.7699035105814496,1.6248091603053436,1.2090591819301886,818.5,273.867528328547,57.299999999999955,301.4264011383011,-27.55887280975412,0.23009648941855043,0.20905918193018858,False,False
2020-11-02,1302.8,0.9615443659809642,0.776250516141384,1.6337887626650291,1.2249599646576177,825.7,293.0778419559442,50.09999999999991,291.50082757100495,1.5770143849392753,0.22374948385861604,0.2249599646576177,False,False
2020-11-03,1252.7,1.0,0.7869941030094083,1.6991298794603655,1.2088590081781283,875.8,261.63767954474133,0.0,266.83248716011417,-5.194807615372838,0.2130058969905917,0.2088590081781283,False,False
2020-11-04,1259.9,1.0,0.787014439344426,1.6894197952218428,1.2138661331236453,868.5999999999999,269.4499411224808,0.0,268.3405078699576,1.1094332525232176,0.21298556065557395,0.21386613312364533,False,False
2020-11-05,1281.3,1.0,0.7739237500309586,1.6612034652306251,1.202278718270835,847.2,259.17972172042096,0.0,289.6714990853327,-30.49177736491174,0.2260762499690414,0.202278718270835,False,False
2020-11-06,1308.5,0.9863584256782576,0.7689728199611956,1.6266717615590371,1.208086815747126,820.0,272.28159840511444,17.84999999999991,302.29906508077556,-30.017466675661126,0.2310271800388044,0.20808681574712606,False,False
2020-11-09,1290.65,1.0,0.7799930708559486,1.6491690233603222,1.2233471216150762,837.8499999999999,288.262962512498,0.0,283.95194309977,4.311019412728001,0.2200069291440514,0.2233471216150762,False,False
2020-11-10,1320.25,1.0,0.7726813115695543,1.6121946601022534,1.1997805260536134,808.25,263.7602395222832,0.0,300.11749840029586,-36.35725887801266,0.22731868843044567,0.1997805260536134,False,False
2020-11-11,1326.35,1.0,0.7716685644645225,1.604780035435594,1.2053535830043791,802.1500000000001,272.3707248178582,0.0,302.8473995224806,-30.476674704622383,0.22833143553547752,0.20535358300437911,False,False
2020-11-12,1334.0,1.0,0.7686457515253888,1.5955772113943028,1.2179738568878118,794.5,290.7771250883409,0.0,308.6265674651313,-17.84944237679042,0.23135424847461117,0.2179738568878118,False,False
2020-11-13,1342.35,0.9997765113420496,0.7655982677252244,1.585652028159571,1.2175256879885692,786.1500000000001,291.9956072714558,0.29999999999972715,314.64916531904487,-22.65355804758906,0.23440173227477556,0.2175256879885692,False,False
2020-11-14,1357.6,0.9885459634649382,0.7644787719743127,1.5678403064230997,1.2240360110085249,770.9000000000001,304.15128854517343,15.549999999999955,319.74361916767316,-15.59233062249973,0.2355212280256873,0.22403601100852488,False,False
2020-11-17,1357.15,0.9888737427697748,0.7625975636302436,1.5683601665254392,1.236812156804836,771.3499999999999,321.38961860768313,15.100000000000136,322.1907165192149,-0.8010979115317696,0.23740243636975644,0.23681215680483603,False,False
2020-11-18,1356.4,0.9894205249189028,0.753807499519819,1.5692273665585372,1.209737774097409,772.0999999999999,284.4883167857254,14.350000000000364,333.9355076513176,-49.44719086559223,0.24619250048018104,0.2097377740974089,False,False
2020-11-19,1358.75,0.9877092916283348,0.7592861287445234,1.5665133394664212,1.2072542398014139,769.75,281.6066983301712,16.700000000000045,327.06997256837894,-45.46327423820776,0.2407138712554766,0.2072542398014139,False,False
2020-11-20,1342.05,1.0,0.7633496854612953,1.5860064826198723,1.2103079900719262,786.4499999999996,282.2438380760286,0.0,317.59655462666865,-35.352716550640025,0.23665031453870466,0.21030799007192624,False,False
2020-11-23,1342.1,1.0,0.7656606658387153,1.5859473958721408,1.206845563756587,786.4000000000001,277.60743111771535,0.0,314.5068203778601,-36.899389260144744,0.23433933416128472,0.20684556375658691,False,False
2020-11-24,1353.3,1.0,0.7633453408581898,1.572821990689426,1.2211388310236058,775.2000000000005,299.2671800242456,0.0,320.2647502166117,-20.997570192366084,0.23665465914181016,0.22113883102360576,False,False
2020-11-25,1378.85,1.0,0.7492518910397385,1.5436777024331871,1.2126697821640988,749.6500000000001,293.2397291369675,0.0,345.7440300398564,-52.50430090288887,0.25074810896026145,0.21266978216409882,False,False
2020-11-26,1511.6,1.0,0.706984296926872,1.4081106112728237,1.2408918926750196,616.9000000000001,364.1321849675596,0.0,442.9225367653403,-78.79035179778066,0.29301570307312796,0.24089189267501965,False,False
2020-11-27,1522.65,1.0,0.712975593648201,1.3978918333169146,1.2289920696796222,605.8499999999999,348.6747748976768,0.0,437.0377123315668,-88.36293743389001,0.28702440635179904,0.22899206967962216,False,False
2020-12-01,1592.05,1.0,0.7007794140886867,1.3369554976288434,1.2215310732161029,536.45,352.6885451136966,0.0,476.3741338001064,-123.6855886864098,0.2992205859113133,0.22153107321610288,False,False
2020-12-02,1605.95,1.0,0.6964781104953444,1.3253837292568262,1.2228327023193977,522.55,357.8581782898366,0.0,487.4409784500017,-129.5828001601651,0.30352188950465564,0.22283270231939767,False,False
2020-12-03,1621.2,0.9953429558351838,0.6881041153311969,1.3129163582531458,1.2194097314742964,507.29999999999995,355.70705666612935,7.5499999999999545,505.6456082250636,-149.93855155893425,0.31189588466880314,0.21940973147429643,False,False
2020-12-04,1652.3,0.9766083640985294,0.671642381566022,1.2882043212491678,1.2014298507516672,476.20000000000005,332.82254239697977,38.649999999999864,542.5452929384619,-209.72275054148213,0.32835761843397804,0.2014298507516672,False,False
2020-12-07,1679.1,0.9610207849443156,0.6576577572975564,1.2676433803823477,1.203697437145753,449.4000000000001,342.0283667114338,65.44999999999959,574.8268597216731,-232.79849301023933,0.3423422427024436,0.20369743714575295,False,False
2020-12-08,1737.65,0.928639254165108,0.6361834666646222,1.224930221851351,1.1959855508319315,390.8499999999999,340.5542924031056,124.00000000000023,632.1857991502193,-291.6315067471137,0.3638165333353778,0.19598555083193148,False,False
2020-12-09,1698.6,0.9499882255975508,0.6606389885097941,1.2530907806428824,1.1983445244598037,429.9000000000001,336.90800924742257,84.95000000000027,576.4386141172638,-239.53060486984123,0.3393610114902059,0.19834452445980366,False,False
2020-12-10,1702.85,0.9476172299380452,0.6391295516067343,1.2499632968259096,1.16242000252102,425.6500000000001,276.57690129291905,89.19999999999982,614.5082430464724,-337.9313417535534,0.36087044839326565,0.16242000252102007,False,False
2020-12-11,1699.8,0.9493175667725616,0.6314342150382577,1.2522061418990469,1.1520612383563775,428.70000000000005,258.47369295817043,86.14999999999964,626.4881212779696,-368.0144283197992,0.3685657849617423,0.15206123835637753,False,False
2020-12-14,1644.55,0.9812106655316044,0.6590712202839215,1.2942750296433676,1.1600122662923908,483.95000000000005,263.14817253115143,30.899999999999864,560.674424682077,-297.52625215092553,0.3409287797160785,0.16001226629239085,False,False
2020-12-15,1636.85,0.985826434920732,0.6640020750082312,1.3003635030699208,1.1658636107605382,491.64999999999964,271.493851273387,23.199999999999818,549.9782035227768,-278.48435224938976,0.33599792499176884,0.16586361076053824,False,False
2020-12-16,1650.65,0.9775845878896192,0.6564877054302158,1.2894920182958227,1.1413112523198903,477.8499999999999,233.25541864182696,37.0,567.0185690316143,-333.76315038978737,0.34351229456978416,0.14131125231989028,False,False
2020-12-17,1635.8,0.9864592248441132,0.6601587121281824,1.3011981904878347,1.1489030514003116,492.70000000000005,243.57561148062973,22.149999999999636,555.912378700719,-312.3367672200893,0.33984128787181755,0.14890305140031157,False,False
2020-12-18,1622.2,0.9947293798545186,0.6588674620338437,1.3121070151645913,1.1719484265240772,506.29999999999995,278.934737507358,8.549999999999955,553.3852030886987,-274.4504655813407,0.3411325379661563,0.17194842652407716,False,False
2020-12-21,1619.05,0.99666471078719,0.6667585051150671,1.3146598313826008,1.1436952321737834,509.4499999999996,232.64976565096413,5.400000000000091,539.5346422934506,-306.88487664248646,0.33324149488493293,0.14369523217378344,False,False
2020-12-22,1613.65,1.0,0.6654441564345688,1.3190592755554178,1.1427513504649995,514.8499999999999,230.35071667784655,0.0,539.8560369693582,-309.5053202915117,0.3345558435654312,0.14275135046499954,False,False
2020-12-23,1645.75,1.0,0.6603051930513697,1.2933313079143247,1.1308823988964962,482.75,215.39970798390868,0.0,559.0527285357084,-343.6530205517997,0.3396948069486303,0.13088239889649622,False,False
2020-12-24,1683.55,1.0,0.6389206158545715,1.2642927147990852,1.144330831280482,444.95000000000005,242.9881710022555,0.0,607.8951971780361,-364.90702617578063,0.3610793841454285,0.14433083128048207,False,False
2020-12-28,1683.65,1.0,0.6433160758944363,1.2642176224274642,1.157885336114934,444.8499999999999,265.8236461499084,0.0,600.5308888203324,-334.70724267042397,0.3566839241055637,0.15788533611493394,False,False
2020-12-29,1691.2,1.0,0.6444150751821469,1.2585737937559132,1.1614817860969497,437.3000000000004,273.0979966471614,0.0,601.3652248519531,-328.26722820479176,0.3555849248178531,0.16148178609694974,False,False
2020-12-30,1710.0,1.0,0.6330241257467615,1.2447368421052631,1.1735311534294017,418.5,296.738272364277,0.0,627.5287449730379,-330.79047260876087,0.3669758742532385,0.17353115342940173,False,False
2020-12-31,1740.8,1.0,0.616675857767127,1.2227136948529411,1.1785787003813117,387.70000000000005,310.86980162378745,0.0,667.2906667989853,-356.42086517519783,0.38332414223287303,0.17857870038131174,False,False
2021-01-01,1795.3,1.0,0.5914896283770692,1.1855957221634268,1.163334387564984,333.20000000000005,293.2342259954155,0.0,733.3986701746476,-440.1644441792321,0.4085103716229308,0.16333438756498397,False,False
2021-01-04,1831.65,1.0,0.5792706162738963,1.1620669887806077,1.1659745900698533,296.8499999999999,304.00735790144654,0.0,770.6289757019179,-466.6216178004713,0.4207293837261037,0.16597459006985327,False,False
2021-01-05,1881.4,1.0,0.5572204821239033,1.1313383650473052,1.1626217474115446,247.0999999999999,305.95655558008,0.0,833.0453849320884,-527.0888293520084,0.4427795178760967,0.16262174741154456,False,False
2021-01-06,1924.55,1.0,0.5415398385472017,1.1059728248161909,1.1496921353053127,203.95000000000005,288.0899990018395,0.0,882.329503723983,-594.2395047221435,0.45846016145279833,0.14969213530531267,False,False
2021-01-07,1960.4,0.9836257906549684,0.5241399648690859,1.0857478065700876,1.1564802907269347,168.0999999999999,306.7639619410829,32.100000000000136,932.876012870644,-626.1120509295611,0.4758600351309141,0.1564802907269347,False,False
2021-01-08,1967.65,0.980001524661398,0.5208514197025218,1.0817472619622392,1.1535844400633524,160.8499999999999,302.20042349065534,39.350000000000136,942.796704022333,-640.5962805316776,0.4791485802974782,0.15358444006335237,False,False
2021-01-11,1968.4,0.9796281243649664,0.521504158695663,1.0813350944929891,1.1670823367278094,160.0999999999999,328.8848716150201,40.100000000000136,941.871214023457,-612.9863424084369,0.478495841304337,0.16708233672780937,False,False
2021-01-12,2009.15,0.9597591021078564,0.4948322856772889,1.0594032302217355,1.1626502700231505,119.34999999999991,326.7887900170126,80.85000000000036,1014.957713231475,-688.1689232144624,0.5051677143227111,0.16265027002315047,False,False
2021-01-13,1944.6,0.9916178134320685,0.5297919614631057,1.0945695772909596,1.1797834986812183,183.9000000000001,349.6069915354974,16.299999999999727,914.3665517388447,-564.7595602033473,0.4702080385368943,0.17978349868121835,False,False
2021-01-14,1944.65,0.9915923173835908,0.5118499005780981,1.0945414341912425,1.1055114190271367,183.8499999999999,205.18278101112128,16.350000000000136,949.2810908408015,-744.0983098296803,0.4881500994219019,0.10551141902713668,False,False
2021-01-15,1949.3,0.989226901964808,0.5051750818725287,1.0919304365669729,1.1093760753154482,179.20000000000005,213.20678361240311,20.999999999999773,964.5622129058798,-751.3554292934767,0.4948249181274713,0.10937607531544824,False,False
2021-01-18,1928.3,1.0,0.5195918127613868,1.1038220193953223,1.1191396529589748,200.20000000000005,229.73699280079086,0.0,926.3711074522179,-696.634114651427,0.4804081872386132,0.11913965295897477,False,False
2021-01-19,2029.85,0.9579032933467992,0.4607354707164033,1.0485996502204598,1.0929970187962599,98.65000000000009,188.7699986035882,85.44999999999959,1094.6261047663088,-905.8561061627206,0.5392645292835967,0.09299701879625988,False,False
2021-01-20,2075.3,0.9369247819592348,0.43786791206117215,1.0256348479737871,1.0916541548538539,53.20000000000027,190.20986756820275,130.9000000000001,1166.5927220994495,-976.3828545312467,0.5621320879388279,0.09165415485385386,False,False
2021-01-21,2087.1,0.9316276172679796,0.4404686336537229,1.019836136265632,1.0977521125125322,41.400000000000546,204.01843402490613,142.69999999999982,1167.7979147013148,-963.7794806764086,0.5595313663462771,0.09775211251253224,False,False
2021-01-22,2056.1,0.9456738485482225,0.46175414730582354,1.0352122951218323,1.1044632735228028,72.39999999999964,214.78693669023505,111.69999999999982,1106.6872977244961,-891.9003610342611,0.5382458526941765,0.10446327352280282,False,False
2021-01-25,2015.0,0.9649627791563276,0.48018668841819423,1.0563275434243176,1.1016972568604955,113.5,204.91997257389858,70.59999999999991,1047.4238228373388,-842.5038502634402,0.5198133115818058,0.10169725686049547,False,False
2021-01-27,1991.3,0.9764475468287048,0.49008940805580337,1.0688997137548335,1.100810657566365,137.20000000000005,200.74426241190235,46.90000000000009,1015.3849617384788,-814.6406993265764,0.5099105919441966,0.10081065756636498,False,False
2021-01-28,1988.4,0.9778716556024944,0.4927888038253123,1.07045866022933,1.0981385130585686,140.0999999999999,195.13861936565763,44.0,1008.538742473749,-813.4001231080914,0.5072111961746877,0.09813851305856858,False,False
2021-01-29,1953.65,0.9952652726946996,0.5167953111044237,1.0894991426304608,1.0984945825790495,174.8499999999999,192.4239412555603,9.250000000000227,944.0128404608428,-751.5888992052825,0.48320468889557633,0.09849458257904953,False,False
2021-02-01,1958.45,0.992825959304552,0.5143063954269447,1.0868288697694606,1.107251435721187,170.04999999999995,210.04657428815858,14.050000000000182,951.2066398761002,-741.1600655879416,0.4856936045730553,0.1072514357211869,False,False
2021-02-02,2000.25,0.9720784901887264,0.47591182071839433,1.064116985376828,1.0798349397954046,128.25,159.68983832575805,55.850000000000136,1048.3073806080317,-888.6175422822737,0.5240881792816057,0.07983493979540457,False,False
2021-02-03,2072.45,0.9382132258920602,0.43725280431584856,1.0270452845665758,1.106854842102718,56.05000000000018,221.4513175157781,128.04999999999973,1166.2654256956196,-944.8141081798415,0.5627471956841514,0.106854842102718,False,False
2021-02-04,2036.25,0.9548925721301412,0.4646436152384388,1.0453038674033148,1.1178255980470708,92.25,239.92237402334786,91.84999999999991,1090.1194384707292,-850.1970644473813,0.5353563847615612,0.11782559804707082,False,False
2021-02-05,2081.85,0.9339769916180322,0.4385220234435876,1.022407954463578,1.0932337631208033,46.65000000000009,194.0987097530442,137.44999999999982,1168.9129254939671,-974.8142157409229,0.5614779765564124,0.09323376312080334,False,False
2021-02-08,2058.9,0.9443877798824616,0.45074755053593063,1.0338044586915345,1.1000109695789362,69.60000000000036,205.9125852660718,114.49999999999977,1130.8558682015723,-924.9432829355005,0.5492524494640694,0.10001096957893618,False,False
2021-02-09,2072.2,0.9383264163690764,0.4436542330154791,1.0271691921629191,1.0968056909938542,56.30000000000109,200.6007528774644,127.79999999999973,1152.859698345324,-952.2589454678596,0.5563457669845209,0.09680569099385417,False,False
2021-02-10,2054.85,0.9462491179404824,0.44894543657210373,1.0358420322651292,1.1040946407848828,73.65000000000055,213.89887261681633,110.44999999999982,1132.3344696598126,-918.4355970429963,0.5510545634278963,0.10409464078488284,False,False
2021-02-11,2048.45,0.9492054968390736,0.453597179821287,1.0390783275159268,1.0988749521153949,80.05000000000018,202.54039566078063,104.04999999999973,1119.2788569950844,-916.7384613343038,0.546402820178713,0.09887495211539488,False,False
2021-02-12,2012.1,0.9663535609562148,0.47617349041286783,1.057850007454898,1.1037465426738513,116.40000000000009,208.74841851405608,67.70000000000005,1053.9913199402686,-845.2429014262125,0.5238265095871322,0.1037465426738513,False,False
2021-02-15,2039.85,0.9532073436772311,0.45967710473383794,1.0434590778733728,1.1020266723390566,88.64999999999964,208.11910757082478,95.45000000000005,1102.1776579086807,-894.0585503378559,0.5403228952661621,0.1020266723390566,False,False
2021-02-16,2038.9,0.9536514787385356,0.45649221216046576,1.0439452646034626,1.1019137821504434,89.59999999999991,207.79201042653904,94.49999999999977,1108.1580286260264,-900.3660181994874,0.5435077878395342,0.10191378215044344,False,False
2021-02-17,2019.85,0.9626457410203728,0.47149734353725137,1.0537911231032009,1.091821577257125,108.65000000000009,185.46581282280385,75.45000000000005,1067.4960906562828,-882.030277833479,0.5285026564627486,0.09182157725712492,False,False
2021-02-18,2038.45,0.9538620029924698,0.4583289079299535,1.0441757217493683,1.0984293223919996,90.04999999999995,200.64325222997172,94.04999999999995,1104.1694376301862,-903.5261854002144,0.5416710920700465,0.09842932239199964,False,False
2021-02-19,2060.75,0.943539973310688,0.4450114434745518,1.0328763799587528,1.108816979179319,67.75,224.2445898437818,116.34999999999991,1143.6926678598174,-919.4480780160357,0.5549885565254482,0.10881697917931898,False,False
2021-02-22,2028.4,0.9585880496943404,0.4646005206079067,1.0493492407809109,1.1111894330223693,100.09999999999945,225.53664594257407,84.0,1086.0043039989223,-860.4676580563482,0.5353994793920933,0.11118943302236928,False,False
2021-02-23,2021.45,0.9618837962848452,0.4691434847388638,1.05295703579114,1.105144603212702,107.04999999999995,212.5445581643164,77.04999999999973,1073.0999027746238,-860.5553446103074,0.5308565152611362,0.10514460321270191,False,False
2021-02-24,2030.45,0.9576202319682828,0.46492522139301773,1.0482897879780344,1.103492161154307,98.04999999999995,210.1356586157624,86.05000000000018,1086.4425842225473,-876.306925606785,0.5350747786069823,0.10349216115430693,False,False
2021-02-25,2049.0,0.9489507076622744,0.4507817096787692,1.038799414348463,1.1043299154577524,79.50000000000045,213.77199677293447,104.59999999999968,1125.348276868202,-911.5762800952675,0.5492182903212308,0.10432991545775239,False,False
2021-02-26,2031.75,0.9570075058447152,0.4614062023157972,1.0476190476190477,1.116838725568112,96.75,237.3870806730115,87.34999999999991,1094.287948444879,-856.9008677718675,0.5385937976842028,0.11683872556811203,False,False
2021-03-01,2014.1,0.965393972493918,0.47299539565008875,1.056799563080284,1.1041459603560626,114.40000000000009,209.7603787531457,69.69999999999982,1061.4399736211562,-851.6795948680106,0.5270046043499113,0.1041459603560626,False,False
2021-03-02,2007.05,0.9687850327595228,0.47744743996464667,1.060511696270646,1.1044923255699999,121.45000000000005,209.72132203526803,62.649999999999864,1048.7891156189557,-839.0677935836877,0.5225525600353533,0.10449232556999988,False,False
2021-03-03,2034.8,0.955573029290348,0.46220228221864734,1.0460487517200707,1.1031235772352488,93.70000000000005,209.83585495828424,90.39999999999986,1094.3107961414962,-884.474941183212,0.5377977177813527,0.10312357723524879,False,False
2021-03-04,2040.45,0.9529270504055478,0.45615468601613385,1.0431522458281262,1.1187390055470137,88.04999999999995,242.281003868404,96.04999999999995,1109.6891709183797,-867.4081670499756,0.5438453139838662,0.11873900554701367,False,False
2021-03-05,2030.95,0.9573844752455748,0.4638430853605062,1.048031709298604,1.1257684290664638,97.54999999999995,255.42939101253455,86.54999999999995,1088.90788578708,-833.4784947745454,0.5361569146394938,0.1257684290664638,False,False
2021-03-08,2034.95,0.9555025922012826,0.46091293689353785,1.0459716454949752,1.119474836241935,93.54999999999995,243.12531801052523,90.54999999999995,1097.0152190684953,-853.8899010579701,0.5390870631064621,0.11947483624193489,False,False
2021-03-09,2028.4,0.9585880496943404,0.46390056569465443,1.0493492407809109,1.1244046967716619,100.09999999999945,252.3424869316391,84.0,1087.424092544963,-835.081605613324,0.5360994343053456,0.12440469677166188,False,False
2021-03-10,2087.6,0.9314044836175512,0.42737800579737373,1.0195918758382831,1.1240610225115795,40.90000000000009,258.9897905951734,143.20000000000005,1195.4056750974025,-936.4158845022291,0.5726219942026263,0.12406102251157947,False,False
2021-03-12,2089.25,0.9306689003230824,0.4303258008399655,1.0187866459255714,1.1241402831789002,39.25,259.36008663151733,144.85000000000014,1190.191820595102,-930.8317339635846,0.5696741991600345,0.12414028317890025,False,False
2021-03-15,2115.5,0.919120775230442,0.41783557139256766,1.0061451193571258,1.1232024980868063,12.999999999999545,260.63488470263883,171.0999999999999,1231.5688487190232,-970.9339640163844,0.5821644286074323,0.12320249808680628,False,False
2021-03-16,2067.7,0.9403685254147122,0.44739862407469766,1.0294046525124536,1.1340374017524424,60.80000000000018,277.1491356035249,123.29999999999973,1142.6138650007474,-865.4647293972225,0.5526013759253023,0.1340374017524424,False,False
2021-03-17,2045.65,0.9505047295480654,0.45621043542421913,1.0405005743895583,1.1189384400591358,82.84999999999991,243.3064199069713,101.25,1112.4031227744463,-869.096702867475,0.5437895645757809,0.11893844005913579,False,False
2021-03-18,1996.1,0.974099494013326,0.48987787718528697,1.066329342217324,1.1241729965343337,132.4000000000001,247.86171838218343,51.700000000000045,1018.2547693504487,-770.3930509682652,0.510122122814713,0.12417299653433367,False,False
2021-03-19,1978.15,0.9829386042514472,0.49983985098823736,1.076005358542072,1.1194467099490026,150.34999999999945,236.2835092856194,33.74999999999977,989.3917987676183,-753.1082894819989,0.5001601490117626,0.11944670994900264,False,False
2021-03-22,1975.0,0.984506329113924,0.5052071550359225,1.0777215189873417,1.1191406518797442,153.5,235.30278746249496,30.600000000000136,977.215868804053,-741.913081341558,0.4947928449640775,0.11914065187974421,False,False
2021-03-23,2036.1,0.9549629193065174,0.47097625534881904,1.0453808752025933,1.1081062664909687,92.40000000000009,220.1151692022613,91.69999999999982,1077.1452464842696,-857.0300772820083,0.529023744651181,0.10810626649096866,False,False
2021-03-24,1987.85,0.9781422139497448,0.4868719024799444,1.0707548356264307,1.113344572235769,140.6500000000001,225.3120079188734,43.44999999999982,1020.0216886552425,-794.7096807363691,0.5131280975200556,0.1133445722357691,False,False
2021-03-25,1944.4,1.0,0.5118688331982255,1.0946821641637523,1.1142670078904564,184.0999999999999,222.18077014220353,0.0,949.1222407293703,-726.9414705871668,0.4881311668017745,0.1142670078904564,False,False
2021-03-26,1988.25,0.9847353200050296,0.48826717626376515,1.0705394190871371,1.1054951425261894,140.25000000000045,209.75071712769613,30.34999999999991,1017.452786793569,-807.7020696658728,0.5117328237362349,0.10549514252618941,False,False
2021-03-30,1957.9,1.0,0.4988447876085065,1.087134174370499,1.1115908610877305,170.5999999999999,218.4837469236677,0.0,981.2117903413052,-762.7280434176375,0.5011552123914935,0.11159086108773053,False,False
2021-03-31,1976.2,1.0,0.48830008339774844,1.0770670984718145,1.0934352105989766,152.29999999999995,184.64666318569766,0.0,1011.2213751893696,-826.574712003672,0.5116999166022516,0.09343521059897664,False,False
2021-04-01,1987.2,0.9984651771336556,0.48268753747623205,1.071105072463768,1.097274947013725,141.29999999999995,193.30477470567462,3.049999999999727,1028.0033255272317,-834.6985508215571,0.517312462523768,0.09727494701372508,False,False
2021-04-05,2113.45,0.9388204121223592,0.40802734642527794,1.007121057985758,1.120054782256325,15.050000000000182,253.72977955963006,129.29999999999995,1251.1046046974961,-997.3748251378661,0.5919726535747221,0.12005478225632493,False,False
2021-04-06,2128.5,0.9321822879962416,0.40585851634009584,1.0,1.1068531758273343,0.0,227.43698474848134,144.34999999999968,1264.630147970106,-1037.1931632216247,0.5941414836599042,0.10685317582733433,False,False
2021-04-07,2117.55,0.9370026681778472,0.4222423916703508,1.00273901442705,1.123114361543855,5.799999999999727,260.70081628719026,133.39999999999964,1223.4306235184486,-962.7298072312583,0.5777576083296492,0.12311436154385502,False,False
2021-04-08,2123.35,0.9344432147314388,0.4117538356730468,1.0,1.100607224604911,0.0,213.62435036483794,139.1999999999996,1249.052493023636,-1035.4281426587982,0.5882461643269532,0.100607224604911,False,False
2021-04-09,2099.25,0.945170894367036,0.4187072161032741,1.0,1.1098071232044933,0.0,230.5126033870324,115.09999999999968,1220.2788765952018,-989.7662732081694,0.5812927838967259,0.10980712320449326,False,False
2021-04-12,1984.15,1.0,0.49126966319002463,1.0490134314441952,1.1253374859755423,97.25,248.68837279837226,0.0,1009.3972977815126,-760.7089249831404,0.5087303368099754,0.12533748597554228,False,False
2021-04-13,1985.25,1.0,0.4896592174128682,1.0484321873819418,1.1188290130577412,96.15000000000009,235.90529817288052,0.0,1013.1540386311034,-777.2487404582229,0.5103407825871318,0.11882901305774118,False,False
2021-04-15,2012.7,0.9896407810403934,0.44590016541286404,1.0341332538381278,1.1177971784967562,68.70000000000005,237.09038116042097,20.850000000000136,1115.2367370735287,-878.1463559131078,0.554099834587136,0.1177971784967562,False,False
2021-04-16,1991.85,1.0,0.4607071765578774,1.0449582046840875,1.121632048278335,89.54999999999973,242.27279536320157,0.0,1074.1904103731918,-831.9176150099902,0.5392928234421226,0.12163204827833507,False,False
2021-04-19,1992.55,1.0,0.458840468312143,1.0445911018544078,1.0934744783784887,88.85000000000014,186.25257189305762,0.0,1078.2874248646394,-892.0348529715818,0.541159531687857,0.09347447837848866,False,False
2021-04-20,2029.05,0.9868164904758384,0.43911548529006916,1.0258002513491535,1.0973833154651542,52.350000000000136,197.59561624457115,26.75,1138.0627245721853,-940.4671083276141,0.5608845147099308,0.09738331546515422,False,False
2021-04-22,2035.75,0.9835687093208892,0.43144582945851817,1.0224241679970527,1.1039329003975462,45.65000000000009,211.58140198430465,33.44999999999982,1157.4341526798216,-945.852750695517,0.5685541705414818,0.10393290039754621,False,False
2021-04-23,2068.45,0.9680195315332738,0.41611397119119475,1.0062607266310524,1.11672741225871,12.950000000000273,241.4448158865289,66.14999999999986,1207.739056289573,-966.2942404030441,0.5838860288088052,0.11672741225871008,False,False
2021-04-26,2002.3,1.0,0.4556714996850211,1.0395045697447935,1.1270012086386705,79.10000000000014,254.2945200572101,0.0,1089.9089561806823,-835.6144361234722,0.5443285003149789,0.12700120863867048,False,False
2021-04-27,2036.05,0.9925100071216326,0.43395576198346997,1.0222735198055055,1.0992908263129302,45.34999999999968,202.16108691444128,15.25,1152.494370813556,-950.3332838991148,0.56604423801653,0.09929082631293018,False,False
2021-04-28,2081.4,0.9708849812626116,0.39769465090896405,1.0,1.094564295305724,0.0,196.82612424933404,60.600000000000364,1253.6383535980822,-1056.8122293487481,0.602305349091036,0.09456429530572397,False,False
2021-04-29,2077.35,0.9727778178929888,0.4045507639873045,1.0,1.0982851498083392,0.0,204.17265595435356,56.54999999999973,1236.9564704309728,-1032.7838144766192,0.5954492360126955,0.09828514980833924,False,False
2021-04-30,2036.9,0.9920958319014188,0.42750272486167984,1.000564583435613,1.0932005335337458,1.150000000000091,189.84016675488692,16.09999999999991,1166.1196997292445,-976.2795329743576,0.5724972751383202,0.0932005335337458,False,False
2021-05-03,2036.35,0.9923637881503672,0.42867512335596314,1.000834827018931,1.1013085956072663,1.699999999999818,206.29975866485665,15.549999999999727,1163.4174125540844,-957.1176538892278,0.5713248766440369,0.10130859560726635,False,False
2021-05-04,2038.05,0.9915360270847132,0.415044529004855,1.0,1.0942689011556272,0.0,192.12473400022623,17.250000000000227,1192.1684976616552,-1000.043763661429,0.584955470995145,0.09426890115562725,False,False
2021-05-05,2034.1,0.9934614817363944,0.4139918096092843,1.0,1.1049903788764368,0.0,213.56092967256018,13.300000000000182,1191.9992600737548,-978.4383304011947,0.5860081903907157,0.10499037887643681,False,False
2021-05-06,2028.95,0.995983143990734,0.4168918250341216,1.0,1.0990873132438366,0.0,201.04320420608224,8.150000000000318,1183.097331597019,-982.0541273909369,0.5831081749658784,0.09908731324383657,False,False
2021-05-07,2020.8,1.0,0.42197155671544606,1.0039588281868568,1.078345194813502,8.000000000000227,158.31996967912505,0.0,1168.0798781894266,-1009.7599085103016,0.5780284432845539,0.0783451948135021,False,False
2021-05-10,2028.8,0.99743690851735,0.4128150484687607,1.0021934148264984,1.085173841570483,4.449999999999818,172.80068977819587,5.200000000000273,1191.2808296665783,-1018.4801398883824,0.5871849515312393,0.08517384157048302,False,False
2021-05-11,2033.25,0.9952539038485184,0.4123695814198878,1.0,1.0884530516517998,0.0,179.84716727102204,9.649999999999864,1194.7995485780132,-1014.9523813069911,0.5876304185801122,0.08845305165179984,False,False
2021-05-12,2023.6,0.9885105752124926,0.42393643350003263,1.0,1.1055629707650854,0.0,213.6172276402267,23.25,1165.7222331693338,-952.1050055291071,0.5760635664999674,0.10556297076508536,False,False
2021-05-14,2000.35,1.0,0.4375501160830404,1.0094733421651212,1.1152528209358916,18.950000000000273,230.54598035911067,0.0,1125.0966252932901,-894.5506449341794,0.5624498839169596,0.11525282093589162,False,False
2021-05-17,2019.3,1.0,0.4198200388218647,1.0006437874510972,1.0857979990533502,1.3000000000004093,173.25189948843013,0.0,1171.5573956070086,-998.3054961185785,0.5801799611781353,0.08579799905335017,False,False
2021-05-18,2020.6,1.0,0.4188909986095044,1.0021528258932992,1.0917781145915288,4.350000000000364,185.44685834364327,0.0,1174.1888482096354,-988.7419898659921,0.5811090013904956,0.09177811459152885,False,False
2021-05-19,2024.95,0.9947899948146868,0.4181967918389349,1.0,1.0997988943636947,0.0,202.0877711417636,10.549999999999955,1178.1224063657487,-976.0346352239851,0.5818032081610651,0.09979889436369471,False,False
2021-05-20,2014.4,1.0,0.42653720272909434,1.0056344320889594,1.1198875513263526,11.349999999999909,241.50148339180487,0.0,1155.1834588225124,-913.6819754307076,0.5734627972709057,0.11988755132635265,False,False
2021-05-21,2025.75,0.9902258422806368,0.41747131922717706,1.0,1.0922635122106177,0.0,186.90280986065864,19.799999999999955,1180.057475075546,-993.1546652148875,0.5825286807728229,0.09226351221061768,False,False
2021-05-24,2005.95,1.0,0.4312607947387237,1.0437947107355618,1.1360015987323984,87.85000000000014,272.81240697725457,0.0,1140.8624087938572,-868.0500018166026,0.5687392052612763,0.13600159873239837,False,False
2021-05-25,2093.8,0.9827347406629094,0.3677671886709257,1.0,1.059732843880596,0.0,125.06862851719188,36.15000000000009,1323.7690603608157,-1198.7004318436238,0.6322328113290743,0.059732843880595965,False,False
2021-05-26,2057.65,1.0,0.4062606555754278,1.0085777464583383,1.1904823439829302,17.649999999999636,391.9459950964765,0.0,1221.707762055221,-829.7617669587446,0.5937393444245722,0.19048234398293018,False,False
2021-05-27,2075.3,1.0,0.39213595182658967,1.0133715607382066,1.1557579222466512,27.75,323.24441603847526,0.0,1261.5002591742787,-938.2558431358034,0.6078640481734103,0.1557579222466512,False,False
2021-05-28,2103.05,0.9811939801716554,0.3703405410509122,1.0,1.1276727104734277,0.0,268.5020937611421,39.55000000000018,1324.2053251428792,-1055.7032313817372,0.6296594589490878,0.12767271047342765,False,False
2021-05-31,2063.5,0.9889750424036832,0.40464172068217374,1.0,1.222076353749723,0.0,458.25455596255324,22.749999999999773,1228.5218093723345,-770.2672534097812,0.5953582793178263,0.222076353749723,False,False
2021-06-01,2040.75,0.9974274163910328,0.41665093171912915,1.0,1.1979138886229868,0.0,403.8927682073604,5.249999999999773,1190.4696110941873,-786.5768428868269,0.5833490682808709,0.19791388862298676,False,False
2021-06-02,2035.5,1.0,0.41842731665264754,1.0017686072218128,1.1893466531492267,3.599999999999909,385.41511248525103,0.0,1183.791196953536,-798.376084468285,0.5815726833473525,0.18934665314922672,False,False
2021-06-03,2039.1,1.0,0.4098596085435169,1.0551468785248397,1.1769258965517229,112.45000000000073,360.7695956586181,0.0,1203.3552722189147,-842.5856765602966,0.5901403914564831,0.17692589655172286,False,False
2021-06-04,2151.55,1.0,0.32778579466178837,1.0082498663754038,1.0447130980653583,17.75,96.20246614252164,0.0,1446.3024734954292,-1350.1000073529076,0.6722142053382116,0.04471309806535828,False,False
2021-06-07,2169.3,1.0,0.32528807705669305,1.0010372009403956,1.0206337779077195,2.25,44.76085441521582,0.0,1463.652574440916,-1418.8917200257001,0.674711922943307,0.020633777907719475,False,False
2021-06-08,2171.55,1.0,0.3389068045041359,1.0124335152310562,1.1486074213816373,27.0,322.70844590129445,0.0,1435.5969286790437,-1112.8884827777492,0.6610931954958641,0.1486074213816373,False,False
2021-06-09,2198.55,1.0,0.3221992681981418,1.0022287416706464,1.134016853610931,4.899999999999636,294.64275350631215,0.0,1490.1787989029754,-1195.5360453966632,0.6778007318018582,0.13401685361093096,False,False
2021-06-10,2203.45,1.0,0.3169130343306992,1.0130477206199369,1.1332924415681946,28.75,293.7032303734386,0.0,1505.1479745040208,-1211.4447441305822,0.6830869656693008,0.13329244156819464,False,False
2021-06-11,2232.2,0.9774437774392976,0.29568056869125003,1.0,1.1188463832778077,0.0,265.2888967527224,50.34999999999991,1572.1818345673914,-1306.892937814669,0.70431943130875,0.11884638327780772,False,False
2021-06-14,2181.85,1.0,0.3344575562929273,1.0030937048834705,1.1986377870192184,6.75,433.39785560788187,0.0,1452.1137808022766,-1018.7159251943947,0.6655424437070727,0.19863778701921841,False,False
2021-06-15,2188.6,1.0,0.32493611089733454,1.0053687288677693,1.143181050929438,11.75,313.3660480641679,0.0,1477.4448276900935,-1164.0787796259256,0.6750638891026655,0.143181050929438,False,False
2021-06-16,2200.35,0.9983866203104051,0.31326473078070505,1.0,1.1306248686329727,0.0,287.42042969656177,3.550000000000182,1511.0579496266755,-1223.6375199301137,0.686735269219295,0.13062486863297273,False,False
2021-06-17,2196.8,1.0,0.3181004727342698,1.0054169701383828,1.1546739500347645,11.899999999999181,339.7877334363707,0.0,1497.9968814973563,-1158.2091480609856,0.6818995272657302,0.15467395003476447,False,False
2021-06-18,2208.7,1.0,0.3105609080713747,1.0066781364603612,1.1356225765349446,14.749999999999545,299.5495847927323,0.0,1522.7641223427545,-1223.2145375500222,0.6894390919286253,0.13562257653494458,False,False
2021-06-21,2223.45,1.0,0.2982527100786321,1.0306955407137557,1.1320847453393486,68.25,293.6838270247745,0.0,1560.3000117756653,-1266.6161847508909,0.7017472899213679,0.13208474533934855,False,False
2021-06-22,2291.7,0.9970545882968976,0.2530447452389635,1.0,1.0784205179846695,0.0,179.71630106546718,6.749999999999545,1711.7973573358672,-1532.0810562704,0.7469552547610365,0.07842051798466954,False,False
2021-06-23,2284.95,1.0,0.26776583447884317,1.005733167027725,1.1547723279063498,13.100000000000364,353.64703064961395,0.0,1673.1184565075673,-1319.4714258579534,0.7322341655211568,0.15477232790634976,False,False
2021-06-24,2298.05,0.977437392571963,0.2593601441543196,1.0,1.1390560857071257,0.0,319.5578377592601,51.850000000000364,1702.027420726166,-1382.4695829669058,0.7406398558456804,0.1390560857071257,False,False
2021-06-25,2246.2,0.9970394443949784,0.2980874548712942,1.0,1.208268562029764,0.0,467.81284403125574,6.649999999999636,1576.635958868099,-1108.8231148368432,0.7019125451287058,0.20826856202976396,False,False
2021-06-28,2239.55,1.0,0.3039783507487406,1.0060726485231408,1.1765539192629473,13.599999999999909,395.4013298853338,0.0,1558.775284580658,-1163.3739546953243,0.6960216492512594,0.17655391926294728,False,False
2021-06-29,2253.15,0.9879280118944588,0.28233739001708846,1.0,1.1560507868167296,0.0,351.6058303161144,27.200000000000273,1617.001509682997,-1265.3956793668826,0.7176626099829115,0.15605078681672957,False,False
2021-06-30,2225.95,1.0,0.3042137841397108,1.0276960398930794,1.225022583550833,61.65000000000009,500.8890198549766,0.0,1548.7853271942106,-1047.896307339234,0.6957862158602892,0.22502258355083304,False,False
2021-07-01,2287.6,0.9947106137436617,0.25596928039542144,1.0,1.1542024734306338,0.0,352.7535782199179,12.099999999999454,1702.0446741674339,-1349.291095947516,0.7440307196045786,0.15420247343063376,False,False
2022-01-21,3577.4,0.9256582993235308,-0.7379363791798239,1.0,1.0884451909878872,0.0,316.4038262400677,265.9500000000007,6217.293602877902,-5900.889776637834,1.737936379179824,0.08844519098788717,False,False
