date,close,actual lb,predicted lb,actual ub,predicted ub,actual ub close diff,predicted ub close diff,actual lb close diff,predicted lb close diff,predicted lb ub diff,predicted lb %,predicted ub %,invest,exit
2020-05-29,374.9,0.9899973326220324,0.8280531078242732,1.2862096559082423,1.0892492237976494,107.30000000000007,33.459534001738746,3.750000000000057,64.46288987667998,-31.003355874941235,0.17194689217572678,0.08924922379764944,False,False
2020-06-01,376.1,0.9868386067535228,0.8169204779696873,1.2821058229194362,1.1117434198690215,106.09999999999997,42.026700212739,4.950000000000102,68.8562082356006,-26.829508022861603,0.18307952203031275,0.11174341986902148,False,False
2020-06-02,375.55,0.9882838503528156,0.8135111580941997,1.2839834908800425,1.090483232491839,106.64999999999998,33.980977962310135,4.400000000000091,70.03588457772332,-36.05490661541319,0.18648884190580028,0.09048323249183898,False,False
2020-06-03,373.05,0.994906848947862,0.8074248889146302,1.292588124916231,1.0917024138589722,109.14999999999998,34.20958549008958,1.900000000000091,71.84014519039721,-37.63055970030763,0.19257511108536984,0.09170241385897215,False,False
2020-06-04,371.15,1.0,0.8112553489817171,1.2992051731106022,1.0805705891479422,111.05000000000001,29.903774162258742,0.0,70.0525772254357,-40.148803063176956,0.18874465101828286,0.08057058914794224,False,False
2020-06-05,381.3,1.0,0.8025015007141699,1.2646210333071073,1.062750941402564,100.90000000000003,23.926933956797654,0.0,75.30617777768703,-51.37924382088937,0.19749849928583008,0.06275094140256399,False,False
2020-06-08,394.15,0.9859190663453,0.8082735796939883,1.223392109602943,1.0335239177235476,88.04999999999995,13.213452170736275,5.550000000000011,75.56896856361453,-62.35551639287826,0.19172642030601172,0.03352391772354757,False,False
2020-06-09,397.6,0.977364185110664,0.8066622453011035,1.2127766599597585,1.0353987839280268,84.59999999999997,14.074556489783447,9.0,76.87109126828125,-62.7965347784978,0.19333775469889647,0.035398783928026756,False,False
2020-06-10,398.5,0.9751568381430364,0.7921711509199765,1.2100376411543288,1.0131908590803178,83.69999999999999,5.256557343506643,9.899999999999977,82.8197963583894,-77.56323901488275,0.20782884908002353,0.013190859080317807,False,False
2020-06-11,388.6,1.0,0.799121938825886,1.2408646423057128,1.0148025829482714,93.60000000000002,5.7522837336982775,0.0,78.06121457226072,-72.30893083856245,0.200878061174114,0.014802582948271414,False,False
2020-06-12,395.25,1.0,0.797319722712988,1.2199873497786209,1.013387904938522,86.94999999999993,5.291569426950787,0.0,80.10937959769149,-74.8178101707407,0.202680277287012,0.013387904938521933,False,False
2020-06-15,395.9,1.0,0.7789478824816637,1.2379388734528922,1.034203281372001,94.20000000000005,13.541079095175178,0.0,87.51453332550932,-73.97345423033414,0.2210521175183363,0.034203281372001015,False,False
2020-06-16,426.3,0.9960121979826414,0.799508665106732,1.1496598639455782,1.032475887748073,63.799999999999955,13.844470947003572,1.6999999999999886,85.46945606500014,-71.62498511799657,0.20049133489326798,0.032475887748073085,False,False
2020-06-17,429.35,0.98893676487714,0.7502963178585352,1.1414929544660533,1.0185205485061959,60.74999999999994,7.951797501135218,4.749999999999943,107.21027592743792,-99.2584784263027,0.24970368214146477,0.01852054850619589,False,False
2020-06-18,424.6,1.0,0.7632146816286037,1.1542628356099858,1.0009009244717506,65.49999999999994,0.3825325307053049,0.0,100.53904618049484,-100.15651364978953,0.23678531837139627,0.0009009244717506082,False,True
2020-06-19,428.7,1.0,0.7168330513052106,1.1432236995567997,1.017802071394929,61.400000000000034,7.631748007006024,0.0,121.39367090545625,-113.76192289845022,0.2831669486947894,0.017802071394928953,False,False
2020-06-22,429.15,1.0,0.7288318688513095,1.164161715018059,1.0073053449780862,70.44999999999999,3.135088797345702,0.0,116.37180348246056,-113.23671468511486,0.27116813114869054,0.0073053449780862145,False,True
2020-06-23,449.45,0.9587273334074978,0.7147109668629233,1.1115808210034488,1.0062911060509512,50.150000000000034,2.8275376146000326,18.550000000000125,128.22315594345912,-125.39561832885909,0.28528903313707665,0.0062911060509511785,False,True
2020-06-24,440.95,0.9772083002608004,0.7109749341310537,1.1330082775824923,1.0519798875787596,58.64999999999998,22.92053142785403,10.050000000000068,127.44560279491185,-104.52507136705782,0.2890250658689463,0.0519798875787596,False,False
2020-06-25,450.25,0.957023875624653,0.6866215344962642,1.1096057745696837,1.0108171375681394,49.35000000000008,4.870416190054755,19.350000000000023,141.09865409305706,-136.2282379030023,0.3133784655037358,0.010817137568139401,False,False
2020-06-26,456.35,0.9442314013366933,0.702149345401337,1.0947737482195683,1.0084245347939311,43.25,3.8445364532104804,25.450000000000045,135.92414622609988,-132.0796097728894,0.297850654598663,0.008424534793931127,False,True
2020-06-29,446.85,0.96430569542352,0.6982681666486061,1.1180485621573235,1.0145538454718586,52.75,6.5033858490999705,15.950000000000102,134.82886973307035,-128.32548388397038,0.30173183335139386,0.014553845471858562,False,False
2020-06-30,430.9,1.0,0.6959189670318076,1.1594337433279185,1.0379150310210796,68.70000000000005,16.3375868669832,0.0,131.02851710599413,-114.69093023901092,0.30408103296819244,0.037915031021079626,False,False
2020-07-01,433.3,1.0,0.7056800920417369,1.1530117701361644,1.021313245217184,66.30000000000001,9.235029152605819,0.0,127.52881611831543,-118.29378696570961,0.2943199079582631,0.02131324521718403,False,False
2020-07-02,435.2,0.995749080882353,0.7320995456600451,1.1479779411764706,1.0191107525151273,64.39999999999998,8.3169994945834,1.849999999999966,116.59027772874839,-108.27327823416499,0.2679004543399549,0.019110752515127283,False,False
2020-07-03,433.35,1.0,0.7322581714387326,1.1528787354332526,1.016145878548536,66.25,6.996816469008081,0.0,116.02592140702524,-109.02910493801716,0.2677418285612674,0.016145878548535997,False,False
2020-07-06,482.2,0.9059518871837412,0.6634504230664965,1.0360846121941103,0.9798943975134222,17.399999999999977,9.694921519027787,45.349999999999966,162.2842059973354,-152.5892844783076,0.3365495769335035,-0.020105602486577778,False,True
2020-07-07,465.2,0.9390584694754944,0.7111038469952415,1.073946689595873,0.9993245771012437,34.40000000000009,0.3142067325014182,28.349999999999966,134.3944903778136,-134.0802836453122,0.28889615300475846,-0.0006754228987563282,False,True
2020-07-08,462.25,0.9450513791238508,0.6274472133217845,1.080800432666306,1.0421718009212075,37.349999999999966,19.493914975828204,25.39999999999992,172.21252564200512,-152.71861066617691,0.37255278667821545,0.042171800921207536,False,False
2020-07-09,463.8,0.9418930573523072,0.6565499052269528,1.0771884432945236,1.0202487941210234,35.80000000000001,9.39139071333068,26.949999999999932,159.2921539557393,-149.90076324240863,0.3434500947730472,0.020248794121023428,False,False
2020-07-10,453.1,0.9641359523284044,0.6720137048589526,1.1026263517987198,1.0232611575713584,46.49999999999994,10.539630495582458,16.249999999999943,148.6105903284086,-138.07095983282613,0.3279862951410474,0.023261157571358382,False,False
2020-07-13,451.7,0.9671241974762008,0.6766006791323741,1.1060438344033652,1.0467813522809672,47.900000000000034,21.13113682531292,14.85000000000008,146.07947323590662,-124.9483364105937,0.3233993208676259,0.04678135228096725,False,False
2020-07-14,441.05,0.9904772701507766,0.6942287000359469,1.1327513887314364,1.0440835448110075,58.55000000000007,19.443047438894837,4.199999999999989,134.86043184914558,-115.41738441025075,0.30577129996405306,0.04408354481100751,False,False
2020-07-15,436.85,1.0,0.694123658960066,1.1436419823738124,1.044552770518315,62.74999999999994,19.462877800925924,0.0,133.62207958329515,-114.15920178236922,0.305876341039934,0.04455277051831508,False,False
2020-07-16,444.7,1.0,0.6934166609464841,1.1234540139419835,1.012646372779571,54.90000000000009,5.623841975075209,0.0,136.33761087709848,-130.71376890202328,0.30658333905351587,0.012646372779570925,False,False
2020-07-17,449.1,0.99855266087731,0.7005247549177125,1.1813627254509016,1.0273984321007905,81.44999999999993,12.30463585646504,0.650000000000091,134.49433256645534,-122.1896967099903,0.2994752450822875,0.027398432100790515,False,False
2020-07-20,448.45,1.0,0.700693401049631,1.1830750362359237,1.0247401352533632,82.09999999999997,11.094713654370707,0.0,134.22404429929298,-123.12933064492228,0.29930659895036904,0.02474013525336316,False,False
2020-07-21,450.0,1.0,0.6877911785253544,1.1789999999999998,1.048206127630286,80.54999999999995,21.692757433628742,0.0,140.49396966359052,-118.80121222996178,0.31220882147464557,0.04820612763028609,False,False
2020-07-22,457.45,0.9910372718329872,0.6950901866991529,1.1597988851240573,1.0138930194505662,73.09999999999997,6.3553617476615045,4.100000000000023,139.48099409447252,-133.12563234681102,0.3049098133008471,0.013893019450566202,False,False
2020-07-23,464.0,0.9770474137931034,0.6735970700475579,1.1434267241379308,1.035230533693797,66.54999999999984,16.34696763392185,10.649999999999977,151.45095949793313,-135.10399186401128,0.32640292995244213,0.03523053369379703,False,False
2020-07-24,454.45,0.9975794916932555,0.6724844354808385,1.1674551655847727,1.0149923115248636,76.09999999999997,6.8132559724742805,1.1000000000000227,148.83944829573295,-142.02619232325867,0.32751556451916153,0.014992311524863577,False,False
2020-07-27,453.35,1.0,0.6760307243288041,1.1702878570640785,1.0234496328767673,77.19999999999993,10.63089106468243,0.0,146.8714711255367,-136.24058006085426,0.32396927567119593,0.023449632876767268,False,False
2020-07-28,459.5,0.9899891186071816,0.6774853493680657,1.1546245919477691,1.0445803979909736,71.04999999999995,20.484692876852364,4.600000000000023,148.1954819653738,-127.71078908852144,0.3225146506319343,0.044580397990973575,False,False
2020-07-29,459.45,0.9900968549352488,0.6744436539826649,1.1547502448579825,1.0348197197451892,71.10000000000008,15.997920236927143,4.5499999999999545,149.57686317766462,-133.57894294073748,0.3255563460173351,0.03481971974518916,False,False
2020-07-30,454.9,1.0,0.6704485414790738,1.166300285777094,1.037379268565902,75.65000000000009,17.00382927062884,0.0,149.9129584811693,-132.90912921054047,0.32955145852092615,0.03737926856590201,False,False
2020-07-31,458.7,1.0,0.6714137986105942,1.156638325703074,1.0181570373442825,71.84999999999997,8.328633029822413,0.0,150.7224905773204,-142.393857547498,0.32858620138940575,0.018157037344282534,False,False
2020-08-03,470.8,0.9830076465590484,0.6681885940417202,1.1269116397621068,1.0331573984993345,59.74999999999994,15.610503213486709,8.0,156.21680992515815,-140.60630671167144,0.33181140595827985,0.03315739849933452,False,False
2020-08-04,467.7,0.9895231986316017,0.663558292153348,1.1343810134701728,1.0240513233666104,62.84999999999985,11.248803938563697,4.89999999999992,157.35378675987909,-146.1049828213154,0.33644170784665195,0.024051323366610422,False,False
2020-08-05,462.8,1.0,0.6552625945844553,1.146391529818496,1.0204511077469933,67.74999999999994,9.464772665308487,0.0,159.54447122631404,-150.07969856100556,0.34473740541554465,0.020451107746993324,False,False
2020-08-06,463.45,1.0,0.6572992542626739,1.144783687560686,1.0384940064962902,67.09999999999997,17.8400473107057,0.0,158.8246606119638,-140.9846133012581,0.3427007457373261,0.0384940064962902,False,False
2020-08-07,463.6,1.0,0.6544077343776161,1.1444132873166522,1.0314659894960176,66.94999999999993,14.58763273035379,0.0,160.21657434253717,-145.62894161218338,0.3455922656223839,0.03146598949601764,False,False
2020-08-10,464.65,1.0,0.6595304127045197,1.1536640482083291,1.0104030262724746,71.40000000000009,4.833766157505295,0.0,158.1991937368449,-153.3654275793396,0.34046958729548027,0.01040302627247458,False,False
2020-08-11,468.35,1.0,0.6537777500038959,1.1445500160136648,1.0263687912338024,67.69999999999993,12.349823374351388,0.0,162.15319078567535,-149.80336741132396,0.34622224999610407,0.026368791233802424,False,False
2020-08-12,475.9,0.9982139104853962,0.6450900955242755,1.1263920991805,1.0077628119850843,60.14999999999998,3.694322223701647,0.8499999999999659,168.90162353999727,-165.20730131629563,0.35490990447572446,0.007762811985084328,False,True
2020-08-13,490.1,0.9692919812283208,0.628480930867003,1.0937563762497449,0.9947866777168338,45.94999999999993,2.555049250979721,15.049999999999955,182.08149578208184,-179.52644653110212,0.37151906913299704,-0.005213322283166177,False,True
2020-08-14,484.35,0.9807990089811088,0.6288240489655066,1.106740993083514,0.9946718401357539,51.69999999999993,2.580694230247559,9.299999999999955,179.77907188355687,-177.1983776533093,0.3711759510344934,-0.005328159864246063,False,True
2020-08-17,482.65,0.9842535999171242,0.6153141213379503,1.11063917952968,1.0333180383420966,53.39999999999998,16.08095120581288,7.599999999999966,185.6686393362383,-169.58768813042542,0.38468587866204973,0.03331803834209657,False,False
2020-08-18,477.95,0.9939324197091748,0.6231547987596842,1.1215608327230882,1.0304902294941607,58.099999999999966,14.572805186734115,2.8999999999999204,180.11316393280896,-165.54035874607484,0.37684520124031584,0.030490229494160692,False,False
2020-08-19,484.65,0.9801918910554008,0.6189030904902559,1.1060559166408748,1.0190379475358184,51.39999999999998,9.226741273234381,9.599999999999966,184.69861719389746,-175.47187592066308,0.38109690950974406,0.019037947535818445,False,False
2020-08-20,499.6,0.9508606885508406,0.6270758211228225,1.0729583666933546,1.0064491626839573,36.44999999999993,3.2220016769051085,24.55000000000001,186.3129197670379,-183.0909180901328,0.37292417887717755,0.0064491626839573435,False,True
2020-08-21,494.25,0.9611532625189682,0.6256351291753712,1.0845725847243295,1.0242005969058143,41.79999999999984,11.961145020698723,19.19999999999999,185.02983740507278,-173.06869238437406,0.37436487082462877,0.02420059690581433,False,False
2020-08-24,489.7,0.9700837247294264,0.5994530788238803,1.09464978558301,1.0190163572444644,46.349999999999966,9.312310142614194,14.64999999999992,196.1478272999458,-186.8355171573316,0.4005469211761197,0.019016357244464377,False,False
2020-08-25,490.35,0.9687977974915876,0.6120907184594644,1.0931987355970223,1.01529008641246,45.69999999999993,7.497493872349821,15.300000000000011,190.21131620340162,-182.7138223310518,0.3879092815405356,0.015290086412460102,False,False
2020-08-26,496.1,0.9575690385003024,0.6078872278147824,1.08052811933078,1.0284154002476362,39.950000000000045,14.096880062852335,21.05000000000001,194.52714628108646,-180.43026621823412,0.39211277218521756,0.028415400247636224,False,False
2020-08-27,489.25,0.9709759836484416,0.6142447025188427,1.0956566172713336,1.0242231448421344,46.799999999999955,11.851173614014272,14.199999999999932,188.73077929265622,-176.87960567864195,0.38575529748115733,0.024223144842134392,False,False
2020-08-28,490.2,0.969094247246022,0.6163597471896667,1.093533251733986,1.0151969856870589,45.849999999999966,7.449562383796263,15.150000000000034,188.06045192762537,-180.6108895438291,0.3836402528103333,0.01519698568705885,False,False
2020-08-31,487.05,0.97536187249769,0.6313747349410483,1.1006056873010983,1.0440767818406447,48.99999999999994,21.467596595485986,12.000000000000057,179.53893534696243,-158.07133875147645,0.36862526505895166,0.044076781840644674,False,False
2020-09-01,486.3,0.9768661320172732,0.6229339942538805,1.1023031050791692,1.0154181362907004,49.74999999999994,7.497839678167622,11.25,183.36719859433794,-175.8693589161703,0.3770660057461195,0.015418136290700435,False,False
2020-09-02,490.3,0.9688965939220884,0.616181492226866,1.0933102182337344,1.0363298236496683,45.74999999999994,17.812512535432347,15.250000000000057,188.18621436116757,-170.37370182573522,0.383818507773134,0.0363298236496683,False,False
2020-09-03,489.85,0.9697866693885884,0.6257719582088148,1.094314586097785,1.0088375558633889,46.19999999999993,4.3290767396810566,14.800000000000011,183.3156062714121,-178.98652953173104,0.3742280417911852,0.008837555863388857,False,True
2020-09-04,490.4,0.968699021207178,0.6156994677329481,1.0930872756933114,1.0183402542054643,45.64999999999998,8.994060662359686,15.349999999999909,188.4609810237622,-179.46692036140252,0.38430053226705185,0.018340254205464257,False,False
2020-09-07,483.0,0.9835403726708076,0.618465407856188,1.1098343685300207,1.0407753153478705,53.049999999999955,19.694477313021423,7.949999999999932,184.28120800546122,-164.5867306924398,0.381534592143812,0.04077531534787049,False,False
2020-09-08,484.05,0.9814068794546018,0.617694335063468,1.1074269187067451,1.0311809567192174,51.99999999999994,15.093142099937154,9.0,185.0550571125283,-169.96191501259113,0.38230566493653195,0.03118095671921739,False,False
2020-09-09,475.05,1.0,0.6187589589380702,1.1284075360488368,1.031928569761972,60.99999999999994,15.16766706542478,0.0,181.10855655646975,-165.94088949104497,0.3812410410619298,0.031928569761972,False,False
2020-09-10,486.4,1.0,0.630923666431034,1.1020764802631575,1.012357427915407,49.649999999999864,6.0106529380539655,0.0,179.518728647945,-173.50807570989105,0.36907633356896596,0.01235742791540706,False,False
2020-09-11,490.55,0.9975537661808176,0.6146981710086659,1.0927530323106716,1.0348762225886228,45.49999999999994,17.10853099084892,1.1999999999999318,189.00981221169894,-171.90128122085002,0.38530182899133414,0.034876222588622774,False,False
2020-09-14,498.7,0.981251253258472,0.6149362318504887,1.0748947262883497,1.0137561213405721,37.349999999999966,6.8601777125433046,9.350000000000023,192.03130117616126,-185.17112346361796,0.38506376814951127,0.013756121340572136,False,False
2020-09-15,530.55,0.9223447365941004,0.5900288024208229,1.0103666006973897,1.0057645611657802,5.500000000000114,3.058387926504679,41.19999999999999,217.5102188756324,-214.45183094912773,0.4099711975791771,0.005764561165780169,False,True
2020-09-16,526.8,0.9289104024297647,0.5930059845308782,1.0175588458618072,0.9993748823756784,9.25,0.3293119644926037,37.44999999999993,214.40444734913336,-214.07513538464076,0.40699401546912184,-0.0006251176243216028,False,True
2020-09-17,521.25,0.938800959232614,0.5370576038945305,1.0283932853717026,1.022311961947465,14.799999999999955,11.630110165116093,31.899999999999977,241.30872396997597,-229.67861380485988,0.4629423961054695,0.022311961947464987,False,False
2020-09-18,528.4,0.92609765329296,0.5462167862383016,1.0144776684330052,1.0101013278658086,7.649999999999977,5.33754164429331,39.049999999999955,239.77905015168142,-234.4415085073881,0.4537832137616984,0.01010132786580864,False,False
2020-09-21,503.35,0.9721863514453164,0.5811317718971598,1.064964736267011,1.0290990357733456,32.69999999999993,14.646999656513458,14.0,210.83732261556463,-196.19032295905117,0.4188682281028402,0.029099035773345605,False,False
2020-09-22,498.85,0.980956199258294,0.5815699577917108,1.0745715144833117,1.0243511500953861,37.200000000000045,12.147571225083368,9.5,208.73382655560505,-196.58625533052168,0.41843004220828917,0.02435115009538613,False,False
2020-09-23,502.15,0.9745096086826648,0.5924664076889261,1.0675097082545055,1.0244575070584667,33.89999999999998,12.281337169409085,12.799999999999898,204.64299337900576,-192.36165620959667,0.4075335923110739,0.02445750705846672,False,False
2020-09-24,490.1,0.998469700061212,0.6101224980116515,1.0937563762497449,1.0283373746364288,45.94999999999993,13.888147309313752,0.75,191.0789637244896,-177.19081641517585,0.3898775019883485,0.028337374636428825,False,False
2020-09-25,496.9,0.9848057959347958,0.41880634426636365,1.078788488629503,1.0269713159416929,39.14999999999998,13.402046891427176,7.5499999999999545,288.7951275340439,-275.3930806426167,0.5811936557336363,0.026971315941692886,False,False
2020-09-28,508.85,0.9616782941927876,0.6054810270194504,1.0534538665618551,1.014130427341358,27.199999999999932,7.190267952650061,19.5,200.75097940115268,-193.56071144850262,0.3945189729805496,0.014130427341358054,False,False
2020-09-29,508.95,0.9614893407996856,0.6060098647350338,1.0532468808330877,1.0179045331404792,27.099999999999966,9.112512141846935,19.600000000000023,200.52127934310454,-191.4087672012576,0.3939901352649662,0.01790453314047924,False,False
2020-09-30,508.1,0.9630978153906712,0.5980471835104046,1.055008856524306,1.0132428483732776,27.949999999999932,6.728691258462391,18.749999999999943,204.23222605836338,-197.503534799901,0.40195281648959535,0.013242848373277605,False,False
2020-10-01,508.8,0.9617727987421384,0.5838177946741767,1.0535573899371071,1.110877722804449,27.250000000000057,56.414585362903665,19.44999999999999,211.7535060697789,-155.33892070687523,0.4161822053258233,0.11087772280444907,False,False
2020-10-05,509.8,0.959886229894076,0.585367319099398,1.051490780698313,1.0983518137544541,26.249999999999943,50.13975465202071,20.450000000000045,211.37974072312693,-161.23998607110622,0.414632680900602,0.09835181375445412,False,False
2020-10-06,528.0,0.9267992424242424,0.5849565767016383,1.015246212121212,1.0648701215495098,8.049999999999955,34.25142417814118,38.650000000000034,219.14292750153498,-184.8915033233938,0.41504342329836175,0.06487012154950977,False,False
2020-10-07,536.05,0.9128812610763922,0.5595411736563718,1.0,1.0822644537613888,0.0,44.09786043879251,46.69999999999993,236.10795386150187,-192.01009342270936,0.4404588263436282,0.0822644537613888,False,False
2020-10-08,529.7,0.923824806494242,0.5623111035429575,1.0073626581083632,1.0829997974843617,3.8999999999999773,43.96499272746644,40.35000000000002,231.84380845329542,-187.87881572582899,0.43768889645704245,0.0829997974843617,False,False
2020-10-09,532.4,0.9191397445529678,0.5493459943744345,1.0022539444027048,1.0906809097523142,1.2000000000000455,48.2785163521321,43.049999999999955,239.92819259505103,-191.64967624291893,0.45065400562556546,0.09068090975231424,False,False
2020-10-12,530.5,0.9224316682375118,0.5545106823959061,1.0058435438265787,1.0930249341054696,3.1000000000000227,49.349727542951655,41.150000000000034,236.33208298897182,-186.98235544602016,0.44548931760409394,0.09302493410546964,False,False
2020-10-13,533.5,0.917244611059044,0.559798785918008,1.0001874414245548,1.0744687888615474,0.10000000000002274,39.72909885763556,44.150000000000034,234.8473477127427,-195.11824885510714,0.440201214081992,0.0744687888615474,False,False
2020-10-14,532.45,0.9190534322471592,0.5427538428778367,1.0021598272138228,1.1054260947351122,1.1499999999999773,56.13412414171046,43.10000000000008,243.46071635969588,-187.32659221798542,0.4572461571221633,0.10542609473511222,False,False
2020-10-15,527.9,0.9269748058344384,0.5525841191152869,1.0107974995264255,1.0906737286703563,5.7000000000000455,47.866661365081086,38.55000000000001,236.19084351904002,-188.32418215395893,0.44741588088471307,0.09067372867035628,False,False
2020-10-16,526.35,0.9297045692030018,0.5519020945535769,1.0137741046831956,1.0922881824290658,7.25,48.57588482153881,37.0,235.85633253172483,-187.28044771018602,0.44809790544642314,0.09228818242906578,False,False
2020-10-19,533.6,0.9170727136431784,0.5475688913386993,1.0446964017991005,1.0916431459678724,23.850000000000023,48.90078268845673,44.25,241.41723958167006,-192.51645689321333,0.45243110866130065,0.09164314596787237,False,False
2020-10-20,529.75,0.9237376120811704,0.5555134387074099,1.0522888154789996,1.090629973211855,27.700000000000045,48.01122830898021,40.39999999999998,235.46675584474963,-187.45552753576942,0.4444865612925901,0.09062997321185495,False,False
2020-10-21,530.65,0.9221709224535948,0.5477981699596728,1.0505040987468202,1.091730242505284,26.800000000000068,48.676653185428904,41.299999999999955,239.9609011108996,-191.2842479254707,0.4522018300403272,0.09173024250528394,False,False
2020-10-22,511.95,0.9558550639710908,0.5622143397761616,1.0888758667838658,1.0884739763681837,45.50000000000006,45.29425220169168,22.60000000000008,224.12436875159403,-178.83011654990236,0.43778566022383836,0.08847397636818366,False,False
2020-10-23,521.8,0.9378114220007668,0.5500999915847287,1.0683211958604828,1.0984669992849048,35.64999999999998,51.380080226863356,32.449999999999875,234.75782439108855,-183.3777441642252,0.44990000841527134,0.09846699928490477,False,False
2020-10-26,518.05,0.944599942090532,0.5749115362714428,1.0760544349001064,1.0919793722990285,39.40000000000009,47.64991381951177,28.699999999999875,220.21707863457908,-172.56716481506731,0.42508846372855724,0.09197937229902853,False,False
2020-10-27,521.6,0.9381710122699386,0.5515325203891299,1.068730828220859,1.1018707554845713,35.85000000000002,53.135786060752366,32.25000000000006,233.92063736502985,-180.78485130427748,0.4484674796108701,0.10187075548457125,False,False
2020-10-28,523.45,0.9348552870379214,0.5622079548237158,1.0649536727481137,1.0870044090275748,34.000000000000114,45.54245790548407,34.10000000000002,229.16224604752603,-183.61978814204195,0.43779204517628423,0.08700440902757478,False,False
2020-10-29,522.05,0.9373623216167036,0.5523596095184538,1.0678095967819177,1.0882059590734996,35.40000000000009,46.04792093432047,32.699999999999875,233.6906658508912,-187.64274491657073,0.44764039048154625,0.0882059590734996,False,False
2020-10-30,515.4,0.9494567326348468,0.5664804989947647,1.0815871168024835,1.1001592025647047,42.05000000000007,51.622053001848826,26.049999999999955,223.43595081809826,-171.81389781624944,0.4335195010052353,0.10015920256470467,False,False
2020-11-02,512.9,0.954084616884383,0.5572279416133543,1.0868590368492883,1.1025286045665745,44.549999999999955,52.586921282196045,23.549999999999955,227.09778874651056,-174.51086746431452,0.4427720583866457,0.10252860456657453,False,False
2020-11-03,526.75,0.928998576174656,0.5544855703713252,1.0582819174181302,1.0962917757189752,30.700000000000045,50.721692859970176,37.39999999999998,234.67472580690446,-183.9530329469343,0.4455144296286748,0.09629177571897518,False,False
2020-11-04,523.7,0.934409012793584,0.5687711516171194,1.0644452931067403,1.090858032734743,33.749999999999886,47.58235174318497,34.35000000000008,225.83454789811458,-178.2521961549296,0.43122884838288056,0.09085803273474302,False,False
2020-11-05,511.75,0.956228627259404,0.5541473665599028,1.0893014167073771,1.1048612393311943,45.70000000000027,53.66273922773871,22.399999999999977,228.16508516296972,-174.502345935231,0.4458526334400972,0.10486123933119429,False,False
2020-11-06,502.4,0.9740246815286624,0.5698455847040551,1.1095740445859874,1.1018206070405014,55.05000000000007,51.154672977147925,13.050000000000011,216.10957824468272,-164.9549052675348,0.4301544152959449,0.10182060704050144,False,False
2020-11-09,498.5,0.9816449348044132,0.5770745566048585,1.1182547642928786,1.1139000904267267,58.950000000000045,56.779195077723216,9.150000000000034,210.82833353247804,-154.04913845475483,0.4229254433951415,0.11390009042672666,False,False
2020-11-10,489.35,1.0,0.6034019689942107,1.1391641974047206,1.1070305547962112,68.10000000000002,52.375401989525926,0.0,194.07524647268298,-141.69984448315705,0.3965980310057893,0.10703055479621115,False,False
2020-11-11,500.7,0.9847213900539246,0.5905755455338106,1.1133413221489916,1.0935617160092623,56.75000000000006,46.84635120583761,7.649999999999977,204.998824351221,-158.1524731453834,0.40942445446618936,0.09356171600926233,False,False
2020-11-12,498.7,0.9886705434128736,0.6119981332610076,1.1178062963705635,1.106013877066696,58.75000000000006,52.86912049316135,5.64999999999992,193.4965309427355,-140.62741044957414,0.3880018667389924,0.10601387706669607,False,False
2020-11-13,493.05,1.0,0.6101380964268759,1.1306155562316196,1.1136496868346524,64.40000000000003,56.03497809382537,0.0,192.22141155672887,-136.1864334629035,0.3898619035731241,0.11364968683465237,False,False
2020-11-14,501.5,1.0,0.6120147307834505,1.1115653040877371,1.107206576861758,55.95000000000016,53.76409829617171,0.0,194.57461251209958,-140.81051421592787,0.3879852692165495,0.10720657686175805,False,False
2020-11-17,505.0,1.0,0.6160935285044782,1.103861386138614,1.0945793053933917,52.450000000000045,47.762549223662745,0.0,193.8727681052385,-146.11021888157575,0.3839064714955218,0.09457930539339165,False,False
2020-11-18,511.0,0.9974559686888452,0.5863455904899504,1.0909001956947164,1.0902958039333044,46.450000000000045,46.14115580991859,1.3000000000000682,211.37740325963534,-165.23624744971676,0.4136544095100496,0.09029580393330439,False,False
2020-11-19,514.45,0.9907668383710758,0.5818823325048121,1.0835844105355237,1.0722334999721461,43.000000000000114,37.16052406067058,4.750000000000057,215.1006340428994,-177.94010998222882,0.41811766749518786,0.07223349997214612,False,False
2020-11-20,512.35,0.9948277544647212,0.5919765047014469,1.088025763638138,1.0867918649257735,45.10000000000002,44.46781199472002,2.650000000000091,209.0508378162137,-164.58302582149366,0.4080234952985531,0.08679186492577351,False,False
2020-11-23,511.85,0.9957995506496043,0.5778369740144753,1.0890886001758329,1.1020316142705329,45.60000000000002,52.2248817643723,2.150000000000034,216.08414485069085,-163.85926308631855,0.4221630259855247,0.10203161427053287,False,False
2020-11-24,517.7,0.9845470349623332,0.5790480209021653,1.076781920030906,1.1028689945392407,39.75,53.25527847296496,8.000000000000114,217.926839578949,-164.67156110598404,0.42095197909783466,0.1028689945392407,False,False
2020-11-25,509.7,1.0,0.607372477114877,1.0936825583676677,1.0876556950740188,47.75000000000017,44.678107779227446,0.0,200.1222484145472,-155.44414063531974,0.39262752288512304,0.08765569507401882,False,False
2020-11-26,511.1,0.997260810017609,0.571313273193965,1.0906867540598708,1.1002399847429503,46.35000000000002,51.232656202121916,1.400000000000034,219.10178607056451,-167.8691298684426,0.42868672680603503,0.10023998474295026,False,False
2020-11-27,509.9,0.9996077662286724,0.5805335301834582,1.0932535791331637,1.1086386673191622,47.55000000000018,55.39485646604078,0.1999999999999318,213.88595295945464,-158.49109649341386,0.4194664698165418,0.10863866731916216,False,False
2020-12-01,509.7,1.0,0.5849297317658204,1.0936825583676677,1.1004478591060076,47.75000000000017,51.198273786332095,0.0,211.56131571896134,-160.36304193262924,0.4150702682341796,0.10044785910600762,False,False
2020-12-02,509.75,1.0,0.5822612271425853,1.093575282000981,1.106303051890002,47.700000000000045,54.18798070092862,0.0,212.94233946406712,-158.7543587631385,0.4177387728574147,0.10630305189000211,False,False
2020-12-03,513.4,1.0,0.579630074879061,1.0858005453837165,1.0999734801333738,44.05000000000007,51.32638470047414,0.0,215.81791955709008,-164.49153485661594,0.42036992512093896,0.09997348013337382,False,False
2020-12-04,520.1,0.9985579696212268,0.572574271516088,1.071813112862911,1.0918270391569624,37.35000000000002,47.759243065536225,0.75,222.30412138448264,-174.54487831894642,0.427425728483912,0.09182703915696244,False,False
2020-12-07,519.35,0.9783383074997594,0.5667717554067486,1.0733609319341484,1.0925440084597269,38.10000000000002,48.062730793559126,11.25,224.99708882950512,-176.934358035946,0.4332282445932514,0.09254400845972688,False,False
2020-12-08,528.3,0.9617641491576756,0.5551054827971991,1.0551769827749389,1.0979006358127816,29.150000000000205,51.7209058998925,20.19999999999999,235.0377734382397,-183.3168675383472,0.44489451720280093,0.09790063581278163,False,False
2020-12-09,529.45,0.959675134573614,0.5510067797444389,1.0528850694116536,1.0817954498956979,28.0,43.306600947277275,21.35000000000008,237.71946046430685,-194.41285951702957,0.4489932202555611,0.08179544989569787,False,False
2020-12-10,524.4,0.9556636155606408,0.5589302110524186,1.0630244088482077,1.069450062397097,33.05000000000007,36.41961272103765,23.249999999999943,231.29699732411171,-194.87738460307406,0.4410697889475814,0.06945006239709706,False,False
2020-12-11,524.8,0.9386432926829268,0.5552927001028471,1.0622141768292686,1.0928979773881846,32.65000000000009,48.75285853331923,32.200000000000045,233.38239098602577,-184.62953245270654,0.44470729989715285,0.09289797738818462,False,False
2020-12-14,528.1,0.9327778829767088,0.5441603985165704,1.0555765953417913,1.0945803927566904,29.350000000000023,49.94790541480825,35.50000000000006,240.72889354339918,-190.78098812859093,0.4558396014834296,0.09458039275669039,False,False
2020-12-15,527.4,0.9340159271899888,0.547652881150589,1.056977626090254,1.085092309402366,30.049999999999955,44.877683978807795,34.7999999999999,238.56787048117934,-193.69018650237155,0.45234711884941103,0.0850923094023659,False,False
2020-12-16,529.55,0.9302237749032198,0.550842893817959,1.052686243036541,1.0933890759858285,27.900000000000205,49.45418518829547,36.94999999999993,237.8511455786998,-188.39696039040433,0.44915710618204097,0.09338907598582846,False,False
2020-12-17,549.6,0.8962882096069869,0.5085054690227064,1.014283114992722,1.1106716056059658,7.850000000000023,60.82511444103875,57.00000000000006,270.12539422512054,-209.3002797840818,0.49149453097729356,0.11067160560596578,False,False
2020-12-18,557.45,0.8836666965647143,0.5181046213464224,1.0,1.0908078143526478,0.0,50.62081611088354,64.85000000000002,268.63257883043684,-218.0117627195533,0.48189537865357757,0.09080781435264784,False,False
2020-12-21,525.7,0.9222940840783715,0.5397628343492256,1.0425147422484304,1.0920467027248373,22.34999999999991,48.38895162244694,40.85000000000008,241.94667798261213,-193.5577263601652,0.46023716565077444,0.09204670272483728,False,False
2020-12-22,527.3,0.9194955433339655,0.5224961975250813,1.0393514128579555,1.0809024394598818,20.749999999999886,42.65985632719571,42.44999999999999,251.78775504502465,-209.12789871782894,0.47750380247491875,0.08090243945988185,False,False
2020-12-23,531.7,0.911886402106451,0.5536249250174294,1.030750423170961,1.0981694697313478,16.34999999999991,52.19670705615761,46.85000000000002,237.3376273682328,-185.1409203120752,0.44637507498257056,0.09816946973134777,False,False
2020-12-24,533.1,0.9084599512286624,0.5751366491272538,1.0280435190395796,1.0825157674115273,14.949999999999818,43.989155607085195,48.80000000000007,226.494652350261,-182.5054967431758,0.4248633508727462,0.08251576741152733,False,False
2020-12-28,530.2,0.9127687665032064,0.5502544242358653,1.0336665409279515,1.0903138730150403,17.84999999999991,47.88441547257435,46.25,238.4551042701442,-190.57068879756986,0.44974557576413465,0.09031387301504035,False,False
2020-12-29,536.1,0.9027233725051296,0.5396119853583048,1.022290617422123,1.1013781680649297,11.950000000000045,54.348835899608844,52.150000000000034,246.8140146494128,-192.46517874980395,0.4603880146416952,0.10137816806492972,False,False
2020-12-30,535.35,0.903988045204072,0.5505109448913212,1.0237227981694217,1.0972971511589558,12.699999999999932,52.088029872947004,51.400000000000034,240.6339656524312,-188.54593577948418,0.44948905510867876,0.09729715115895576,False,False
2020-12-31,535.05,0.8968320717689937,0.5409977526686649,1.024296794692085,1.1017671199306005,13.0,54.45049751886779,55.19999999999993,245.58915243463082,-191.13865491576303,0.4590022473313351,0.1017671199306005,False,False
2021-01-01,539.0,0.8902597402597403,0.5411335075139341,1.0167903525046382,1.0192813826939509,9.049999999999955,10.392665272039494,59.14999999999998,247.32903944998952,-236.93637417795003,0.4588664924860659,0.019281382693950855,False,False
2021-01-04,542.2,0.8850055330136479,0.5383202094070845,1.0107893766137954,1.0121842912523746,5.849999999999909,6.6063227170375285,62.35000000000008,250.32278245947884,-243.71645974244132,0.46167979059291553,0.012184291252374635,False,False
2021-01-05,540.55,0.8877069651281104,0.5325889952358414,1.0138747571917492,1.01346034916082,7.5,7.2759917388813165,60.69999999999993,252.65901862526596,-245.38302688638464,0.46741100476415864,0.013460349160820062,False,False
2021-01-06,534.45,0.8978388998035363,0.5428560710657808,1.0254467209280569,1.0190340167771776,13.600000000000023,10.172730266562553,54.60000000000002,244.32057281889348,-234.14784255233093,0.4571439289342192,0.019034016777177643,False,False
2021-01-07,529.85,0.9056336699065772,0.5362611662483889,1.0343493441540057,1.0248154019433966,18.199999999999932,13.148440719708674,50.00000000000006,245.71202106329116,-232.5635803435825,0.46373883375161107,0.024815401943396598,False,False
2021-01-08,536.05,0.8951590336722322,0.5369250032568311,1.0223859714578865,1.0186343472641515,12.0,9.988941850948436,56.19999999999993,248.23135200417568,-238.24241015322724,0.4630749967431689,0.018634347264151474,False,False
2021-01-11,532.65,0.9008729935229514,0.5474271071314629,1.028912043555806,1.0209647298948308,15.399999999999977,11.166863378481594,52.799999999999955,241.06295138642628,-229.89608800794468,0.4525728928685371,0.02096472989483078,False,False
2021-01-12,529.25,0.906660368445914,0.5421998443819056,1.0355219650448748,1.0266355832214538,18.799999999999955,14.096882419954454,49.39999999999998,242.29073236087646,-228.193849940922,0.4578001556180944,0.026635583221453762,False,False
2021-01-13,530.1,0.9052065647990946,0.5517441882680856,1.0338615355593284,1.0209668979100863,17.949999999999932,11.114552582136753,50.25,237.62040579908785,-226.5058532169511,0.4482558117319144,0.020966897910086324,False,False
2021-01-14,531.0,0.9033898305084744,0.5439470377695055,1.0321092278719397,1.0077059884789517,17.049999999999955,4.091879882323383,51.30000000000007,242.1641229443926,-238.07224306206922,0.4560529622304945,0.007705988478951653,False,True
2021-01-15,543.35,0.8828563540995674,0.5389917459055269,1.0086500414097723,1.0084538644682488,4.699999999999818,4.5934072588229355,63.650000000000034,250.48883486223195,-245.89542760340902,0.4610082540944731,0.008453864468248806,False,True
2021-01-18,538.7,0.8904770744384629,0.5176328123184413,1.017356599220345,1.0112412054562556,9.349999999999909,6.055637379284917,59.00000000000006,259.8512040040557,-253.7955666247708,0.48236718768155873,0.01124120545625562,False,False
2021-01-19,543.75,0.8822068965517241,0.5061423256317399,1.0079080459770111,1.0193674744357013,4.299999999999841,10.531064224412603,64.05000000000001,268.5351104377414,-258.0040462133288,0.4938576743682601,0.019367474435701304,False,False
2021-01-20,544.95,0.8802642444260941,0.5131492658183263,1.005688595283971,1.0142224042280703,3.099999999999909,7.750499184086948,65.25000000000006,265.30930759230307,-257.5588084082161,0.4868507341816737,0.014222404228070307,False,False
2021-01-21,548.05,0.8752851017242953,0.5143433757896294,1.0,1.006909784083952,0.0,3.786907167209961,68.34999999999997,266.16411289849356,-262.3772057312836,0.4856566242103706,0.006909784083952042,False,True
2021-01-22,540.0,0.8883333333333333,0.5068467454257541,1.0038888888888888,1.0093918781010687,2.1000000000000227,5.071614174577121,60.30000000000001,266.3027574700928,-261.23114329551566,0.49315325457424586,0.009391878101068674,False,True
2021-01-25,541.1,0.8865274440953612,0.5064912625033444,1.0018480872297173,1.0225239328098819,1.0,12.187700043427071,61.400000000000034,267.0375778594403,-254.84987781601325,0.4935087374966556,0.022523932809881853,False,False
2021-01-27,532.5,0.9008450704225353,0.5258223289128436,1.0180281690140849,1.0109354128757129,9.60000000000025,5.823107356317109,52.799999999999955,252.49960985391078,-246.67650249759367,0.47417767108715636,0.010935412875712869,False,False
2021-01-28,530.55,0.904156064461408,0.5235188458746873,1.021769861464518,1.0254838608143964,11.550000000000068,13.520462355077939,50.85000000000002,252.7970763211846,-239.27661396610665,0.47648115412531267,0.025483860814396353,False,False
2021-01-29,534.95,0.8967193195625759,0.5289917127346497,1.0133657351154313,1.0210348420328657,7.149999999999977,11.25258874548149,55.25000000000006,251.96588327259917,-240.71329452711768,0.47100828726535027,0.021034842032865653,False,False
2021-02-01,542.1,0.8848920863309352,0.5267097121008775,1.0,1.013233015583451,0.0,7.173617747788853,62.400000000000034,256.57066507011433,-249.39704732232548,0.47329028789912253,0.013233015583451024,False,False
2021-02-02,529.8,0.905436013590034,0.5293489481073033,1.0037750094375235,1.022736168277942,2.0,12.045621953653608,50.099999999999966,249.35092729275073,-237.30530533909712,0.47065105189269674,0.022736168277941893,False,False
2021-02-03,531.65,0.902285338098373,0.5261797251372688,1.000282140505972,1.021203815642532,0.15000000000009095,11.273008586352148,51.94999999999999,251.906549130771,-240.63354054441885,0.47382027486273115,0.021203815642532042,False,False
2021-02-04,531.8,0.9020308386611507,0.5363261507351031,1.0,1.0198512098397632,0.0,10.556873392786088,52.10000000000002,246.5817530390721,-236.02487964628602,0.46367384926489685,0.019851209839763184,False,False
2021-02-05,508.1,0.9441054910450698,0.564432558664075,1.0321787049793347,1.0224960520290372,16.350000000000023,11.43024403595382,28.400000000000034,221.31181694278348,-209.88157290682966,0.43556744133592495,0.02249605202903715,False,False
2021-02-08,501.15,0.9571984435797666,0.5685292464813609,1.0464930659483191,1.0426181928951268,23.300000000000182,21.35810736939277,21.44999999999999,216.23156812586598,-194.8734607564732,0.43147075351863906,0.042618192895126805,False,False
2021-02-09,492.6,0.9738124238733252,0.6031614523856352,1.0646569224522942,1.041353017617657,31.850000000000136,20.37049647845788,12.899999999999977,195.4826685548361,-175.11217207637822,0.39683854761436477,0.041353017617657084,False,False
2021-02-10,503.35,0.9530148008344094,0.5936868445558703,1.0419191417502731,1.0389920571666549,21.100000000000023,19.62665197483568,23.650000000000034,204.5177267928027,-184.89107481796702,0.4063131554441297,0.03899205716665488,False,False
2021-02-11,502.35,0.9549119140041804,0.6116265111773984,1.0439932318104908,1.0358935762206414,22.100000000000023,18.031138014439193,22.649999999999977,195.0994221100339,-177.06828409559472,0.3883734888226016,0.03589357622064138,False,False
2021-02-12,501.3,0.956912028725314,0.5997081286876229,1.0461799321763416,1.0423760758357545,23.150000000000034,21.243126816463757,21.60000000000008,200.66631508889463,-179.42318827243088,0.4002918713123771,0.042376075835754534,False,False
2021-02-15,497.7,0.9638336347197106,0.6035780234190116,1.0537472372915413,1.0405039632188857,26.750000000000057,20.158822494039384,18.0,197.29921774435792,-177.14039525031853,0.39642197658098843,0.04050396321888572,False,False
2021-02-16,494.95,0.9691888069501968,0.6115958120407532,1.0596019799979797,1.0406451621480572,29.500000000000057,20.117323005180936,15.250000000000057,192.2406528304292,-172.12332982524828,0.3884041879592468,0.040645162148057246,False,False
2021-02-17,493.5,0.9720364741641336,0.6081442692537129,1.0627152988855115,1.043149190173324,30.949999999999932,21.29412535053541,13.800000000000068,193.3808031232927,-172.0866777727573,0.3918557307462871,0.04314919017332408,False,False
2021-02-18,484.85,0.9893781581932556,0.6099222090765348,1.0816747447664226,1.0490943172649467,39.60000000000002,23.80337972590945,5.150000000000034,189.1292169292421,-165.32583720333264,0.3900777909234652,0.04909431726494673,False,False
2021-02-19,484.85,0.9893781581932556,0.6179272482792852,1.0816747447664226,1.0465024348228875,39.60000000000002,22.546705523876994,5.150000000000034,185.24797367178854,-162.70126814791155,0.38207275172071475,0.04650243482288752,False,False
2021-02-22,484.3,0.9905017551104688,0.633513727483704,1.0829031591988438,1.0579998475797372,40.150000000000034,28.089326182866728,4.599999999999966,177.48930177964212,-149.3999755967754,0.36648627251629595,0.057999847579737196,False,False
2021-02-23,483.95,0.9912181010434964,0.6388520059820308,1.0836863312325655,1.0528113341170489,40.50000000000006,25.558045145945812,4.249999999999943,174.77757170499615,-149.21952655905034,0.36114799401796915,0.05281133411704886,False,False
2021-02-24,485.25,0.9885625965996908,0.6324417423393748,1.0807831014940754,1.0494672609188722,39.200000000000045,24.003988360882715,5.550000000000011,178.3576445298184,-154.3536561689357,0.3675582576606252,0.04946726091887221,False,False
2021-02-25,484.05,0.9910133250697242,0.6344049636740517,1.0834624522260097,1.052185830625564,40.400000000000034,25.26055131430428,4.350000000000023,176.96627733357525,-151.70572601927097,0.36559503632594825,0.052185830625564034,False,False
2021-02-26,486.55,0.9859212824992292,0.6312384501605217,1.0778953858801767,1.0509854996413495,37.900000000000034,24.806994850498597,6.850000000000023,179.42093207439814,-154.61393722389954,0.3687615498394783,0.05098549964134946,False,False
2021-03-01,479.85,0.9996874023132228,0.6507627451797797,1.0929457122017296,1.047555650064386,44.60000000000002,22.819578683395548,0.1500000000000341,167.58149672548268,-144.76191804208713,0.3492372548202203,0.04755565006438589,False,False
2021-03-02,492.8,0.9734172077922078,0.6253973265923967,1.0642248376623378,1.046296405242177,31.650000000000034,22.814868503344826,13.100000000000023,184.60419745526696,-161.78932895192213,0.37460267340760334,0.04629640524217704,False,False
2021-03-03,492.2,0.9746038195855344,0.6324695135274548,1.0655221454693216,1.0454387484746885,32.25000000000006,22.36495199924167,12.499999999999943,180.8985054417867,-158.53355344254504,0.36753048647254516,0.04543874847468854,False,False
2021-03-04,504.1,0.9515969053759176,0.5975705812025256,1.0403689744098394,1.0165059125111968,20.350000000000023,8.320630496894296,24.399999999999977,202.86467001580684,-194.54403951891254,0.4024294187974744,0.01650591251119682,False,False
2021-03-05,498.3,0.9626730885009028,0.6075250094162452,1.0524784266506122,1.044227713569566,26.150000000000034,22.038669671714672,18.600000000000136,195.570287807885,-173.53161813617032,0.3924749905837548,0.044227713569565896,False,False
2021-03-08,495.85,0.9674296662297064,0.5885450304409174,1.05767873348795,1.0465686127661566,28.600000000000023,23.09104664009874,16.15000000000009,204.01994665587108,-180.92890001577234,0.41145496955908256,0.04656861276615665,False,False
2021-03-09,488.35,0.982287293949012,0.6011856856701585,1.073922391727245,1.0497131293594677,36.10000000000002,24.277406722696014,8.649999999999977,194.7609704029781,-170.4835636802821,0.3988143143298415,0.0497131293594677,False,False
2021-03-10,491.3,0.9763891715855892,0.5998652805053362,1.0674740484429066,1.0472928627143163,33.150000000000034,23.234983451543656,11.600000000000023,196.58618768772834,-173.35120423618469,0.40013471949466384,0.04729286271431632,False,False
2021-03-12,485.85,0.9873417721518988,0.6182402820465591,1.079448389420603,1.047151381935951,38.60000000000002,22.90849891358181,6.149999999999977,185.47795896767929,-162.56946005409748,0.3817597179534409,0.04715138193595103,False,False
2021-03-15,479.7,1.0,0.6107547394694606,1.093287471336252,1.056810962396829,44.75000000000006,27.252218661758832,0.0,186.72095147649975,-159.46873281474092,0.3892452605305394,0.05681096239682892,False,False
2021-03-16,484.0,0.9944214876033058,0.6269320558239406,1.0835743801652893,1.0496242437001746,40.450000000000045,24.018133950884533,2.6999999999999886,180.56488498121274,-156.5467510303282,0.3730679441760594,0.0496242437001746,False,False
2021-03-17,481.3,1.0,0.6298706755766212,1.0896530230625392,1.0506896981092322,43.15000000000015,24.396951699973442,0.0,178.14324384497218,-153.74629214499873,0.37012932442337876,0.050689698109232184,False,False
2021-03-18,487.45,0.9911785824187096,0.6190355445647795,1.0759052210483129,1.053267999253836,37.00000000000006,25.965486236282402,4.300000000000011,185.70112380189823,-159.73563756561583,0.3809644554352205,0.053267999253836074,False,False
2021-03-19,491.25,0.9835114503816792,0.6134400868402055,1.0675826972010178,1.0444994261954117,33.200000000000045,21.860343118495962,8.10000000000008,189.89755733974908,-168.03721422125312,0.38655991315979454,0.044499426195411695,False,False
2021-03-22,496.05,0.9739945570003024,0.6142653731003065,1.0572522931156134,1.0302248418104762,28.400000000000034,14.993032780086764,12.900000000000034,191.34366167359298,-176.3506288935062,0.3857346268996935,0.030224841810476244,False,False
2021-03-23,491.05,0.9839120252520108,0.611114605045981,1.068017513491498,1.035875256264723,33.400000000000034,17.616544588792294,7.900000000000091,190.962173192171,-173.3456286033787,0.38888539495401897,0.0358752562647231,False,False
2021-03-24,490.9,0.9842126706050112,0.602346808516431,1.0683438582195968,1.0432811125935375,33.55000000000007,21.246698172167612,7.75,195.20795169928402,-173.9612535271164,0.39765319148356904,0.04328111259353751,False,False
2021-03-25,485.4,0.9953646477132262,0.6591670067299071,1.0804491141326742,1.0486536941209932,39.05000000000007,23.616503126330088,2.25,165.44033493330306,-141.82383180697298,0.34083299327009287,0.048653694120993185,False,False
2021-03-26,492.2,0.9816131653799268,0.6834913263279447,1.0655221454693216,1.04474469094043,32.25000000000006,22.02333688087964,9.050000000000011,155.7855691813856,-133.76223230050596,0.31650867367205526,0.0447446909404301,False,False
2021-03-30,513.0,0.941812865497076,0.7338263340340466,1.022319688109162,1.0226838099441602,11.45000000000016,11.636794501354188,29.850000000000023,136.54709064053407,-124.91029613917988,0.2661736659659534,0.022683809944160194,False,False
2021-03-31,524.45,0.9212508342072646,0.7630157842877042,1.0,1.0228586155943011,0.0,11.9882009484312,41.30000000000007,124.28637193031352,-112.29817098188232,0.23698421571229578,0.022858615594301135,False,False
2021-04-01,517.8,0.9330822711471612,0.759857231732697,1.0,1.027741915072874,0.0,14.36476362473411,34.64999999999992,124.34592540880948,-109.98116178407537,0.24014276826730296,0.027741915072873935,False,False
2021-04-05,506.9,0.9531465772341684,0.7545660960540442,1.0208127835865064,1.0372024357173375,10.550000000000068,18.857914665118415,23.750000000000057,124.410445910205,-105.55253124508658,0.24543390394595577,0.0372024357173375,False,False
2021-04-06,504.65,0.9573962151986524,0.7626706916038792,1.0253641137421976,1.0404142516364645,12.800000000000068,20.3950520883418,21.500000000000057,119.76823548210234,-99.37318339376054,0.23732930839612076,0.040414251636464504,False,False
2021-04-07,506.7,0.95352279455299,0.765362155318872,1.0212157094927967,1.0353927551130733,10.750000000000057,17.933509015794186,23.549999999999955,118.89099589992759,-100.9574868841334,0.23463784468112803,0.03539275511307327,False,False
2021-04-08,506.55,0.9538051525022208,0.7787779028960216,1.0215181127233246,1.036421939947445,10.900000000000034,18.449533680378238,23.40000000000009,112.0600532880203,-93.61051960764206,0.22122209710397844,0.036421939947445026,False,False
2021-04-09,515.75,0.9367910809500728,0.7649735331407488,1.003296170625303,1.033838709734519,1.7000000000000455,17.452314545578133,32.599999999999966,121.21490028265879,-103.76258573708066,0.23502646685925122,0.03383870973451897,False,False
2021-04-12,503.45,0.9596782202800676,0.781986352707474,1.0278081239447812,1.0273051393023422,14.000000000000057,13.746772381764174,20.30000000000001,109.75897072942223,-96.01219834765806,0.21801364729252604,0.02730513930234224,False,False
2021-04-13,506.4,0.9540876777251184,0.7597004565657051,1.0218206951026858,1.0368762352237628,11.050000000000068,18.67412551731354,23.250000000000057,121.68768879512697,-103.01356327781343,0.24029954343429494,0.03687623522376282,False,False
2021-04-15,498.95,0.9683335003507364,0.7770771985726327,1.0370778635133782,1.032465334585073,18.500000000000057,16.198578691222167,15.800000000000068,111.22733177218493,-95.02875308096276,0.2229228014273673,0.03246533458507295,False,False
2021-04-16,496.9,0.9723284363050916,0.7798576013436507,1.0413564097403905,1.0344729325363216,20.550000000000068,17.12960017729813,13.75,109.38875789233998,-92.25915771504185,0.22014239865634933,0.034472932536321554,False,False
2021-04-19,483.15,1.0,0.7942025878051026,1.070992445410328,1.038763215938753,34.299999999999955,18.728447780808494,0.0,99.43101970196471,-80.70257192115622,0.20579741219489744,0.03876321593875298,False,False
2021-04-20,484.8,1.0,0.782158455513356,1.0673473597359735,1.043012733719831,32.64999999999992,20.85257330737403,0.0,105.60958076712501,-84.75700745975098,0.21784154448664395,0.04301273371983094,False,False
2021-04-22,494.2,0.9921084581141238,0.798235036118904,1.0470457304734926,1.0300040845689122,23.250000000000057,14.828018593956415,3.8999999999999773,99.71224515003763,-84.88422655608122,0.201764963881096,0.030004084568912237,False,False
2021-04-23,500.9,0.9788380914354164,0.789336332332931,1.033040527051308,1.0250881139794086,16.550000000000182,12.566636292285807,10.599999999999909,105.52143113443486,-92.95479484214906,0.210663667667069,0.025088113979408577,False,False
2021-04-26,490.3,1.0,0.7917739934199333,1.055374260656741,1.0294209589772252,27.150000000000034,14.425096186533494,0.0,102.09321102620675,-87.66811483967325,0.20822600658006674,0.029420958977225187,False,False
2021-04-27,505.25,0.9872340425531916,0.7667597777280284,1.024146462147452,1.025110198042162,12.20000000000016,12.68692756080236,6.449999999999932,117.84462230291365,-105.15769474211129,0.2332402222719716,0.02511019804216197,False,False
2021-04-28,499.8,0.997999199679872,0.7863990404325361,1.0353141256502605,1.0282903426801235,17.650000000000148,14.1395132715258,0.9999999999999432,106.75775959181846,-92.61824632029266,0.21360095956746394,0.028290342680123537,False,False
2021-04-29,498.8,1.0,0.7617353718196732,1.0373897353648758,1.0249405938995737,18.650000000000034,12.44036823710735,0.0,118.84639653634702,-106.40602829923967,0.2382646281803268,0.024940593899573704,False,False
2021-04-30,498.8,1.0,0.7739426910208441,1.0373897353648758,1.0373289833333192,18.650000000000034,18.619696886659597,0.0,112.75738571880294,-94.13768883214334,0.22605730897915588,0.03732898333331924,False,False
2021-05-03,500.45,1.0,0.7762756492967791,1.0339694275152365,1.0292324302181397,17.000000000000057,14.629369702668043,0.0,111.96285130942692,-97.33348160675888,0.22372435070322094,0.029232430218139704,False,False
2021-05-04,501.5,1.0,0.7853711070099099,1.0318045862412764,1.0204670909108193,15.950000000000045,10.264246091775874,0.0,107.63638983453018,-97.3721437427543,0.21462889299009014,0.02046709091081933,False,False
2021-05-05,517.45,0.9887911875543528,0.7664444850724236,1.0,1.009942050309007,0.0,5.144513932395739,5.800000000000125,120.85330119927443,-115.70878726687869,0.23355551492757642,0.009942050309007078,False,True
2021-05-06,511.65,1.0,0.7633117511458168,1.006254275383563,1.00817302161698,3.2000000000000455,4.181726510327849,0.0,121.10154252624278,-116.91981601591493,0.23668824885418316,0.00817302161697997,False,True
2021-05-07,514.85,1.0,0.7482997708073836,1.0023307759541609,1.0070757912990973,1.1999999999997044,3.6429711503402586,0.0,129.58786299981853,-125.94489184947827,0.25170022919261636,0.0070757912990973,False,True
2021-05-10,516.05,1.0,0.7446151283330739,1.0304234085844397,1.0044121556293337,15.70000000000016,2.2768929125177237,0.0,131.79136302371722,-129.5144701111995,0.25538487166692614,0.004412155629333725,False,True
2021-05-11,531.75,0.9979313587212036,0.7481934525528464,1.0,0.9995310530514141,0.0,0.24936253991052126,1.099999999999909,133.89813160502393,-133.6487690651134,0.2518065474471536,-0.00046894694858590213,False,True
2021-05-12,530.65,0.9965137096014322,0.7536189206468407,1.0271365306699332,1.0044828526842657,14.399999999999977,2.3788257769056145,1.8500000000000227,130.74211975875397,-128.36329398184836,0.24638107935315934,0.004482852684265737,False,True
2021-05-14,528.8,1.0,0.7169635112670228,1.0307299546142208,1.0119582105458786,16.25,6.32350173666066,0.0,149.66969524199828,-143.34619350533762,0.28303648873297715,0.011958210545878645,False,False
2021-05-17,545.05,1.0,0.7301228530162336,1.0056875516007706,0.9926056893787227,3.1000000000000227,4.030269004127149,0.0,147.09653896350187,-143.06626995937472,0.2698771469837664,-0.007394310621277267,False,True
2021-05-18,548.15,0.9966250114019884,0.7239904366454569,1.0,1.0065945856510607,0.0,3.6148221246289722,1.8500000000000227,151.2946421527928,-147.67982002816382,0.2760095633545431,0.006594585651060747,False,True
2021-05-19,546.3,0.9898407468423944,0.7196158792137214,1.0,0.9996038903395664,0.0,0.21639470749482825,5.5499999999999545,153.173845185544,-152.95745047804917,0.2803841207862786,-0.00039610966043357454,False,True
2021-05-20,540.75,1.0,0.7196089842331155,1.0155339805825243,1.012535801757161,8.399999999999977,6.778734800184793,0.0,151.6214417759428,-144.842706975758,0.2803910157668845,0.01253580175716107,False,False
2021-05-21,549.15,1.0,0.7259378449549422,1.0182099608485842,1.0010289271829347,10.0,0.5650353625085245,0.0,150.5012324429935,-149.936197080485,0.2740621550450578,0.0010289271829346802,False,True
2021-05-24,559.15,0.9883752123759276,0.7325634153350123,1.0,0.9939063134360733,0.0,3.4072848422196103,6.500000000000114,149.53716631542784,-146.12988147320823,0.26743658466498765,-0.006093686563926726,False,True
2021-05-25,552.65,0.9916764679272596,0.7339313280788728,1.0,1.011626428342331,0.0,6.425345623389262,4.600000000000023,147.04285153721094,-140.61750591382167,0.26606867192112715,0.011626428342331074,False,False
2021-05-26,548.05,0.9993613721375788,0.7233900757869988,1.0,1.0160838011245816,0.0,8.814727206327007,0.34999999999990905,151.59606896493534,-142.78134175860833,0.27660992421300123,0.01608380112458163,False,False
2021-05-27,547.7,1.0,0.7298383368815623,1.0124155559612926,1.0110786990194853,6.7999999999999545,6.067803452972157,0.0,147.96754288996834,-141.89973943699619,0.2701616631184377,0.011078699019485327,False,False
2021-05-28,554.5,0.994409377817854,0.7333890573421947,1.0,1.0065017347215857,0.0,3.605211903119198,3.099999999999909,147.83576770375305,-144.23055580063385,0.26661094265780527,0.006501734721585661,False,True
2021-05-31,551.4,1.0,0.7480423925922526,1.001360174102285,1.0203110968918145,0.75,11.199538826146522,0.0,138.92942472463193,-127.7298858984854,0.2519576074077474,0.02031109689181454,False,False
2021-06-01,552.15,1.0,0.7445289605350005,1.0106855021280452,1.0089998784592975,5.900000000000205,4.969282891301077,0.0,141.05833444059948,-136.0890515492984,0.2554710394649995,0.008999878459297506,False,True
2021-06-02,558.05,1.0,0.7318471944342801,1.0097661499865604,1.0074772701996557,5.4500000000000455,4.172690634917899,0.0,149.64267314594997,-145.46998251103207,0.26815280556571985,0.007477270199655717,False,True
2021-06-03,563.5,1.0,0.731043085369902,1.0,1.0005585404329016,0.0,0.3147375339400469,0.0,151.5572213940602,-151.24248386012016,0.26895691463009797,0.0005585404329015997,False,True
2021-06-04,563.5,0.9947648624667256,0.7295900048632813,1.0,1.005350467515364,0.0,3.0149884449075444,2.950000000000159,152.37603225954098,-149.36104381463343,0.2704099951367187,0.005350467515363944,False,True
2021-06-07,560.55,0.9942021229149942,0.7602564180567305,1.0,1.0117151862406586,0.0,6.566947647201118,3.25,134.3882648582997,-127.82131721109857,0.2397435819432695,0.011715186240658593,False,False
2021-06-08,557.3,0.995962677193612,0.7606471438048275,1.0,1.0135783263801497,0.0,7.567201291657398,2.25,133.39134675756964,-125.82414546591224,0.23935285619517255,0.013578326380149663,False,False
2021-06-09,555.05,0.9995495901270156,0.7672019038558496,1.0,1.0132323372652363,0.0,7.3446087990694195,0.25,129.21458326481064,-121.86997446574122,0.23279809614415037,0.013232337265236316,False,False
2021-06-10,554.8,1.0,0.7647965068898641,1.001892573900505,1.0146831665201606,1.0500000000000682,8.146220785385026,0.0,130.49089797750338,-122.34467719211835,0.23520349311013589,0.014683166520160551,False,False
2021-06-11,555.85,0.999100476747324,0.5796452070648201,1.0,1.0106391455562787,0.0,5.9137690574574435,0.4999999999998863,233.65421165301973,-227.74044259556229,0.42035479293517986,0.01063914555627865,False,False
2021-06-14,555.35,0.9900063023318628,0.7637003167613737,1.0,1.0147192825151161,0.0,8.174353544769701,5.5499999999999545,131.22902908657113,-123.05467554180143,0.23629968323862627,0.014719282515116117,False,False
2021-06-15,549.8,1.0,0.7555576651320721,1.0118224809021463,1.0095178332117698,6.5,5.2329046998310105,0.0,134.39439571038673,-129.16149101055572,0.24444233486792788,0.0095178332117698,False,True
2021-06-16,556.3,1.0,0.8051562185427062,1.0020672299119182,1.014674263885546,1.150000000000091,8.163292999529176,0.0,108.39159562469251,-100.22830262516334,0.19484378145729375,0.014674263885545935,False,False
2021-06-17,557.45,0.9963225401381288,0.8134202540579751,1.0,1.0120507948340078,0.0,6.717715580217714,2.050000000000068,104.00887937538175,-97.29116379516404,0.18657974594202487,0.012050794834007839,False,False
2021-06-18,555.4,1.0,0.8083458474263722,1.0096326971552034,1.0151655512121518,5.350000000000023,8.422947143229067,0.0,106.44471633939287,-98.0217691961638,0.19165415257362783,0.015165551212151795,False,False
2021-06-21,560.75,1.0,0.8025686874936822,1.0279090503789567,1.009886850623032,15.649999999999977,5.544051486865214,0.0,110.7096084879177,-105.16555700105249,0.19743131250631785,0.009886850623032073,False,True
2021-06-22,576.4,1.0,0.7377811812875686,1.0972414989590564,1.0081039333017263,56.05000000000007,4.67110715511501,0.0,151.14292710584544,-146.47181995073043,0.26221881871243136,0.008103933301726318,False,True
2021-06-23,632.45,0.9748596727013992,0.821904881846393,1.0,0.9881362675696141,0.0,7.503217575597546,15.900000000000091,112.63625747624872,-105.13303990065117,0.178095118153607,-0.011863732430385854,False,True
2021-06-24,616.55,0.9969994323250346,0.7892123702709537,1.0,1.0279675473261949,0.0,17.243391303965495,1.849999999999909,129.9611131094435,-112.71772180547799,0.2107876297290463,0.027967547326194886,False,False
2021-06-25,614.7,0.9851960305840248,0.7332723723997265,1.0,1.021246098867563,0.0,13.059976973890912,9.099999999999909,163.9574726858881,-150.89749571199718,0.26672762760027346,0.0212460988675629,False,False
2021-06-28,605.6,1.0,0.7615027509548294,1.0534180977542933,1.0241661002723133,32.35000000000002,14.634990324912906,0.0,144.4339340217553,-129.7989436968424,0.23849724904517056,0.02416610027231325,False,False
2021-06-29,637.95,0.9925542754134336,0.2566725830743293,1.0,0.9880804626382711,0.0,7.604068859914946,4.750000000000114,474.2057256277317,-466.60165676781673,0.7433274169256707,-0.011919537361728905,False,True
2021-06-30,633.2,0.9909191408717624,0.7745975796981607,1.0,1.0096600792475554,0.0,6.116762179552097,5.750000000000114,142.72481253512467,-136.60805035557257,0.22540242030183932,0.009660079247555409,False,True
2021-07-01,627.45,1.0,0.7512232247203379,1.013626583791537,1.016849606727273,8.549999999999955,10.572285741027486,0.0,156.09498764922404,-145.52270190819655,0.24877677527966213,0.01684960672727298,False,False
